INSERT INTO player_contract (id_contract, money, length) VALUES (0, NULL, NULL);
INSERT INTO player (id_player, id_team, id_contract, id_player_stats, name, surname, date_of_birth, nationality, position, height) VALUES (0, 28, 0, 0, 'Precious', 'Achiuwa', '1999-09-19'::DATE, 'Nigeria', 'Center and Power Forward', '6-8');
INSERT INTO contract_year (id_contract_year, id_contract, year, money, option) VALUES (0, 0, '2023-24', 4379527, 'Team Option');
INSERT INTO player_contract (id_contract, money, length) VALUES (1, NULL, NULL);
INSERT INTO player (id_player, id_team, id_contract, id_player_stats, name, surname, date_of_birth, nationality, position, height) VALUES (1, NULL, 1, 1, 'Steven', 'Adams', '1993-07-20'::DATE, 'New Zealand', 'Center', '6-11');
INSERT INTO contract_year (id_contract_year, id_contract, year, money, option) VALUES (1, 1, '2023-24', 12600000, 'No Option');
INSERT INTO contract_year (id_contract_year, id_contract, year, money, option) VALUES (2, 1, '2024-25', 12600000, 'No Option');
INSERT INTO player_contract (id_contract, money, length) VALUES (2, NULL, NULL);
INSERT INTO player (id_player, id_team, id_contract, id_player_stats, name, surname, date_of_birth, nationality, position, height) VALUES (2, 16, 2, 2, 'Bam', 'Adebayo', '1997-07-18'::DATE, 'New Jersey USA', 'Center and Power Forward', '6-9');
INSERT INTO contract_year (id_contract_year, id_contract, year, money, option) VALUES (3, 2, '2023-24', 32600060, 'No Option');
INSERT INTO contract_year (id_contract_year, id_contract, year, money, option) VALUES (4, 2, '2024-25', 34848340, 'No Option');
INSERT INTO contract_year (id_contract_year, id_contract, year, money, option) VALUES (5, 2, '2025-26', 37096620, 'No Option');
INSERT INTO player_contract (id_contract, money, length) VALUES (3, NULL, NULL);
INSERT INTO player (id_player, id_team, id_contract, id_player_stats, name, surname, date_of_birth, nationality, position, height) VALUES (3, 29, 3, 3, 'Ochai', 'Agbaji', '2000-04-20'::DATE, 'Wisconsin USA', 'Shooting Guard', '6-5');
INSERT INTO contract_year (id_contract_year, id_contract, year, money, option) VALUES (6, 3, '2023-24', 4114200, 'No Option');
INSERT INTO contract_year (id_contract_year, id_contract, year, money, option) VALUES (7, 3, '2024-25', 4310280, 'Team Option');
INSERT INTO contract_year (id_contract_year, id_contract, year, money, option) VALUES (8, 3, '2025-26', 6383525, 'Team Option');
INSERT INTO player_contract (id_contract, money, length) VALUES (4, NULL, NULL);
INSERT INTO player (id_player, id_team, id_contract, id_player_stats, name, surname, date_of_birth, nationality, position, height) VALUES (4, 15, 4, 4, 'Santi', 'Aldama', '2001-01-10'::DATE, 'Spain', 'Power Forward', '6-11');
INSERT INTO contract_year (id_contract_year, id_contract, year, money, option) VALUES (9, 4, '2023-24', 2194200, 'Team Option');
INSERT INTO contract_year (id_contract_year, id_contract, year, money, option) VALUES (10, 4, '2024-25', 3960531, 'Team Option');
INSERT INTO player_contract (id_contract, money, length) VALUES (5, NULL, NULL);
INSERT INTO player (id_player, id_team, id_contract, id_player_stats, name, surname, date_of_birth, nationality, position, height) VALUES (5, NULL, 5, 5, 'Ty-Shon', 'Alexander', '1998-07-16'::DATE, 'North Carolina USA', 'Shooting Guard', '6-3');
INSERT INTO player_contract (id_contract, money, length) VALUES (6, NULL, NULL);
INSERT INTO player (id_player, id_team, id_contract, id_player_stats, name, surname, date_of_birth, nationality, position, height) VALUES (6, 18, 6, 6, 'Nickeil', 'Alexander-Walker', '1998-09-02'::DATE, 'Canada', 'Shooting Guard', '6-5');
INSERT INTO contract_year (id_contract_year, id_contract, year, money, option) VALUES (11, 6, '2023-24', 4687500, 'No Option');
INSERT INTO contract_year (id_contract_year, id_contract, year, money, option) VALUES (12, 6, '2024-25', 4312500, 'No Option');
INSERT INTO player_contract (id_contract, money, length) VALUES (7, NULL, NULL);
INSERT INTO player (id_player, id_team, id_contract, id_player_stats, name, surname, date_of_birth, nationality, position, height) VALUES (7, NULL, 7, 7, 'Rawle', 'Alkins', '1997-10-29'::DATE, 'New York USA', 'Shooting Guard', '6-5');
INSERT INTO player_contract (id_contract, money, length) VALUES (8, NULL, NULL);
INSERT INTO player (id_player, id_team, id_contract, id_player_stats, name, surname, date_of_birth, nationality, position, height) VALUES (8, 24, 8, 8, 'Grayson', 'Allen', '1995-10-08'::DATE, 'Florida USA', 'Shooting Guard', '6-4');
INSERT INTO contract_year (id_contract_year, id_contract, year, money, option) VALUES (13, 8, '2023-24', 8925000, 'No Option');
INSERT INTO player_contract (id_contract, money, length) VALUES (9, NULL, NULL);
INSERT INTO player (id_player, id_team, id_contract, id_player_stats, name, surname, date_of_birth, nationality, position, height) VALUES (9, 6, 9, 9, 'Jarrett', 'Allen', '1998-04-21'::DATE, 'California USA', 'Center', '6-11');
INSERT INTO contract_year (id_contract_year, id_contract, year, money, option) VALUES (14, 9, '2023-24', 20000000, 'No Option');
INSERT INTO contract_year (id_contract_year, id_contract, year, money, option) VALUES (15, 9, '2024-25', 20000000, 'No Option');
INSERT INTO contract_year (id_contract_year, id_contract, year, money, option) VALUES (16, 9, '2025-26', 20000000, 'No Option');
INSERT INTO player_contract (id_contract, money, length) VALUES (10, NULL, NULL);
INSERT INTO player (id_player, id_team, id_contract, id_player_stats, name, surname, date_of_birth, nationality, position, height) VALUES (10, 19, 10, 10, 'Jose', 'Alvarado', '1998-04-12'::DATE, 'New York USA', 'Point Guard', '6-0');
INSERT INTO contract_year (id_contract_year, id_contract, year, money, option) VALUES (17, 10, '2023-24', 1836096, 'No Option');
INSERT INTO contract_year (id_contract_year, id_contract, year, money, option) VALUES (18, 10, '2024-25', 1988598, 'Team Option');
INSERT INTO player_contract (id_contract, money, length) VALUES (11, NULL, NULL);
INSERT INTO player (id_player, id_team, id_contract, id_player_stats, name, surname, date_of_birth, nationality, position, height) VALUES (11, NULL, 11, 11, 'Justin', 'Anderson', '1993-11-19'::DATE, 'Virginia USA', 'Small Forward and Shooting Guard', '6-6');
INSERT INTO player_contract (id_contract, money, length) VALUES (12, NULL, NULL);
INSERT INTO player (id_player, id_team, id_contract, id_player_stats, name, surname, date_of_birth, nationality, position, height) VALUES (12, NULL, 12, 12, 'Kyle', 'Anderson', '1993-09-20'::DATE, 'New York USA', 'Small Forward and Power Forward', '6-9');
INSERT INTO contract_year (id_contract_year, id_contract, year, money, option) VALUES (19, 12, '2023-24', 9219512, 'No Option');
INSERT INTO player_contract (id_contract, money, length) VALUES (13, NULL, NULL);
INSERT INTO player (id_player, id_team, id_contract, id_player_stats, name, surname, date_of_birth, nationality, position, height) VALUES (13, NULL, 13, 13, 'Giannis', 'Antetokounmpo', '1994-12-06'::DATE, 'Greece', 'Power Forward, Small Forward, Point Guard, and Shooting Guard', '6-11');
INSERT INTO contract_year (id_contract_year, id_contract, year, money, option) VALUES (20, 13, '2023-24', 45640084, 'No Option');
INSERT INTO contract_year (id_contract_year, id_contract, year, money, option) VALUES (21, 13, '2024-25', 48787676, 'No Option');
INSERT INTO contract_year (id_contract_year, id_contract, year, money, option) VALUES (22, 13, '2025-26', 68302746, 'No Option');
INSERT INTO contract_year (id_contract_year, id_contract, year, money, option) VALUES (23, 13, '2026-27', 73766966, 'No Option');
INSERT INTO contract_year (id_contract_year, id_contract, year, money, option) VALUES (24, 13, '2027-28', 79231186, 'Player Option');
INSERT INTO player_contract (id_contract, money, length) VALUES (14, NULL, NULL);
INSERT INTO player (id_player, id_team, id_contract, id_player_stats, name, surname, date_of_birth, nationality, position, height) VALUES (14, NULL, 14, 14, 'Kostas', 'Antetokounmpo', '1997-11-20'::DATE, 'Greece', 'Power Forward and Small Forward', '6-10');
INSERT INTO player_contract (id_contract, money, length) VALUES (15, NULL, NULL);
INSERT INTO player (id_player, id_team, id_contract, id_player_stats, name, surname, date_of_birth, nationality, position, height) VALUES (15, 17, 15, 15, 'Thanasis', 'Antetokounmpo', '1992-07-18'::DATE, 'Greece', 'Small Forward and Power Forward', '6-7');
INSERT INTO contract_year (id_contract_year, id_contract, year, money, option) VALUES (25, 15, '2023-24', 2019706, 'No Option');
INSERT INTO player_contract (id_contract, money, length) VALUES (16, NULL, NULL);
INSERT INTO player (id_player, id_team, id_contract, id_player_stats, name, surname, date_of_birth, nationality, position, height) VALUES (16, 22, 16, 16, 'Cole', 'Anthony', '2000-05-15'::DATE, 'Oregon USA', 'Point Guard', '6-2');
INSERT INTO contract_year (id_contract_year, id_contract, year, money, option) VALUES (26, 16, '2023-24', 5539771, 'Team Option');
INSERT INTO contract_year (id_contract_year, id_contract, year, money, option) VALUES (27, 16, '2024-25', 12900000, 'No Option');
INSERT INTO contract_year (id_contract_year, id_contract, year, money, option) VALUES (28, 16, '2025-26', 13100000, 'No Option');
INSERT INTO contract_year (id_contract_year, id_contract, year, money, option) VALUES (29, 16, '2026-27', 13100000, 'Team Option');
INSERT INTO player_contract (id_contract, money, length) VALUES (17, NULL, NULL);
INSERT INTO player (id_player, id_team, id_contract, id_player_stats, name, surname, date_of_birth, nationality, position, height) VALUES (17, NULL, 17, 17, 'OG', 'Anunoby', '1997-07-17'::DATE, 'United Kingdom', 'Small Forward', '6-7');
INSERT INTO contract_year (id_contract_year, id_contract, year, money, option) VALUES (30, 17, '2023-24', 18642857, 'No Option');
INSERT INTO contract_year (id_contract_year, id_contract, year, money, option) VALUES (31, 17, '2024-25', 19928571, 'Player Option');
INSERT INTO player_contract (id_contract, money, length) VALUES (18, NULL, NULL);
INSERT INTO player (id_player, id_team, id_contract, id_player_stats, name, surname, date_of_birth, nationality, position, height) VALUES (18, 20, 18, 18, 'Ryan', 'Arcidiacono', '1994-03-26'::DATE, 'Pennsylvania USA', 'Point Guard', '6-3');
INSERT INTO contract_year (id_contract_year, id_contract, year, money, option) VALUES (32, 18, '2023-24', 2019706, 'No Option');
INSERT INTO player_contract (id_contract, money, length) VALUES (19, NULL, NULL);
INSERT INTO player (id_player, id_team, id_contract, id_player_stats, name, surname, date_of_birth, nationality, position, height) VALUES (19, NULL, 19, 19, 'Trevor', 'Ariza', '1985-06-30'::DATE, 'Florida USA', 'Small Forward and Shooting Guard', '6-8');
INSERT INTO player_contract (id_contract, money, length) VALUES (20, NULL, NULL);
INSERT INTO player (id_player, id_team, id_contract, id_player_stats, name, surname, date_of_birth, nationality, position, height) VALUES (20, NULL, 20, 20, 'Deni', 'Avdija', '2001-01-03'::DATE, 'Israel', 'Small Forward', '6-9');
INSERT INTO contract_year (id_contract_year, id_contract, year, money, option) VALUES (33, 20, '2023-24', 6263188, 'Team Option');
INSERT INTO contract_year (id_contract_year, id_contract, year, money, option) VALUES (34, 20, '2024-25', 15625000, 'No Option');
INSERT INTO contract_year (id_contract_year, id_contract, year, money, option) VALUES (35, 20, '2025-26', 14375000, 'No Option');
INSERT INTO contract_year (id_contract_year, id_contract, year, money, option) VALUES (36, 20, '2026-27', 13125000, 'No Option');
INSERT INTO contract_year (id_contract_year, id_contract, year, money, option) VALUES (37, 20, '2027-28', 11875000, 'No Option');
INSERT INTO player_contract (id_contract, money, length) VALUES (21, NULL, NULL);
INSERT INTO player (id_player, id_team, id_contract, id_player_stats, name, surname, date_of_birth, nationality, position, height) VALUES (21, NULL, 21, 21, 'Joel', 'Ayayi', '2000-03-05'::DATE, 'France', 'Shooting Guard', '6-5');
INSERT INTO player_contract (id_contract, money, length) VALUES (22, NULL, NULL);
INSERT INTO player (id_player, id_team, id_contract, id_player_stats, name, surname, date_of_birth, nationality, position, height) VALUES (22, 25, 22, 22, 'Deandre', 'Ayton', '1998-07-23'::DATE, 'Bahamas', 'Center', '7-0');
INSERT INTO contract_year (id_contract_year, id_contract, year, money, option) VALUES (38, 22, '2023-24', 32459438, 'No Option');
INSERT INTO contract_year (id_contract_year, id_contract, year, money, option) VALUES (39, 22, '2024-25', 34005126, 'No Option');
INSERT INTO contract_year (id_contract_year, id_contract, year, money, option) VALUES (40, 22, '2025-26', 35550814, 'No Option');
INSERT INTO player_contract (id_contract, money, length) VALUES (23, NULL, NULL);
INSERT INTO player (id_player, id_team, id_contract, id_player_stats, name, surname, date_of_birth, nationality, position, height) VALUES (23, 24, 23, 23, 'Udoka', 'Azubuike', '1999-09-17'::DATE, 'Nigeria', 'Center', '6-10');
INSERT INTO player_contract (id_contract, money, length) VALUES (24, NULL, NULL);
INSERT INTO player (id_player, id_team, id_contract, id_player_stats, name, surname, date_of_birth, nationality, position, height) VALUES (24, 9, 24, 24, 'Marvin', 'Bagley III', '1999-03-14'::DATE, 'Arizona USA', 'Power Forward and Center', '6-10');
INSERT INTO contract_year (id_contract_year, id_contract, year, money, option) VALUES (41, 24, '2023-24', 12500000, 'No Option');
INSERT INTO contract_year (id_contract_year, id_contract, year, money, option) VALUES (42, 24, '2024-25', 12500000, 'No Option');
INSERT INTO player_contract (id_contract, money, length) VALUES (25, NULL, NULL);
INSERT INTO player (id_player, id_team, id_contract, id_player_stats, name, surname, date_of_birth, nationality, position, height) VALUES (25, 4, 25, 25, 'Amari', 'Bailey', '2004-02-17'::DATE, 'Louisiana USA', 'Point Guard', '6-5');
INSERT INTO player_contract (id_contract, money, length) VALUES (26, NULL, NULL);
INSERT INTO player (id_player, id_team, id_contract, id_player_stats, name, surname, date_of_birth, nationality, position, height) VALUES (26, 30, 26, 26, 'Patrick', 'Baldwin Jr.', '2002-11-18'::DATE, 'Wisconsin USA', 'Small Forward', '6-9');
INSERT INTO contract_year (id_contract_year, id_contract, year, money, option) VALUES (43, 26, '2023-24', 2337720, 'No Option');
INSERT INTO contract_year (id_contract_year, id_contract, year, money, option) VALUES (44, 26, '2024-25', 2448840, 'Team Option');
INSERT INTO contract_year (id_contract_year, id_contract, year, money, option) VALUES (45, 26, '2025-26', 4420156, 'Team Option');
INSERT INTO player_contract (id_contract, money, length) VALUES (27, NULL, NULL);
INSERT INTO player (id_player, id_team, id_contract, id_player_stats, name, surname, date_of_birth, nationality, position, height) VALUES (27, NULL, 27, 27, 'LaMelo', 'Ball', '2001-08-22'::DATE, 'California USA', 'Point Guard', '6-7');
INSERT INTO contract_year (id_contract_year, id_contract, year, money, option) VALUES (46, 27, '2023-24', 10900635, 'Team Option');
INSERT INTO contract_year (id_contract_year, id_contract, year, money, option) VALUES (47, 27, '2024-25', 35500000, 'No Option');
INSERT INTO contract_year (id_contract_year, id_contract, year, money, option) VALUES (48, 27, '2025-26', 38340000, 'No Option');
INSERT INTO contract_year (id_contract_year, id_contract, year, money, option) VALUES (49, 27, '2026-27', 41180000, 'No Option');
INSERT INTO contract_year (id_contract_year, id_contract, year, money, option) VALUES (50, 27, '2027-28', 44020000, 'No Option');
INSERT INTO contract_year (id_contract_year, id_contract, year, money, option) VALUES (51, 27, '2028-29', 46860000, 'No Option');
INSERT INTO player_contract (id_contract, money, length) VALUES (28, NULL, NULL);
INSERT INTO player (id_player, id_team, id_contract, id_player_stats, name, surname, date_of_birth, nationality, position, height) VALUES (28, NULL, 28, 28, 'Lonzo', 'Ball', '1997-10-27'::DATE, 'California USA', 'Point Guard', '6-6');
INSERT INTO contract_year (id_contract_year, id_contract, year, money, option) VALUES (52, 28, '2023-24', 20465117, 'No Option');
INSERT INTO contract_year (id_contract_year, id_contract, year, money, option) VALUES (53, 28, '2024-25', 21395348, 'Player Option');
INSERT INTO player_contract (id_contract, money, length) VALUES (29, NULL, NULL);
INSERT INTO player (id_player, id_team, id_contract, id_player_stats, name, surname, date_of_birth, nationality, position, height) VALUES (29, 23, 29, 29, 'Mo', 'Bamba', '1998-05-12'::DATE, 'New York USA', 'Center', '7-0');
INSERT INTO contract_year (id_contract_year, id_contract, year, money, option) VALUES (54, 29, '2023-24', 2019706, 'No Option');
INSERT INTO player_contract (id_contract, money, length) VALUES (30, NULL, NULL);
INSERT INTO player (id_player, id_team, id_contract, id_player_stats, name, surname, date_of_birth, nationality, position, height) VALUES (30, 22, 30, 30, 'Paolo', 'Banchero', '2002-11-12'::DATE, 'Washington USA', 'Power Forward', '6-10');
INSERT INTO contract_year (id_contract_year, id_contract, year, money, option) VALUES (55, 30, '2023-24', 11608080, 'No Option');
INSERT INTO contract_year (id_contract_year, id_contract, year, money, option) VALUES (56, 30, '2024-25', 12160800, 'Team Option');
INSERT INTO contract_year (id_contract_year, id_contract, year, money, option) VALUES (57, 30, '2025-26', 15334769, 'Team Option');
INSERT INTO player_contract (id_contract, money, length) VALUES (31, NULL, NULL);
INSERT INTO player (id_player, id_team, id_contract, id_player_stats, name, surname, date_of_birth, nationality, position, height) VALUES (31, 15, 31, 31, 'Desmond', 'Bane', '1998-06-25'::DATE, 'Indiana USA', 'Shooting Guard', '6-5');
INSERT INTO contract_year (id_contract_year, id_contract, year, money, option) VALUES (58, 31, '2023-24', 3845083, 'Team Option');
INSERT INTO contract_year (id_contract_year, id_contract, year, money, option) VALUES (59, 31, '2024-25', 34005250, 'No Option');
INSERT INTO contract_year (id_contract_year, id_contract, year, money, option) VALUES (60, 31, '2025-26', 36725670, 'No Option');
INSERT INTO contract_year (id_contract_year, id_contract, year, money, option) VALUES (61, 31, '2026-27', 39446090, 'No Option');
INSERT INTO contract_year (id_contract_year, id_contract, year, money, option) VALUES (62, 31, '2027-28', 42166510, 'No Option');
INSERT INTO contract_year (id_contract_year, id_contract, year, money, option) VALUES (63, 31, '2028-29', 44886930, 'No Option');
INSERT INTO player_contract (id_contract, money, length) VALUES (32, NULL, NULL);
INSERT INTO player (id_player, id_team, id_contract, id_player_stats, name, surname, date_of_birth, nationality, position, height) VALUES (32, 2, 32, 32, 'Dalano', 'Banton', '1999-11-07'::DATE, 'Canada', 'Point Guard', '6-9');
INSERT INTO contract_year (id_contract_year, id_contract, year, money, option) VALUES (64, 32, '2023-24', 2019706, 'No Option');
INSERT INTO contract_year (id_contract_year, id_contract, year, money, option) VALUES (65, 32, '2024-25', 2196970, 'No Option');
INSERT INTO player_contract (id_contract, money, length) VALUES (33, NULL, NULL);
INSERT INTO player (id_player, id_team, id_contract, id_player_stats, name, surname, date_of_birth, nationality, position, height) VALUES (33, NULL, 33, 33, 'Cat', 'Barber', '1994-07-25'::DATE, 'Virginia USA', 'Point Guard', '6-2');
INSERT INTO player_contract (id_contract, money, length) VALUES (34, NULL, NULL);
INSERT INTO player (id_player, id_team, id_contract, id_player_stats, name, surname, date_of_birth, nationality, position, height) VALUES (34, 27, 34, 34, 'Dominick', 'Barlow', '2003-05-26'::DATE, 'New Jersey USA', 'Power Forward', '6-9');
INSERT INTO player_contract (id_contract, money, length) VALUES (35, NULL, NULL);
INSERT INTO player (id_player, id_team, id_contract, id_player_stats, name, surname, date_of_birth, nationality, position, height) VALUES (35, 26, 35, 35, 'Harrison', 'Barnes', '1992-05-30'::DATE, 'Iowa USA', 'Power Forward and Small Forward', '6-8');
INSERT INTO contract_year (id_contract_year, id_contract, year, money, option) VALUES (66, 35, '2023-24', 17000000, 'No Option');
INSERT INTO contract_year (id_contract_year, id_contract, year, money, option) VALUES (67, 35, '2024-25', 18000000, 'No Option');
INSERT INTO contract_year (id_contract_year, id_contract, year, money, option) VALUES (68, 35, '2025-26', 19000000, 'No Option');
INSERT INTO player_contract (id_contract, money, length) VALUES (36, NULL, NULL);
INSERT INTO player (id_player, id_team, id_contract, id_player_stats, name, surname, date_of_birth, nationality, position, height) VALUES (36, 28, 36, 36, 'Scottie', 'Barnes', '2001-08-01'::DATE, 'Florida USA', 'Shooting Guard, Small Forward, and Power Forward', '6-7');
INSERT INTO contract_year (id_contract_year, id_contract, year, money, option) VALUES (69, 36, '2023-24', 8008680, 'Team Option');
INSERT INTO contract_year (id_contract_year, id_contract, year, money, option) VALUES (70, 36, '2024-25', 10130980, 'Team Option');
INSERT INTO player_contract (id_contract, money, length) VALUES (37, NULL, NULL);
INSERT INTO player (id_player, id_team, id_contract, id_player_stats, name, surname, date_of_birth, nationality, position, height) VALUES (37, 20, 37, 37, 'RJ', 'Barrett', '2000-06-14'::DATE, 'Canada', 'Shooting Guard and Small Forward', '6-6');
INSERT INTO contract_year (id_contract_year, id_contract, year, money, option) VALUES (71, 37, '2023-24', 23883929, 'No Option');
INSERT INTO contract_year (id_contract_year, id_contract, year, money, option) VALUES (72, 37, '2024-25', 25794643, 'No Option');
INSERT INTO contract_year (id_contract_year, id_contract, year, money, option) VALUES (73, 37, '2025-26', 27705357, 'No Option');
INSERT INTO contract_year (id_contract_year, id_contract, year, money, option) VALUES (74, 37, '2026-27', 29616071, 'No Option');
INSERT INTO player_contract (id_contract, money, length) VALUES (38, NULL, NULL);
INSERT INTO player (id_player, id_team, id_contract, id_player_stats, name, surname, date_of_birth, nationality, position, height) VALUES (38, NULL, 38, 38, 'Will', 'Barton', '1991-01-06'::DATE, 'Maryland USA', 'Shooting Guard and Small Forward', '6-5');
INSERT INTO player_contract (id_contract, money, length) VALUES (39, NULL, NULL);
INSERT INTO player (id_player, id_team, id_contract, id_player_stats, name, surname, date_of_birth, nationality, position, height) VALUES (39, NULL, 39, 39, 'Paris', 'Bass', '1995-08-29'::DATE, 'Michigan USA', 'Small Forward', '6-8');
INSERT INTO player_contract (id_contract, money, length) VALUES (40, NULL, NULL);
INSERT INTO player (id_player, id_team, id_contract, id_player_stats, name, surname, date_of_birth, nationality, position, height) VALUES (40, 27, 40, 40, 'Charles', 'Bassey', '2000-10-28'::DATE, 'Nigeria', 'Center', '6-10');
INSERT INTO contract_year (id_contract_year, id_contract, year, money, option) VALUES (75, 40, '2023-24', 2600000, 'No Option');
INSERT INTO contract_year (id_contract_year, id_contract, year, money, option) VALUES (76, 40, '2024-25', 2500000, 'No Option');
INSERT INTO contract_year (id_contract_year, id_contract, year, money, option) VALUES (77, 40, '2025-26', 2500000, 'No Option');
INSERT INTO player_contract (id_contract, money, length) VALUES (41, NULL, NULL);
INSERT INTO player (id_player, id_team, id_contract, id_player_stats, name, surname, date_of_birth, nationality, position, height) VALUES (41, 6, 41, 41, 'Emoni', 'Bates', '2004-01-28'::DATE, 'Michigan USA', 'Small Forward', '6-10');
INSERT INTO player_contract (id_contract, money, length) VALUES (42, NULL, NULL);
INSERT INTO player (id_player, id_team, id_contract, id_player_stats, name, surname, date_of_birth, nationality, position, height) VALUES (42, 24, 42, 42, 'Keita', 'Bates-Diop', '1996-01-23'::DATE, 'Illinois USA', 'Small Forward and Power Forward', '6-8');
INSERT INTO contract_year (id_contract_year, id_contract, year, money, option) VALUES (78, 42, '2023-24', 2346614, 'No Option');
INSERT INTO contract_year (id_contract_year, id_contract, year, money, option) VALUES (79, 42, '2024-25', 2654644, 'No Option');
INSERT INTO player_contract (id_contract, money, length) VALUES (43, NULL, NULL);
INSERT INTO player (id_player, id_team, id_contract, id_player_stats, name, surname, date_of_birth, nationality, position, height) VALUES (43, 23, 43, 43, 'Nicolas', 'Batum', '1988-12-14'::DATE, 'France', 'Small Forward, Power Forward, and Shooting Guard', '6-8');
INSERT INTO contract_year (id_contract_year, id_contract, year, money, option) VALUES (80, 43, '2023-24', 11710818, 'No Option');
INSERT INTO player_contract (id_contract, money, length) VALUES (44, NULL, NULL);
INSERT INTO player (id_player, id_team, id_contract, id_player_stats, name, surname, date_of_birth, nationality, position, height) VALUES (44, NULL, 44, 44, 'Kent', 'Bazemore', '1989-07-01'::DATE, 'North Carolina USA', 'Shooting Guard and Small Forward', '6-4');
INSERT INTO player_contract (id_contract, money, length) VALUES (45, NULL, NULL);
INSERT INTO player (id_player, id_team, id_contract, id_player_stats, name, surname, date_of_birth, nationality, position, height) VALUES (45, NULL, 45, 45, 'Darius', 'Bazley', '2000-06-12'::DATE, 'Massachusetts USA', 'Center and Power Forward', '6-8');
INSERT INTO player_contract (id_contract, money, length) VALUES (46, NULL, NULL);
INSERT INTO player (id_player, id_team, id_contract, id_player_stats, name, surname, date_of_birth, nationality, position, height) VALUES (46, 24, 46, 46, 'Bradley', 'Beal', '1993-06-28'::DATE, 'Missouri USA', 'Shooting Guard', '6-4');
INSERT INTO contract_year (id_contract_year, id_contract, year, money, option) VALUES (81, 46, '2023-24', 46741590, 'No Option');
INSERT INTO contract_year (id_contract_year, id_contract, year, money, option) VALUES (82, 46, '2024-25', 50203930, 'No Option');
INSERT INTO contract_year (id_contract_year, id_contract, year, money, option) VALUES (83, 46, '2025-26', 53666270, 'No Option');
INSERT INTO contract_year (id_contract_year, id_contract, year, money, option) VALUES (84, 46, '2026-27', 57128610, 'Player Option');
INSERT INTO player_contract (id_contract, money, length) VALUES (47, NULL, NULL);
INSERT INTO player (id_player, id_team, id_contract, id_player_stats, name, surname, date_of_birth, nationality, position, height) VALUES (47, 17, 47, 47, 'Malik', 'Beasley', '1996-11-26'::DATE, 'Georgia USA', 'Shooting Guard', '6-4');
INSERT INTO contract_year (id_contract_year, id_contract, year, money, option) VALUES (85, 47, '2023-24', 2019706, 'No Option');
INSERT INTO player_contract (id_contract, money, length) VALUES (48, NULL, NULL);
INSERT INTO player (id_player, id_team, id_contract, id_player_stats, name, surname, date_of_birth, nationality, position, height) VALUES (48, NULL, 48, 48, 'MarJon', 'Beauchamp', '2000-10-12'::DATE, 'Washington USA', 'Small Forward', '6-6');
INSERT INTO contract_year (id_contract_year, id_contract, year, money, option) VALUES (86, 48, '2023-24', 2609400, 'No Option');
INSERT INTO contract_year (id_contract_year, id_contract, year, money, option) VALUES (87, 48, '2024-25', 2733720, 'Team Option');
INSERT INTO contract_year (id_contract_year, id_contract, year, money, option) VALUES (88, 48, '2025-26', 4781276, 'Team Option');
INSERT INTO player_contract (id_contract, money, length) VALUES (49, NULL, NULL);
INSERT INTO player (id_player, id_team, id_contract, id_player_stats, name, surname, date_of_birth, nationality, position, height) VALUES (49, NULL, 49, 49, 'Jordan', 'Bell', '1995-01-07'::DATE, 'California USA', 'Center', '6-8');
INSERT INTO player_contract (id_contract, money, length) VALUES (50, NULL, NULL);
INSERT INTO player (id_player, id_team, id_contract, id_player_stats, name, surname, date_of_birth, nationality, position, height) VALUES (50, NULL, 50, 50, 'DeAndre', 'Bembry', '1994-07-04'::DATE, 'North Carolina USA', 'Small Forward and Shooting Guard', '6-5');
INSERT INTO player_contract (id_contract, money, length) VALUES (51, NULL, NULL);
INSERT INTO player (id_player, id_team, id_contract, id_player_stats, name, surname, date_of_birth, nationality, position, height) VALUES (51, 21, 51, 51, 'Dāvis', 'Bertāns', '1992-11-12'::DATE, 'Latvia', 'Power Forward', '6-10');
INSERT INTO contract_year (id_contract_year, id_contract, year, money, option) VALUES (89, 51, '2023-24', 17000000, 'No Option');
INSERT INTO contract_year (id_contract_year, id_contract, year, money, option) VALUES (90, 51, '2024-25', 16000000, 'No Option');
INSERT INTO player_contract (id_contract, money, length) VALUES (52, NULL, NULL);
INSERT INTO player (id_player, id_team, id_contract, id_player_stats, name, surname, date_of_birth, nationality, position, height) VALUES (52, 23, 52, 52, 'Patrick', 'Beverley', '1988-07-12'::DATE, 'Illinois USA', 'Point Guard and Shooting Guard', '6-2');
INSERT INTO contract_year (id_contract_year, id_contract, year, money, option) VALUES (91, 52, '2023-24', 2019706, 'No Option');
INSERT INTO player_contract (id_contract, money, length) VALUES (53, NULL, NULL);
INSERT INTO player (id_player, id_team, id_contract, id_player_stats, name, surname, date_of_birth, nationality, position, height) VALUES (53, 1, 53, 53, 'Saddiq', 'Bey', '1999-04-09'::DATE, 'North Carolina USA', 'Small Forward', '6-7');
INSERT INTO contract_year (id_contract_year, id_contract, year, money, option) VALUES (92, 53, '2023-24', 4556983, 'Team Option');
INSERT INTO player_contract (id_contract, money, length) VALUES (54, NULL, NULL);
INSERT INTO player (id_player, id_team, id_contract, id_player_stats, name, surname, date_of_birth, nationality, position, height) VALUES (54, NULL, 54, 54, 'Tyler', 'Bey', '1998-02-10'::DATE, 'Nevada USA', 'Small Forward', '6-7');
INSERT INTO player_contract (id_contract, money, length) VALUES (55, NULL, NULL);
INSERT INTO player (id_player, id_team, id_contract, id_player_stats, name, surname, date_of_birth, nationality, position, height) VALUES (55, NULL, 55, 55, 'Khem', 'Birch', '1992-09-28'::DATE, 'Canada', 'Center', '6-9');
INSERT INTO contract_year (id_contract_year, id_contract, year, money, option) VALUES (93, 55, '2023-24', 6985000, 'No Option');
INSERT INTO player_contract (id_contract, money, length) VALUES (56, NULL, NULL);
INSERT INTO player (id_player, id_team, id_contract, id_player_stats, name, surname, date_of_birth, nationality, position, height) VALUES (56, 22, 56, 56, 'Goga', 'Bitadze', '1999-07-20'::DATE, 'Georgia USA', 'Center', '6-11');
INSERT INTO contract_year (id_contract_year, id_contract, year, money, option) VALUES (94, 56, '2023-24', 2066585, 'Team Option');
INSERT INTO player_contract (id_contract, money, length) VALUES (57, NULL, NULL);
INSERT INTO player (id_player, id_team, id_contract, id_player_stats, name, surname, date_of_birth, nationality, position, height) VALUES (57, 5, 57, 57, 'Onuralp', 'Bitim', '1999-03-31'::DATE, 'Turkey', 'Shooting Guard', '6-6');
INSERT INTO player_contract (id_contract, money, length) VALUES (58, NULL, NULL);
INSERT INTO player (id_player, id_team, id_contract, id_player_stats, name, surname, date_of_birth, nationality, position, height) VALUES (58, 15, 58, 58, 'Bismack', 'Biyombo', '1992-08-28'::DATE, 'Democratic Republic of the Congo', 'Center', '6-8');
INSERT INTO contract_year (id_contract_year, id_contract, year, money, option) VALUES (95, 58, '2023-24', 5000000, 'No Option');
INSERT INTO player_contract (id_contract, money, length) VALUES (59, NULL, NULL);
INSERT INTO player (id_player, id_team, id_contract, id_player_stats, name, surname, date_of_birth, nationality, position, height) VALUES (59, 22, 59, 59, 'Anthony', 'Black', '2004-01-20'::DATE, 'Texas USA', 'Point Guard', '6-7');
INSERT INTO contract_year (id_contract_year, id_contract, year, money, option) VALUES (96, 59, '2023-24', 7245480, 'No Option');
INSERT INTO contract_year (id_contract_year, id_contract, year, money, option) VALUES (97, 59, '2024-25', 7607760, 'No Option');
INSERT INTO contract_year (id_contract_year, id_contract, year, money, option) VALUES (98, 59, '2025-26', 7970280, 'Team Option');
INSERT INTO contract_year (id_contract_year, id_contract, year, money, option) VALUES (99, 59, '2026-27', 10106316, 'Team Option');
INSERT INTO player_contract (id_contract, money, length) VALUES (60, NULL, NULL);
INSERT INTO player (id_player, id_team, id_contract, id_player_stats, name, surname, date_of_birth, nationality, position, height) VALUES (60, 4, 60, 60, 'Leaky', 'Black', '1999-06-14'::DATE, 'North Carolina USA', 'Small Forward', '6-9');
INSERT INTO player_contract (id_contract, money, length) VALUES (61, NULL, NULL);
INSERT INTO player (id_player, id_team, id_contract, id_player_stats, name, surname, date_of_birth, nationality, position, height) VALUES (61, NULL, 61, 61, 'Buddy', 'Boeheim', '1999-11-11'::DATE, 'New York USA', 'Small Forward', '6-6');
INSERT INTO player_contract (id_contract, money, length) VALUES (62, NULL, NULL);
INSERT INTO player (id_player, id_team, id_contract, id_player_stats, name, surname, date_of_birth, nationality, position, height) VALUES (62, 1, 62, 62, 'Bogdan', 'Bogdanović', '1992-08-18'::DATE, 'Serbia', 'Shooting Guard', '6-5');
INSERT INTO contract_year (id_contract_year, id_contract, year, money, option) VALUES (100, 62, '2023-24', 18700000, 'No Option');
INSERT INTO contract_year (id_contract_year, id_contract, year, money, option) VALUES (101, 62, '2024-25', 17260000, 'No Option');
INSERT INTO contract_year (id_contract_year, id_contract, year, money, option) VALUES (102, 62, '2025-26', 16020000, 'No Option');
INSERT INTO contract_year (id_contract_year, id_contract, year, money, option) VALUES (103, 62, '2026-27', 16020000, 'Team Option');
INSERT INTO player_contract (id_contract, money, length) VALUES (63, NULL, NULL);
INSERT INTO player (id_player, id_team, id_contract, id_player_stats, name, surname, date_of_birth, nationality, position, height) VALUES (63, 9, 63, 63, 'Bojan', 'Bogdanović', '1989-04-18'::DATE, 'Bosnia and Herzegovina', 'Small Forward and Power Forward', '6-7');
INSERT INTO contract_year (id_contract_year, id_contract, year, money, option) VALUES (104, 63, '2023-24', 20000000, 'No Option');
INSERT INTO contract_year (id_contract_year, id_contract, year, money, option) VALUES (105, 63, '2024-25', 19032850, 'No Option');
INSERT INTO player_contract (id_contract, money, length) VALUES (64, NULL, NULL);
INSERT INTO player (id_player, id_team, id_contract, id_player_stats, name, surname, date_of_birth, nationality, position, height) VALUES (64, 24, 64, 64, 'Bol', 'Bol', '1999-11-16'::DATE, 'Sudan', 'Power Forward', '7-3');
INSERT INTO contract_year (id_contract_year, id_contract, year, money, option) VALUES (106, 64, '2023-24', 2019706, 'No Option');
INSERT INTO player_contract (id_contract, money, length) VALUES (65, NULL, NULL);
INSERT INTO player (id_player, id_team, id_contract, id_player_stats, name, surname, date_of_birth, nationality, position, height) VALUES (65, 17, 65, 65, 'Marques', 'Bolden', '1998-04-17'::DATE, 'Texas USA', 'Center', '6-10');
INSERT INTO player_contract (id_contract, money, length) VALUES (66, NULL, NULL);
INSERT INTO player (id_player, id_team, id_contract, id_player_stats, name, surname, date_of_birth, nationality, position, height) VALUES (66, NULL, 66, 66, 'Leandro', 'Bolmaro', '2000-09-11'::DATE, 'Argentina', 'Small Forward and Shooting Guard', '6-6');
INSERT INTO player_contract (id_contract, money, length) VALUES (67, NULL, NULL);
INSERT INTO player (id_player, id_team, id_contract, id_player_stats, name, surname, date_of_birth, nationality, position, height) VALUES (67, NULL, 67, 67, 'Jordan', 'Bone', '1997-11-05'::DATE, 'Tennessee USA', 'Point Guard', '6-2');
INSERT INTO player_contract (id_contract, money, length) VALUES (68, NULL, NULL);
INSERT INTO player (id_player, id_team, id_contract, id_player_stats, name, surname, date_of_birth, nationality, position, height) VALUES (68, 24, 68, 68, 'Devin', 'Booker', '1996-10-30'::DATE, 'Michigan USA', 'Shooting Guard', '6-6');
INSERT INTO contract_year (id_contract_year, id_contract, year, money, option) VALUES (107, 68, '2023-24', 36016200, 'No Option');
INSERT INTO contract_year (id_contract_year, id_contract, year, money, option) VALUES (108, 68, '2024-25', 49700000, 'No Option');
INSERT INTO contract_year (id_contract_year, id_contract, year, money, option) VALUES (109, 68, '2025-26', 53676000, 'No Option');
INSERT INTO contract_year (id_contract_year, id_contract, year, money, option) VALUES (110, 68, '2026-27', 57652000, 'No Option');
INSERT INTO contract_year (id_contract_year, id_contract, year, money, option) VALUES (111, 68, '2027-28', 61628000, 'No Option');
INSERT INTO player_contract (id_contract, money, length) VALUES (69, NULL, NULL);
INSERT INTO player (id_player, id_team, id_contract, id_player_stats, name, surname, date_of_birth, nationality, position, height) VALUES (69, NULL, 69, 69, 'Brandon', 'Boston Jr.', '2001-11-28'::DATE, 'Georgia USA', 'Small Forward and Shooting Guard', '6-7');
INSERT INTO contract_year (id_contract_year, id_contract, year, money, option) VALUES (112, 69, '2023-24', 1836096, 'No Option');
INSERT INTO player_contract (id_contract, money, length) VALUES (70, NULL, NULL);
INSERT INTO player (id_player, id_team, id_contract, id_player_stats, name, surname, date_of_birth, nationality, position, height) VALUES (70, NULL, 70, 70, 'Chris', 'Boucher', '1993-01-11'::DATE, 'Saint Lucia', 'Power Forward, Center, and Small Forward', '6-9');
INSERT INTO contract_year (id_contract_year, id_contract, year, money, option) VALUES (113, 70, '2023-24', 11750000, 'No Option');
INSERT INTO contract_year (id_contract_year, id_contract, year, money, option) VALUES (114, 70, '2024-25', 10810000, 'No Option');
INSERT INTO player_contract (id_contract, money, length) VALUES (71, NULL, NULL);
INSERT INTO player (id_player, id_team, id_contract, id_player_stats, name, surname, date_of_birth, nationality, position, height) VALUES (71, NULL, 71, 71, 'James', 'Bouknight', '2000-09-18'::DATE, 'New York USA', 'Shooting Guard', '6-5');
INSERT INTO contract_year (id_contract_year, id_contract, year, money, option) VALUES (115, 71, '2023-24', 4570080, 'Team Option');
INSERT INTO contract_year (id_contract_year, id_contract, year, money, option) VALUES (116, 71, '2024-25', 6064496, 'Team Option');
INSERT INTO player_contract (id_contract, money, length) VALUES (72, NULL, NULL);
INSERT INTO player (id_player, id_team, id_contract, id_player_stats, name, surname, date_of_birth, nationality, position, height) VALUES (72, 25, 72, 72, 'Jamaree', 'Bouyea', '1999-06-27'::DATE, 'California USA', 'Point Guard', '6-2');
INSERT INTO player_contract (id_contract, money, length) VALUES (73, NULL, NULL);
INSERT INTO player (id_player, id_team, id_contract, id_player_stats, name, surname, date_of_birth, nationality, position, height) VALUES (73, NULL, 73, 73, 'Ky', 'Bowman', '1997-06-16'::DATE, 'North Carolina USA', 'Point Guard', '6-1');
INSERT INTO player_contract (id_contract, money, length) VALUES (74, NULL, NULL);
INSERT INTO player (id_player, id_team, id_contract, id_player_stats, name, surname, date_of_birth, nationality, position, height) VALUES (74, NULL, 74, 74, 'Tony', 'Bradley', '1998-01-08'::DATE, 'Florida USA', 'Center', '6-10');
INSERT INTO player_contract (id_contract, money, length) VALUES (75, NULL, NULL);
INSERT INTO player (id_player, id_team, id_contract, id_player_stats, name, surname, date_of_birth, nationality, position, height) VALUES (75, 27, 75, 75, 'Malaki', 'Branham', '2003-05-12'::DATE, 'Ohio USA', 'Shooting Guard', '6-4');
INSERT INTO contract_year (id_contract_year, id_contract, year, money, option) VALUES (117, 75, '2023-24', 3071880, 'No Option');
INSERT INTO contract_year (id_contract_year, id_contract, year, money, option) VALUES (118, 75, '2024-25', 3217920, 'Team Option');
INSERT INTO contract_year (id_contract_year, id_contract, year, money, option) VALUES (119, 75, '2025-26', 4962033, 'Team Option');
INSERT INTO player_contract (id_contract, money, length) VALUES (76, NULL, NULL);
INSERT INTO player (id_player, id_team, id_contract, id_player_stats, name, surname, date_of_birth, nationality, position, height) VALUES (76, NULL, 76, 76, 'Jarrell', 'Brantley', '1996-06-07'::DATE, 'South Carolina USA', 'Power Forward', '6-5');
INSERT INTO player_contract (id_contract, money, length) VALUES (77, NULL, NULL);
INSERT INTO player (id_player, id_team, id_contract, id_player_stats, name, surname, date_of_birth, nationality, position, height) VALUES (77, 8, 77, 77, 'Christian', 'Braun', '2001-04-17'::DATE, 'Kansas USA', 'Shooting Guard', '6-6');
INSERT INTO contract_year (id_contract_year, id_contract, year, money, option) VALUES (120, 77, '2023-24', 2949120, 'No Option');
INSERT INTO contract_year (id_contract_year, id_contract, year, money, option) VALUES (121, 77, '2024-25', 3089640, 'Team Option');
INSERT INTO contract_year (id_contract_year, id_contract, year, money, option) VALUES (122, 77, '2025-26', 4921797, 'Team Option');
INSERT INTO player_contract (id_contract, money, length) VALUES (78, NULL, NULL);
INSERT INTO player (id_player, id_team, id_contract, id_player_stats, name, surname, date_of_birth, nationality, position, height) VALUES (78, NULL, 78, 78, 'Ignas', 'Brazdeikis', '1999-01-08'::DATE, 'Lithuania', 'Small Forward', '6-6');
INSERT INTO player_contract (id_contract, money, length) VALUES (79, NULL, NULL);
INSERT INTO player (id_player, id_team, id_contract, id_player_stats, name, surname, date_of_birth, nationality, position, height) VALUES (79, 3, 79, 79, 'Mikal', 'Bridges', '1996-08-30'::DATE, 'Pennsylvania USA', 'Small Forward and Shooting Guard', '6-6');
INSERT INTO contract_year (id_contract_year, id_contract, year, money, option) VALUES (123, 79, '2023-24', 21700000, 'No Option');
INSERT INTO contract_year (id_contract_year, id_contract, year, money, option) VALUES (124, 79, '2024-25', 23300000, 'No Option');
INSERT INTO contract_year (id_contract_year, id_contract, year, money, option) VALUES (125, 79, '2025-26', 24900000, 'No Option');
INSERT INTO player_contract (id_contract, money, length) VALUES (80, NULL, NULL);
INSERT INTO player (id_player, id_team, id_contract, id_player_stats, name, surname, date_of_birth, nationality, position, height) VALUES (80, NULL, 80, 80, 'Miles', 'Bridges', '1998-03-21'::DATE, 'Michigan USA', 'Small Forward and Power Forward', '6-7');
INSERT INTO contract_year (id_contract_year, id_contract, year, money, option) VALUES (126, 80, '2023-24', 7921300, 'No Option');
INSERT INTO player_contract (id_contract, money, length) VALUES (81, NULL, NULL);
INSERT INTO player (id_player, id_team, id_contract, id_player_stats, name, surname, date_of_birth, nationality, position, height) VALUES (81, NULL, 81, 81, 'Amida', 'Brimah', '1994-02-11'::DATE, 'Ghana', 'Center', '6-10');
INSERT INTO player_contract (id_contract, money, length) VALUES (82, NULL, NULL);
INSERT INTO player (id_player, id_team, id_contract, id_player_stats, name, surname, date_of_birth, nationality, position, height) VALUES (82, 2, 82, 82, 'Oshae', 'Brissett', '1998-06-20'::DATE, 'Canada', 'Small Forward and Power Forward', '6-7');
INSERT INTO contract_year (id_contract_year, id_contract, year, money, option) VALUES (127, 82, '2023-24', 2165000, 'No Option');
INSERT INTO contract_year (id_contract_year, id_contract, year, money, option) VALUES (128, 82, '2024-25', 2463946, 'Player Option');
INSERT INTO player_contract (id_contract, money, length) VALUES (83, NULL, NULL);
INSERT INTO player (id_player, id_team, id_contract, id_player_stats, name, surname, date_of_birth, nationality, position, height) VALUES (83, 25, 83, 83, 'Malcolm', 'Brogdon', '1992-12-11'::DATE, 'Georgia USA', 'Point Guard and Shooting Guard', '6-4');
INSERT INTO contract_year (id_contract_year, id_contract, year, money, option) VALUES (129, 83, '2023-24', 22500000, 'No Option');
INSERT INTO contract_year (id_contract_year, id_contract, year, money, option) VALUES (130, 83, '2024-25', 22500000, 'No Option');
INSERT INTO player_contract (id_contract, money, length) VALUES (84, NULL, NULL);
INSERT INTO player (id_player, id_team, id_contract, id_player_stats, name, surname, date_of_birth, nationality, position, height) VALUES (84, 3, 84, 84, 'Armoni', 'Brooks', '1998-06-05'::DATE, 'Texas USA', 'Point Guard and Shooting Guard', '6-3');
INSERT INTO player_contract (id_contract, money, length) VALUES (85, NULL, NULL);
INSERT INTO player (id_player, id_team, id_contract, id_player_stats, name, surname, date_of_birth, nationality, position, height) VALUES (85, 11, 85, 85, 'Dillon', 'Brooks', '1996-01-22'::DATE, 'Canada', 'Small Forward and Shooting Guard', '6-6');
INSERT INTO contract_year (id_contract_year, id_contract, year, money, option) VALUES (131, 85, '2023-24', 22627671, 'No Option');
INSERT INTO contract_year (id_contract_year, id_contract, year, money, option) VALUES (132, 85, '2024-25', 22255493, 'No Option');
INSERT INTO contract_year (id_contract_year, id_contract, year, money, option) VALUES (133, 85, '2025-26', 21124110, 'No Option');
INSERT INTO contract_year (id_contract_year, id_contract, year, money, option) VALUES (134, 85, '2026-27', 19992727, 'No Option');
INSERT INTO player_contract (id_contract, money, length) VALUES (86, NULL, NULL);
INSERT INTO player (id_player, id_team, id_contract, id_player_stats, name, surname, date_of_birth, nationality, position, height) VALUES (86, 12, 86, 86, 'Bruce', 'Brown', '1996-08-15'::DATE, 'Massachusetts USA', 'Point Guard, Small Forward, and Shooting Guard', '6-4');
INSERT INTO contract_year (id_contract_year, id_contract, year, money, option) VALUES (135, 86, '2023-24', 22000000, 'No Option');
INSERT INTO contract_year (id_contract_year, id_contract, year, money, option) VALUES (136, 86, '2024-25', 23000000, 'Team Option');
INSERT INTO player_contract (id_contract, money, length) VALUES (87, NULL, NULL);
INSERT INTO player (id_player, id_team, id_contract, id_player_stats, name, surname, date_of_birth, nationality, position, height) VALUES (87, 20, 87, 87, 'Charlie', 'Brown Jr.', '1997-02-02'::DATE, 'Pennsylvania USA', 'Shooting Guard', '6-6');
INSERT INTO player_contract (id_contract, money, length) VALUES (88, NULL, NULL);
INSERT INTO player (id_player, id_team, id_contract, id_player_stats, name, surname, date_of_birth, nationality, position, height) VALUES (88, NULL, 88, 88, 'Chaundee', 'Brown Jr.', '1998-12-04'::DATE, 'Florida USA', 'Shooting Guard and Small Forward', '6-5');
INSERT INTO player_contract (id_contract, money, length) VALUES (89, NULL, NULL);
INSERT INTO player (id_player, id_team, id_contract, id_player_stats, name, surname, date_of_birth, nationality, position, height) VALUES (89, NULL, 89, 89, 'Greg', 'Brown III', '2001-09-01'::DATE, 'Texas USA', 'Power Forward and Small Forward', '6-7');
INSERT INTO player_contract (id_contract, money, length) VALUES (90, NULL, NULL);
INSERT INTO player (id_player, id_team, id_contract, id_player_stats, name, surname, date_of_birth, nationality, position, height) VALUES (90, 2, 90, 90, 'Jaylen', 'Brown', '1996-10-24'::DATE, 'Georgia USA', 'Shooting Guard and Small Forward', '6-6');
INSERT INTO contract_year (id_contract_year, id_contract, year, money, option) VALUES (137, 90, '2023-24', 31830357, 'No Option');
INSERT INTO contract_year (id_contract_year, id_contract, year, money, option) VALUES (138, 90, '2024-25', 49700000, 'No Option');
INSERT INTO contract_year (id_contract_year, id_contract, year, money, option) VALUES (139, 90, '2025-26', 53676000, 'No Option');
INSERT INTO contract_year (id_contract_year, id_contract, year, money, option) VALUES (140, 90, '2026-27', 57652000, 'No Option');
INSERT INTO contract_year (id_contract_year, id_contract, year, money, option) VALUES (141, 90, '2027-28', 61628000, 'No Option');
INSERT INTO contract_year (id_contract_year, id_contract, year, money, option) VALUES (142, 90, '2028-29', 65604000, 'No Option');
INSERT INTO player_contract (id_contract, money, length) VALUES (91, NULL, NULL);
INSERT INTO player (id_player, id_team, id_contract, id_player_stats, name, surname, date_of_birth, nationality, position, height) VALUES (91, 12, 91, 91, 'Kendall', 'Brown', '2003-05-11'::DATE, 'Minnesota USA', 'Shooting Guard', '6-8');
INSERT INTO player_contract (id_contract, money, length) VALUES (92, NULL, NULL);
INSERT INTO player (id_player, id_team, id_contract, id_player_stats, name, surname, date_of_birth, nationality, position, height) VALUES (92, 13, 92, 92, 'Kobe', 'Brown', '2000-01-01'::DATE, 'Alabama USA', 'Power Forward', '6-7');
INSERT INTO contract_year (id_contract_year, id_contract, year, money, option) VALUES (143, 92, '2023-24', 2413320, 'No Option');
INSERT INTO contract_year (id_contract_year, id_contract, year, money, option) VALUES (144, 92, '2024-25', 2533920, 'No Option');
INSERT INTO contract_year (id_contract_year, id_contract, year, money, option) VALUES (145, 92, '2025-26', 2654880, 'Team Option');
INSERT INTO contract_year (id_contract_year, id_contract, year, money, option) VALUES (146, 92, '2026-27', 4792059, 'Team Option');
INSERT INTO player_contract (id_contract, money, length) VALUES (93, NULL, NULL);
INSERT INTO player (id_player, id_team, id_contract, id_player_stats, name, surname, date_of_birth, nationality, position, height) VALUES (93, NULL, 93, 93, 'Moses', 'Brown', '1999-10-13'::DATE, 'New York USA', 'Center', '7-2');
INSERT INTO contract_year (id_contract_year, id_contract, year, money, option) VALUES (147, 93, '2023-24', 2019706, 'No Option');
INSERT INTO player_contract (id_contract, money, length) VALUES (94, NULL, NULL);
INSERT INTO player (id_player, id_team, id_contract, id_player_stats, name, surname, date_of_birth, nationality, position, height) VALUES (94, NULL, 94, 94, 'Sterling', 'Brown', '1995-02-10'::DATE, 'Illinois USA', 'Shooting Guard and Small Forward', '6-5');
INSERT INTO player_contract (id_contract, money, length) VALUES (95, NULL, NULL);
INSERT INTO player (id_player, id_team, id_contract, id_player_stats, name, surname, date_of_birth, nationality, position, height) VALUES (95, 18, 95, 95, 'Troy', 'Brown Jr.', '1999-07-28'::DATE, 'Nevada USA', 'Small Forward', '6-6');
INSERT INTO contract_year (id_contract_year, id_contract, year, money, option) VALUES (148, 95, '2023-24', 4000000, 'No Option');
INSERT INTO contract_year (id_contract_year, id_contract, year, money, option) VALUES (149, 95, '2024-25', 4000000, 'Team Option');
INSERT INTO player_contract (id_contract, money, length) VALUES (96, NULL, NULL);
INSERT INTO player (id_player, id_team, id_contract, id_player_stats, name, surname, date_of_birth, nationality, position, height) VALUES (96, 20, 96, 96, 'Jalen', 'Brunson', '1996-08-31'::DATE, 'New Jersey USA', 'Point Guard and Shooting Guard', '6-2');
INSERT INTO contract_year (id_contract_year, id_contract, year, money, option) VALUES (150, 96, '2023-24', 26346666, 'No Option');
INSERT INTO contract_year (id_contract_year, id_contract, year, money, option) VALUES (151, 96, '2024-25', 24960001, 'No Option');
INSERT INTO contract_year (id_contract_year, id_contract, year, money, option) VALUES (152, 96, '2025-26', 24960001, 'Player Option');
INSERT INTO player_contract (id_contract, money, length) VALUES (97, NULL, NULL);
INSERT INTO player (id_player, id_team, id_contract, id_player_stats, name, surname, date_of_birth, nationality, position, height) VALUES (97, 16, 97, 97, 'Thomas', 'Bryant', '1997-07-31'::DATE, 'New York USA', 'Center', '6-10');
INSERT INTO contract_year (id_contract_year, id_contract, year, money, option) VALUES (153, 97, '2023-24', 2528233, 'No Option');
INSERT INTO contract_year (id_contract_year, id_contract, year, money, option) VALUES (154, 97, '2024-25', 2845342, 'No Option');
INSERT INTO player_contract (id_contract, money, length) VALUES (98, NULL, NULL);
INSERT INTO player (id_player, id_team, id_contract, id_player_stats, name, surname, date_of_birth, nationality, position, height) VALUES (98, NULL, 98, 98, 'Shaq', 'Buchanan', '1997-01-30'::DATE, 'Mississippi USA', 'Shooting Guard', '6-3');
INSERT INTO player_contract (id_contract, money, length) VALUES (99, NULL, NULL);
INSERT INTO player (id_player, id_team, id_contract, id_player_stats, name, surname, date_of_birth, nationality, position, height) VALUES (99, 1, 99, 99, 'Kobe', 'Bufkin', '2003-09-21'::DATE, 'Michigan USA', 'Shooting Guard', '6-4');
INSERT INTO contract_year (id_contract_year, id_contract, year, money, option) VALUES (155, 99, '2023-24', 4094280, 'No Option');
INSERT INTO contract_year (id_contract_year, id_contract, year, money, option) VALUES (156, 99, '2024-25', 4299000, 'No Option');
INSERT INTO contract_year (id_contract_year, id_contract, year, money, option) VALUES (157, 99, '2025-26', 4503720, 'Team Option');
INSERT INTO contract_year (id_contract_year, id_contract, year, money, option) VALUES (158, 99, '2026-27', 6904203, 'Team Option');
INSERT INTO player_contract (id_contract, money, length) VALUES (100, NULL, NULL);
INSERT INTO player (id_player, id_team, id_contract, id_player_stats, name, surname, date_of_birth, nationality, position, height) VALUES (100, 11, 100, 100, 'Reggie', 'Bullock', '1991-03-16'::DATE, 'Maryland USA', 'Small Forward and Shooting Guard', '6-6');
INSERT INTO contract_year (id_contract_year, id_contract, year, money, option) VALUES (159, 100, '2023-24', 2019706, 'No Option');
INSERT INTO contract_year (id_contract_year, id_contract, year, money, option) VALUES (160, 100, '2024-25', 11014080, 'No Option');
INSERT INTO player_contract (id_contract, money, length) VALUES (101, NULL, NULL);
INSERT INTO player (id_player, id_team, id_contract, id_player_stats, name, surname, date_of_birth, nationality, position, height) VALUES (101, NULL, 101, 101, 'Trey', 'Burke', '1992-11-12'::DATE, 'Ohio USA', 'Point Guard', '6-0');
INSERT INTO player_contract (id_contract, money, length) VALUES (102, NULL, NULL);
INSERT INTO player (id_player, id_team, id_contract, id_player_stats, name, surname, date_of_birth, nationality, position, height) VALUES (102, NULL, 102, 102, 'Alec', 'Burks', '1991-07-20'::DATE, 'Missouri USA', 'Shooting Guard and Small Forward', '6-6');
INSERT INTO contract_year (id_contract_year, id_contract, year, money, option) VALUES (161, 102, '2023-24', 10489600, 'Team Option');
INSERT INTO player_contract (id_contract, money, length) VALUES (103, NULL, NULL);
INSERT INTO player (id_player, id_team, id_contract, id_player_stats, name, surname, date_of_birth, nationality, position, height) VALUES (103, NULL, 103, 103, 'Deonte', 'Burton', '1994-01-31'::DATE, 'Wisconsin USA', 'Power Forward, Small Forward, and Shooting Guard', '6-4');
INSERT INTO player_contract (id_contract, money, length) VALUES (104, NULL, NULL);
INSERT INTO player (id_player, id_team, id_contract, id_player_stats, name, surname, date_of_birth, nationality, position, height) VALUES (104, 30, 104, 104, 'Jared', 'Butler', '2000-08-25'::DATE, 'Louisiana USA', 'Point Guard and Shooting Guard', '6-3');
INSERT INTO player_contract (id_contract, money, length) VALUES (105, NULL, NULL);
INSERT INTO player (id_player, id_team, id_contract, id_player_stats, name, surname, date_of_birth, nationality, position, height) VALUES (105, 16, 105, 105, 'Jimmy', 'Butler', '1989-09-14'::DATE, 'Texas USA', 'Small Forward, Shooting Guard, and Power Forward', '6-7');
INSERT INTO contract_year (id_contract_year, id_contract, year, money, option) VALUES (162, 105, '2023-24', 45183960, 'No Option');
INSERT INTO contract_year (id_contract_year, id_contract, year, money, option) VALUES (163, 105, '2024-25', 48798677, 'No Option');
INSERT INTO contract_year (id_contract_year, id_contract, year, money, option) VALUES (164, 105, '2025-26', 52413394, 'Player Option');
INSERT INTO player_contract (id_contract, money, length) VALUES (106, NULL, NULL);
INSERT INTO player (id_player, id_team, id_contract, id_player_stats, name, surname, date_of_birth, nationality, position, height) VALUES (106, NULL, 106, 106, 'John', 'Butler', '2002-12-04'::DATE, 'South Carolina USA', 'Center', '7-0');
INSERT INTO player_contract (id_contract, money, length) VALUES (107, NULL, NULL);
INSERT INTO player (id_player, id_team, id_contract, id_player_stats, name, surname, date_of_birth, nationality, position, height) VALUES (107, NULL, 107, 107, 'Bruno', 'Caboclo', '1995-09-21'::DATE, 'Brazil', 'Small Forward, Center, and Power Forward', '6-9');
INSERT INTO player_contract (id_contract, money, length) VALUES (108, NULL, NULL);
INSERT INTO player (id_player, id_team, id_contract, id_player_stats, name, surname, date_of_birth, nationality, position, height) VALUES (108, NULL, 108, 108, 'Devontae', 'Cacok', '1996-10-08'::DATE, 'Illinois USA', 'Power Forward and Center', '6-7');
INSERT INTO player_contract (id_contract, money, length) VALUES (109, NULL, NULL);
INSERT INTO player (id_player, id_team, id_contract, id_player_stats, name, surname, date_of_birth, nationality, position, height) VALUES (109, 16, 109, 109, 'Jamal', 'Cain', '1999-03-20'::DATE, 'Michigan USA', 'Power Forward', '6-7');
INSERT INTO player_contract (id_contract, money, length) VALUES (110, NULL, NULL);
INSERT INTO player (id_player, id_team, id_contract, id_player_stats, name, surname, date_of_birth, nationality, position, height) VALUES (110, 8, 110, 110, 'Kentavious', 'Caldwell-Pope', '1993-02-18'::DATE, 'Georgia USA', 'Shooting Guard', '6-5');
INSERT INTO contract_year (id_contract_year, id_contract, year, money, option) VALUES (165, 110, '2023-24', 14704938, 'No Option');
INSERT INTO contract_year (id_contract_year, id_contract, year, money, option) VALUES (166, 110, '2024-25', 15440185, 'Player Option');
INSERT INTO player_contract (id_contract, money, length) VALUES (111, NULL, NULL);
INSERT INTO player (id_player, id_team, id_contract, id_player_stats, name, surname, date_of_birth, nationality, position, height) VALUES (111, 25, 111, 111, 'Toumani', 'Camara', '2000-05-08'::DATE, 'Belgium', 'Power Forward', '6-8');
INSERT INTO contract_year (id_contract_year, id_contract, year, money, option) VALUES (167, 111, '2023-24', 1119563, 'No Option');
INSERT INTO contract_year (id_contract_year, id_contract, year, money, option) VALUES (168, 111, '2024-25', 1891857, 'No Option');
INSERT INTO contract_year (id_contract_year, id_contract, year, money, option) VALUES (169, 111, '2025-26', 2221677, 'No Option');
INSERT INTO contract_year (id_contract_year, id_contract, year, money, option) VALUES (170, 111, '2026-27', 2406205, 'No Option');
INSERT INTO player_contract (id_contract, money, length) VALUES (112, NULL, NULL);
INSERT INTO player (id_player, id_team, id_contract, id_player_stats, name, surname, date_of_birth, nationality, position, height) VALUES (112, NULL, 112, 112, 'Facundo', 'Campazzo', '1991-03-23'::DATE, 'Argentina', 'Point Guard', '5-10');
INSERT INTO player_contract (id_contract, money, length) VALUES (113, NULL, NULL);
INSERT INTO player (id_player, id_team, id_contract, id_player_stats, name, surname, date_of_birth, nationality, position, height) VALUES (113, NULL, 113, 113, 'Vlatko', 'Čančar', '1997-04-10'::DATE, 'Slovenia', 'Power Forward', '6-8');
INSERT INTO contract_year (id_contract_year, id_contract, year, money, option) VALUES (171, 113, '2023-24', 2234359, 'No Option');
INSERT INTO contract_year (id_contract_year, id_contract, year, money, option) VALUES (172, 113, '2024-25', 2346606, 'Team Option');
INSERT INTO player_contract (id_contract, money, length) VALUES (114, NULL, NULL);
INSERT INTO player (id_player, id_team, id_contract, id_player_stats, name, surname, date_of_birth, nationality, position, height) VALUES (114, NULL, 114, 114, 'Devin', 'Cannady', '1996-05-21'::DATE, 'Indiana USA', 'Point Guard', '6-2');
INSERT INTO player_contract (id_contract, money, length) VALUES (115, NULL, NULL);
INSERT INTO player (id_player, id_team, id_contract, id_player_stats, name, surname, date_of_birth, nationality, position, height) VALUES (115, 1, 115, 115, 'Clint', 'Capela', '1994-05-18'::DATE, 'Switzerland', 'Center', '6-10');
INSERT INTO contract_year (id_contract_year, id_contract, year, money, option) VALUES (173, 115, '2023-24', 20616000, 'No Option');
INSERT INTO contract_year (id_contract_year, id_contract, year, money, option) VALUES (174, 115, '2024-25', 22265280, 'No Option');
INSERT INTO player_contract (id_contract, money, length) VALUES (116, NULL, NULL);
INSERT INTO player (id_player, id_team, id_contract, id_player_stats, name, surname, date_of_birth, nationality, position, height) VALUES (116, NULL, 116, 116, 'Vernon', 'Carey Jr.', '2001-02-25'::DATE, 'Florida USA', 'Center', '6-9');
INSERT INTO player_contract (id_contract, money, length) VALUES (117, NULL, NULL);
INSERT INTO player (id_player, id_team, id_contract, id_player_stats, name, surname, date_of_birth, nationality, position, height) VALUES (117, 5, 117, 117, 'Jevon', 'Carter', '1995-09-14'::DATE, 'Illinois USA', 'Point Guard', '6-1');
INSERT INTO contract_year (id_contract_year, id_contract, year, money, option) VALUES (175, 117, '2023-24', 6190476, 'No Option');
INSERT INTO contract_year (id_contract_year, id_contract, year, money, option) VALUES (176, 117, '2024-25', 6500000, 'No Option');
INSERT INTO contract_year (id_contract_year, id_contract, year, money, option) VALUES (177, 117, '2025-26', 6809524, 'Player Option');
INSERT INTO player_contract (id_contract, money, length) VALUES (118, NULL, NULL);
INSERT INTO player (id_player, id_team, id_contract, id_player_stats, name, surname, date_of_birth, nationality, position, height) VALUES (118, 22, 118, 118, 'Wendell', 'Carter Jr.', '1999-04-16'::DATE, 'Georgia USA', 'Center and Power Forward', '6-10');
INSERT INTO contract_year (id_contract_year, id_contract, year, money, option) VALUES (178, 118, '2023-24', 13050000, 'No Option');
INSERT INTO contract_year (id_contract_year, id_contract, year, money, option) VALUES (179, 118, '2024-25', 11950000, 'No Option');
INSERT INTO contract_year (id_contract_year, id_contract, year, money, option) VALUES (180, 118, '2025-26', 10850000, 'No Option');
INSERT INTO player_contract (id_contract, money, length) VALUES (119, NULL, NULL);
INSERT INTO player (id_player, id_team, id_contract, id_player_stats, name, surname, date_of_birth, nationality, position, height) VALUES (119, NULL, 119, 119, 'Michael', 'Carter-Williams', '1991-10-10'::DATE, 'Massachusetts USA', 'Point Guard and Shooting Guard', '6-5');
INSERT INTO player_contract (id_contract, money, length) VALUES (120, NULL, NULL);
INSERT INTO player (id_player, id_team, id_contract, id_player_stats, name, surname, date_of_birth, nationality, position, height) VALUES (120, 5, 120, 120, 'Alex', 'Caruso', '1994-02-28'::DATE, 'Texas USA', 'Point Guard and Shooting Guard', '6-5');
INSERT INTO contract_year (id_contract_year, id_contract, year, money, option) VALUES (181, 120, '2023-24', 9460000, 'No Option');
INSERT INTO contract_year (id_contract_year, id_contract, year, money, option) VALUES (182, 120, '2024-25', 9890000, 'No Option');
INSERT INTO player_contract (id_contract, money, length) VALUES (121, NULL, NULL);
INSERT INTO player (id_player, id_team, id_contract, id_player_stats, name, surname, date_of_birth, nationality, position, height) VALUES (121, 14, 121, 121, 'Colin', 'Castleton', '2000-05-25'::DATE, 'Florida USA', 'Center and Power Forward', '6-11');
INSERT INTO player_contract (id_contract, money, length) VALUES (122, NULL, NULL);
INSERT INTO player (id_player, id_team, id_contract, id_player_stats, name, surname, date_of_birth, nationality, position, height) VALUES (122, NULL, 122, 122, 'Willie', 'Cauley-Stein', '1993-08-18'::DATE, 'Kansas USA', 'Center', '7-0');
INSERT INTO player_contract (id_contract, money, length) VALUES (123, NULL, NULL);
INSERT INTO player (id_player, id_team, id_contract, id_player_stats, name, surname, date_of_birth, nationality, position, height) VALUES (123, NULL, 123, 123, 'Ahmad', 'Caver', '1996-09-12'::DATE, 'Georgia USA', 'Shooting Guard', '6-2');
INSERT INTO player_contract (id_contract, money, length) VALUES (124, NULL, NULL);
INSERT INTO player (id_player, id_team, id_contract, id_player_stats, name, surname, date_of_birth, nationality, position, height) VALUES (124, 9, 124, 124, 'Malcolm', 'Cazalon', '2001-08-27'::DATE, 'France', 'Shooting Guard', '6-6');
INSERT INTO player_contract (id_contract, money, length) VALUES (125, NULL, NULL);
INSERT INTO player (id_player, id_team, id_contract, id_player_stats, name, surname, date_of_birth, nationality, position, height) VALUES (125, 27, 125, 125, 'Julian', 'Champagnie', '2001-06-29'::DATE, 'New York USA', 'Small Forward', '6-8');
INSERT INTO contract_year (id_contract_year, id_contract, year, money, option) VALUES (183, 125, '2023-24', 3000000, 'No Option');
INSERT INTO contract_year (id_contract_year, id_contract, year, money, option) VALUES (184, 125, '2024-25', 3000000, 'No Option');
INSERT INTO contract_year (id_contract_year, id_contract, year, money, option) VALUES (185, 125, '2025-26', 3000000, 'No Option');
INSERT INTO contract_year (id_contract_year, id_contract, year, money, option) VALUES (186, 125, '2026-27', 3000000, 'Team Option');
INSERT INTO player_contract (id_contract, money, length) VALUES (126, NULL, NULL);
INSERT INTO player (id_player, id_team, id_contract, id_player_stats, name, surname, date_of_birth, nationality, position, height) VALUES (126, NULL, 126, 126, 'Justin', 'Champagnie', '2001-06-29'::DATE, 'New York USA', 'Small Forward', '6-6');
INSERT INTO player_contract (id_contract, money, length) VALUES (127, NULL, NULL);
INSERT INTO player (id_player, id_team, id_contract, id_player_stats, name, surname, date_of_birth, nationality, position, height) VALUES (127, NULL, 127, 127, 'Kennedy', 'Chandler', '2002-09-16'::DATE, 'Tennessee USA', 'Point Guard', '6-0');
INSERT INTO contract_year (id_contract_year, id_contract, year, money, option) VALUES (187, 127, '2023-24', 1719864, 'No Option');
INSERT INTO contract_year (id_contract_year, id_contract, year, money, option) VALUES (188, 127, '2024-25', 2019699, 'No Option');
INSERT INTO player_contract (id_contract, money, length) VALUES (128, NULL, NULL);
INSERT INTO player (id_player, id_team, id_contract, id_player_stats, name, surname, date_of_birth, nationality, position, height) VALUES (128, NULL, 128, 128, 'Zylan', 'Cheatham', '1995-11-17'::DATE, 'Arizona USA', 'Small Forward and Power Forward', '6-5');
INSERT INTO player_contract (id_contract, money, length) VALUES (129, NULL, NULL);
INSERT INTO player (id_player, id_team, id_contract, id_player_stats, name, surname, date_of_birth, nationality, position, height) VALUES (129, NULL, 129, 129, 'Chris', 'Chiozza', '1995-11-21'::DATE, 'Tennessee USA', 'Point Guard', '5-11');
INSERT INTO player_contract (id_contract, money, length) VALUES (130, NULL, NULL);
INSERT INTO player (id_player, id_team, id_contract, id_player_stats, name, surname, date_of_birth, nationality, position, height) VALUES (130, NULL, 130, 130, 'Marquese', 'Chriss', '1997-07-02'::DATE, 'California USA', 'Power Forward', '6-9');
INSERT INTO player_contract (id_contract, money, length) VALUES (131, NULL, NULL);
INSERT INTO player (id_player, id_team, id_contract, id_player_stats, name, surname, date_of_birth, nationality, position, height) VALUES (131, 14, 131, 131, 'Max', 'Christie', '2003-02-10'::DATE, 'Illinois USA', 'Shooting Guard', '6-6');
INSERT INTO contract_year (id_contract_year, id_contract, year, money, option) VALUES (189, 131, '2023-24', 1719864, 'No Option');
INSERT INTO player_contract (id_contract, money, length) VALUES (132, NULL, NULL);
INSERT INTO player (id_player, id_team, id_contract, id_player_stats, name, surname, date_of_birth, nationality, position, height) VALUES (132, NULL, 132, 132, 'Josh', 'Christopher', '2001-12-08'::DATE, 'California USA', 'Shooting Guard', '6-5');
INSERT INTO contract_year (id_contract_year, id_contract, year, money, option) VALUES (190, 132, '2023-24', 2485200, 'Team Option');
INSERT INTO player_contract (id_contract, money, length) VALUES (133, NULL, NULL);
INSERT INTO player (id_player, id_team, id_contract, id_player_stats, name, surname, date_of_birth, nationality, position, height) VALUES (133, 27, 133, 133, 'Sidy', 'Cissoko', '2004-04-02'::DATE, 'France', 'Small Forward', '6-8');
INSERT INTO contract_year (id_contract_year, id_contract, year, money, option) VALUES (191, 133, '2023-24', 1119563, 'No Option');
INSERT INTO contract_year (id_contract_year, id_contract, year, money, option) VALUES (192, 133, '2024-25', 1891857, 'No Option');
INSERT INTO contract_year (id_contract_year, id_contract, year, money, option) VALUES (193, 133, '2025-26', 2221677, 'No Option');
INSERT INTO player_contract (id_contract, money, length) VALUES (134, NULL, NULL);
INSERT INTO player (id_player, id_team, id_contract, id_player_stats, name, surname, date_of_birth, nationality, position, height) VALUES (134, NULL, 134, 134, 'Gary', 'Clark', '1994-11-16'::DATE, 'North Carolina USA', 'Power Forward and Small Forward', '6-6');
INSERT INTO player_contract (id_contract, money, length) VALUES (135, NULL, NULL);
INSERT INTO player (id_player, id_team, id_contract, id_player_stats, name, surname, date_of_birth, nationality, position, height) VALUES (135, NULL, 135, 135, 'Brandon', 'Clarke', '1996-09-19'::DATE, 'Canada', 'Power Forward', '6-8');
INSERT INTO contract_year (id_contract_year, id_contract, year, money, option) VALUES (194, 135, '2023-24', 12500000, 'No Option');
INSERT INTO contract_year (id_contract_year, id_contract, year, money, option) VALUES (195, 135, '2024-25', 12500000, 'No Option');
INSERT INTO contract_year (id_contract_year, id_contract, year, money, option) VALUES (196, 135, '2025-26', 12500000, 'No Option');
INSERT INTO contract_year (id_contract_year, id_contract, year, money, option) VALUES (197, 135, '2026-27', 12500000, 'No Option');
INSERT INTO player_contract (id_contract, money, length) VALUES (136, NULL, NULL);
INSERT INTO player (id_player, id_team, id_contract, id_player_stats, name, surname, date_of_birth, nationality, position, height) VALUES (136, 29, 136, 136, 'Jordan', 'Clarkson', '1992-06-07'::DATE, 'Florida USA', 'Shooting Guard and Point Guard', '6-3');
INSERT INTO contract_year (id_contract_year, id_contract, year, money, option) VALUES (198, 136, '2023-24', 23487629, 'Player Option');
INSERT INTO contract_year (id_contract_year, id_contract, year, money, option) VALUES (199, 136, '2024-25', 14092577, 'No Option');
INSERT INTO contract_year (id_contract_year, id_contract, year, money, option) VALUES (200, 136, '2025-26', 14285714, 'No Option');
INSERT INTO player_contract (id_contract, money, length) VALUES (137, NULL, NULL);
INSERT INTO player (id_player, id_team, id_contract, id_player_stats, name, surname, date_of_birth, nationality, position, height) VALUES (137, 3, 137, 137, 'Nic', 'Claxton', '1999-04-17'::DATE, 'South Carolina USA', 'Center', '6-11');
INSERT INTO contract_year (id_contract_year, id_contract, year, money, option) VALUES (201, 137, '2023-24', 9625000, 'No Option');
INSERT INTO player_contract (id_contract, money, length) VALUES (138, NULL, NULL);
INSERT INTO player (id_player, id_team, id_contract, id_player_stats, name, surname, date_of_birth, nationality, position, height) VALUES (138, NULL, 138, 138, 'Chris', 'Clemons', '1997-07-23'::DATE, 'North Carolina USA', 'Shooting Guard', '5-9');
INSERT INTO player_contract (id_contract, money, length) VALUES (139, NULL, NULL);
INSERT INTO player (id_player, id_team, id_contract, id_player_stats, name, surname, date_of_birth, nationality, position, height) VALUES (139, 3, 139, 139, 'Noah', 'Clowney', '2004-07-14'::DATE, 'South Carolina USA', 'Power Forward', '6-10');
INSERT INTO contract_year (id_contract_year, id_contract, year, money, option) VALUES (202, 139, '2023-24', 3089520, 'No Option');
INSERT INTO contract_year (id_contract_year, id_contract, year, money, option) VALUES (203, 139, '2024-25', 3244080, 'No Option');
INSERT INTO contract_year (id_contract_year, id_contract, year, money, option) VALUES (204, 139, '2025-26', 3398640, 'Team Option');
INSERT INTO contract_year (id_contract_year, id_contract, year, money, option) VALUES (205, 139, '2026-27', 5414034, 'Team Option');
INSERT INTO player_contract (id_contract, money, length) VALUES (140, NULL, NULL);
INSERT INTO player (id_player, id_team, id_contract, id_player_stats, name, surname, date_of_birth, nationality, position, height) VALUES (140, 13, 140, 140, 'Amir', 'Coffey', '1997-06-17'::DATE, 'Minnesota USA', 'Shooting Guard and Small Forward', '6-7');
INSERT INTO contract_year (id_contract_year, id_contract, year, money, option) VALUES (206, 140, '2023-24', 3666667, 'No Option');
INSERT INTO contract_year (id_contract_year, id_contract, year, money, option) VALUES (207, 140, '2024-25', 3938271, 'No Option');
INSERT INTO player_contract (id_contract, money, length) VALUES (141, NULL, NULL);
INSERT INTO player (id_player, id_team, id_contract, id_player_stats, name, surname, date_of_birth, nationality, position, height) VALUES (141, 29, 141, 141, 'John', 'Collins', '1997-09-23'::DATE, 'Utah USA', 'Power Forward', '6-9');
INSERT INTO contract_year (id_contract_year, id_contract, year, money, option) VALUES (208, 141, '2023-24', 25340000, 'No Option');
INSERT INTO contract_year (id_contract_year, id_contract, year, money, option) VALUES (209, 141, '2024-25', 26580000, 'No Option');
INSERT INTO contract_year (id_contract_year, id_contract, year, money, option) VALUES (210, 141, '2025-26', 26580000, 'Player Option');
INSERT INTO player_contract (id_contract, money, length) VALUES (142, NULL, NULL);
INSERT INTO player (id_player, id_team, id_contract, id_player_stats, name, surname, date_of_birth, nationality, position, height) VALUES (142, 27, 142, 142, 'Zach', 'Collins', '1997-11-19'::DATE, 'Nevada USA', 'Center and Power Forward', '6-11');
INSERT INTO contract_year (id_contract_year, id_contract, year, money, option) VALUES (211, 142, '2023-24', 7700000, 'No Option');
INSERT INTO contract_year (id_contract_year, id_contract, year, money, option) VALUES (212, 142, '2024-25', 16741200, 'No Option');
INSERT INTO contract_year (id_contract_year, id_contract, year, money, option) VALUES (213, 142, '2025-26', 18080496, 'No Option');
INSERT INTO player_contract (id_contract, money, length) VALUES (143, NULL, NULL);
INSERT INTO player (id_player, id_team, id_contract, id_player_stats, name, surname, date_of_birth, nationality, position, height) VALUES (143, NULL, 143, 143, 'Chance', 'Comanche', '1996-04-14'::DATE, 'California USA', 'Center', '6-10');
INSERT INTO player_contract (id_contract, money, length) VALUES (144, NULL, NULL);
INSERT INTO player (id_player, id_team, id_contract, id_player_stats, name, surname, date_of_birth, nationality, position, height) VALUES (144, 18, 144, 144, 'Mike', 'Conley', '1987-10-11'::DATE, 'Arkansas USA', 'Point Guard', '6-0');
INSERT INTO contract_year (id_contract_year, id_contract, year, money, option) VALUES (214, 144, '2023-24', 24360000, 'No Option');
INSERT INTO player_contract (id_contract, money, length) VALUES (145, NULL, NULL);
INSERT INTO player (id_player, id_team, id_contract, id_player_stats, name, surname, date_of_birth, nationality, position, height) VALUES (145, 17, 145, 145, 'Pat', 'Connaughton', '1993-01-06'::DATE, 'Massachusetts USA', 'Shooting Guard and Small Forward', '6-5');
INSERT INTO contract_year (id_contract_year, id_contract, year, money, option) VALUES (215, 145, '2023-24', 9423869, 'No Option');
INSERT INTO contract_year (id_contract_year, id_contract, year, money, option) VALUES (216, 145, '2024-25', 9423869, 'No Option');
INSERT INTO contract_year (id_contract_year, id_contract, year, money, option) VALUES (217, 145, '2025-26', 9423869, 'Player Option');
INSERT INTO player_contract (id_contract, money, length) VALUES (146, NULL, NULL);
INSERT INTO player (id_player, id_team, id_contract, id_player_stats, name, surname, date_of_birth, nationality, position, height) VALUES (146, NULL, 146, 146, 'Tyler', 'Cook', '1997-09-23'::DATE, 'Missouri USA', 'Power Forward and Small Forward', '6-8');
INSERT INTO player_contract (id_contract, money, length) VALUES (147, NULL, NULL);
INSERT INTO player (id_player, id_team, id_contract, id_player_stats, name, surname, date_of_birth, nationality, position, height) VALUES (147, NULL, 147, 147, 'Xavier', 'Cooks', '1995-08-19'::DATE, 'Australia', 'Power Forward', '6-8');
INSERT INTO contract_year (id_contract_year, id_contract, year, money, option) VALUES (218, 147, '2023-24', 1719864, 'No Option');
INSERT INTO player_contract (id_contract, money, length) VALUES (148, NULL, NULL);
INSERT INTO player (id_player, id_team, id_contract, id_player_stats, name, surname, date_of_birth, nationality, position, height) VALUES (148, NULL, 148, 148, 'Sharife', 'Cooper', '2001-06-11'::DATE, 'New Jersey USA', 'Point Guard', '6-1');
INSERT INTO player_contract (id_contract, money, length) VALUES (149, NULL, NULL);
INSERT INTO player (id_player, id_team, id_contract, id_player_stats, name, surname, date_of_birth, nationality, position, height) VALUES (149, 30, 149, 149, 'Bilal', 'Coulibaly', '2004-07-26'::DATE, 'France', 'Small Forward', '6-6');
INSERT INTO contract_year (id_contract_year, id_contract, year, money, option) VALUES (219, 149, '2023-24', 6614280, 'No Option');
INSERT INTO contract_year (id_contract_year, id_contract, year, money, option) VALUES (220, 149, '2024-25', 6945240, 'No Option');
INSERT INTO contract_year (id_contract_year, id_contract, year, money, option) VALUES (221, 149, '2025-26', 7275600, 'Team Option');
INSERT INTO contract_year (id_contract_year, id_contract, year, money, option) VALUES (222, 149, '2026-27', 9240012, 'Team Option');
INSERT INTO player_contract (id_contract, money, length) VALUES (150, NULL, NULL);
INSERT INTO player (id_player, id_team, id_contract, id_player_stats, name, surname, date_of_birth, nationality, position, height) VALUES (150, 23, 150, 150, 'Robert', 'Covington', '1990-12-14'::DATE, 'Illinois USA', 'Small Forward, Power Forward, and Center', '6-7');
INSERT INTO contract_year (id_contract_year, id_contract, year, money, option) VALUES (223, 150, '2023-24', 11692308, 'No Option');
INSERT INTO player_contract (id_contract, money, length) VALUES (151, NULL, NULL);
INSERT INTO player (id_player, id_team, id_contract, id_player_stats, name, surname, date_of_birth, nationality, position, height) VALUES (151, NULL, 151, 151, 'Allen', 'Crabbe', '1992-04-09'::DATE, 'California USA', 'Shooting Guard and Small Forward', '6-5');
INSERT INTO player_contract (id_contract, money, length) VALUES (152, NULL, NULL);
INSERT INTO player (id_player, id_team, id_contract, id_player_stats, name, surname, date_of_birth, nationality, position, height) VALUES (152, 5, 152, 152, 'Torrey', 'Craig', '1990-12-19'::DATE, 'South Carolina USA', 'Small Forward and Power Forward', '6-7');
INSERT INTO contract_year (id_contract_year, id_contract, year, money, option) VALUES (224, 152, '2023-24', 2528233, 'No Option');
INSERT INTO contract_year (id_contract_year, id_contract, year, money, option) VALUES (225, 152, '2024-25', 2845342, 'No Option');
INSERT INTO player_contract (id_contract, money, length) VALUES (153, NULL, NULL);
INSERT INTO player (id_player, id_team, id_contract, id_player_stats, name, surname, date_of_birth, nationality, position, height) VALUES (153, 17, 153, 153, 'Jae', 'Crowder', '1990-07-06'::DATE, 'Georgia USA', 'Small Forward and Power Forward', '6-6');
INSERT INTO contract_year (id_contract_year, id_contract, year, money, option) VALUES (226, 153, '2023-24', 2019706, 'No Option');
INSERT INTO player_contract (id_contract, money, length) VALUES (154, NULL, NULL);
INSERT INTO player (id_player, id_team, id_contract, id_player_stats, name, surname, date_of_birth, nationality, position, height) VALUES (154, NULL, 154, 154, 'Jarrett', 'Culver', '1999-02-20'::DATE, 'Texas USA', 'Shooting Guard and Small Forward', '6-6');
INSERT INTO player_contract (id_contract, money, length) VALUES (155, NULL, NULL);
INSERT INTO player (id_player, id_team, id_contract, id_player_stats, name, surname, date_of_birth, nationality, position, height) VALUES (155, 9, 155, 155, 'Cade', 'Cunningham', '2001-09-25'::DATE, 'Texas USA', 'Point Guard and Shooting Guard', '6-6');
INSERT INTO contract_year (id_contract_year, id_contract, year, money, option) VALUES (227, 155, '2023-24', 11055360, 'Team Option');
INSERT INTO contract_year (id_contract_year, id_contract, year, money, option) VALUES (228, 155, '2024-25', 13940809, 'Team Option');
INSERT INTO player_contract (id_contract, money, length) VALUES (156, NULL, NULL);
INSERT INTO player (id_player, id_team, id_contract, id_player_stats, name, surname, date_of_birth, nationality, position, height) VALUES (156, 7, 156, 156, 'Seth', 'Curry', '1990-08-23'::DATE, 'North Carolina USA', 'Shooting Guard and Point Guard', '6-1');
INSERT INTO contract_year (id_contract_year, id_contract, year, money, option) VALUES (229, 156, '2023-24', 4000000, 'No Option');
INSERT INTO contract_year (id_contract_year, id_contract, year, money, option) VALUES (230, 156, '2024-25', 4000000, 'No Option');
INSERT INTO player_contract (id_contract, money, length) VALUES (157, NULL, NULL);
INSERT INTO player (id_player, id_team, id_contract, id_player_stats, name, surname, date_of_birth, nationality, position, height) VALUES (157, NULL, 157, 157, 'Stephen', 'Curry', '1988-03-14'::DATE, 'Ohio USA', 'Point Guard', '6-2');
INSERT INTO contract_year (id_contract_year, id_contract, year, money, option) VALUES (231, 157, '2023-24', 51915615, 'No Option');
INSERT INTO contract_year (id_contract_year, id_contract, year, money, option) VALUES (232, 157, '2024-25', 55761216, 'No Option');
INSERT INTO contract_year (id_contract_year, id_contract, year, money, option) VALUES (233, 157, '2025-26', 59606817, 'No Option');
INSERT INTO player_contract (id_contract, money, length) VALUES (158, NULL, NULL);
INSERT INTO player (id_player, id_team, id_contract, id_player_stats, name, surname, date_of_birth, nationality, position, height) VALUES (158, 19, 158, 158, 'Dyson', 'Daniels', '2003-03-17'::DATE, 'Australia', 'Point Guard', '6-8');
INSERT INTO contract_year (id_contract_year, id_contract, year, money, option) VALUES (234, 158, '2023-24', 5784120, 'No Option');
INSERT INTO contract_year (id_contract_year, id_contract, year, money, option) VALUES (235, 158, '2024-25', 6059520, 'Team Option');
INSERT INTO contract_year (id_contract_year, id_contract, year, money, option) VALUES (236, 158, '2025-26', 7707709, 'Team Option');
INSERT INTO player_contract (id_contract, money, length) VALUES (159, NULL, NULL);
INSERT INTO player (id_player, id_team, id_contract, id_player_stats, name, surname, date_of_birth, nationality, position, height) VALUES (159, NULL, 159, 159, 'Nate', 'Darling', '1998-08-30'::DATE, 'Canada', 'Shooting Guard', '6-6');
INSERT INTO player_contract (id_contract, money, length) VALUES (160, NULL, NULL);
INSERT INTO player (id_player, id_team, id_contract, id_player_stats, name, surname, date_of_birth, nationality, position, height) VALUES (160, 14, 160, 160, 'Anthony', 'Davis', '1993-03-11'::DATE, 'Illinois USA', 'Center and Power Forward', '6-10');
INSERT INTO contract_year (id_contract_year, id_contract, year, money, option) VALUES (237, 160, '2023-24', 40600080, 'No Option');
INSERT INTO contract_year (id_contract_year, id_contract, year, money, option) VALUES (238, 160, '2024-25', 43219440, 'Player Option');
INSERT INTO contract_year (id_contract_year, id_contract, year, money, option) VALUES (239, 160, '2025-26', 60507216, 'No Option');
INSERT INTO contract_year (id_contract_year, id_contract, year, money, option) VALUES (240, 160, '2026-27', 65347793, 'No Option');
INSERT INTO contract_year (id_contract_year, id_contract, year, money, option) VALUES (241, 160, '2027-28', 70188370, 'No Option');
INSERT INTO player_contract (id_contract, money, length) VALUES (161, NULL, NULL);
INSERT INTO player (id_player, id_team, id_contract, id_player_stats, name, surname, date_of_birth, nationality, position, height) VALUES (161, 30, 161, 161, 'Johnny', 'Davis', '2002-02-27'::DATE, 'Wisconsin USA', 'Shooting Guard', '6-5');
INSERT INTO contract_year (id_contract_year, id_contract, year, money, option) VALUES (242, 161, '2023-24', 5050800, 'No Option');
INSERT INTO contract_year (id_contract_year, id_contract, year, money, option) VALUES (243, 161, '2024-25', 5291160, 'Team Option');
INSERT INTO contract_year (id_contract_year, id_contract, year, money, option) VALUES (244, 161, '2025-26', 6746229, 'Team Option');
INSERT INTO player_contract (id_contract, money, length) VALUES (162, NULL, NULL);
INSERT INTO player (id_player, id_team, id_contract, id_player_stats, name, surname, date_of_birth, nationality, position, height) VALUES (162, NULL, 162, 162, 'Terence', 'Davis', '1997-05-16'::DATE, 'Mississippi USA', 'Shooting Guard', '6-4');
INSERT INTO player_contract (id_contract, money, length) VALUES (163, NULL, NULL);
INSERT INTO player (id_player, id_team, id_contract, id_player_stats, name, surname, date_of_birth, nationality, position, height) VALUES (163, NULL, 163, 163, 'JD', 'Davison', '2002-10-03'::DATE, 'Alabama USA', 'Shooting Guard', '6-1');
INSERT INTO player_contract (id_contract, money, length) VALUES (164, NULL, NULL);
INSERT INTO player (id_player, id_team, id_contract, id_player_stats, name, surname, date_of_birth, nationality, position, height) VALUES (164, NULL, 164, 164, 'Darius', 'Days', '1999-10-20'::DATE, 'Florida USA', 'Power Forward and Small Forward', '6-7');
INSERT INTO player_contract (id_contract, money, length) VALUES (165, NULL, NULL);
INSERT INTO player (id_player, id_team, id_contract, id_player_stats, name, surname, date_of_birth, nationality, position, height) VALUES (165, 5, 165, 165, 'DeMar', 'DeRozan', '1989-08-07'::DATE, 'California USA', 'Shooting Guard, Small Forward, and Power Forward', '6-6');
INSERT INTO contract_year (id_contract_year, id_contract, year, money, option) VALUES (245, 165, '2023-24', 28600000, 'No Option');
INSERT INTO player_contract (id_contract, money, length) VALUES (166, NULL, NULL);
INSERT INTO player (id_player, id_team, id_contract, id_player_stats, name, surname, date_of_birth, nationality, position, height) VALUES (166, NULL, 166, 166, 'Dewayne', 'Dedmon', '1989-08-12'::DATE, 'California USA', 'Center', '7-0');
INSERT INTO contract_year (id_contract_year, id_contract, year, money, option) VALUES (246, 166, '2023-24', 2748674, 'No Option');
INSERT INTO contract_year (id_contract_year, id_contract, year, money, option) VALUES (247, 166, '2024-25', 2748674, 'No Option');
INSERT INTO player_contract (id_contract, money, length) VALUES (167, NULL, NULL);
INSERT INTO player (id_player, id_team, id_contract, id_player_stats, name, surname, date_of_birth, nationality, position, height) VALUES (167, NULL, 167, 167, 'Matthew', 'Dellavedova', '1990-09-08'::DATE, 'Australia', 'Point Guard and Shooting Guard', '6-3');
INSERT INTO player_contract (id_contract, money, length) VALUES (168, NULL, NULL);
INSERT INTO player (id_player, id_team, id_contract, id_player_stats, name, surname, date_of_birth, nationality, position, height) VALUES (168, 20, 168, 168, 'Donte', 'DiVincenzo', '1997-01-31'::DATE, 'Delaware USA', 'Shooting Guard', '6-4');
INSERT INTO contract_year (id_contract_year, id_contract, year, money, option) VALUES (248, 168, '2023-24', 10900000, 'No Option');
INSERT INTO contract_year (id_contract_year, id_contract, year, money, option) VALUES (249, 168, '2024-25', 11445000, 'No Option');
INSERT INTO contract_year (id_contract_year, id_contract, year, money, option) VALUES (250, 168, '2025-26', 11990000, 'No Option');
INSERT INTO contract_year (id_contract_year, id_contract, year, money, option) VALUES (251, 168, '2026-27', 12535000, 'No Option');
INSERT INTO player_contract (id_contract, money, length) VALUES (169, NULL, NULL);
INSERT INTO player (id_player, id_team, id_contract, id_player_stats, name, surname, date_of_birth, nationality, position, height) VALUES (169, 13, 169, 169, 'Moussa', 'Diabaté', '2002-01-21'::DATE, 'France', 'Center', '6-11');
INSERT INTO player_contract (id_contract, money, length) VALUES (170, NULL, NULL);
INSERT INTO player (id_player, id_team, id_contract, id_player_stats, name, surname, date_of_birth, nationality, position, height) VALUES (170, NULL, 170, 170, 'Mamadi', 'Diakite', '1997-01-21'::DATE, 'Guinea', 'Center and Power Forward', '6-9');
INSERT INTO player_contract (id_contract, money, length) VALUES (171, NULL, NULL);
INSERT INTO player (id_player, id_team, id_contract, id_player_stats, name, surname, date_of_birth, nationality, position, height) VALUES (171, NULL, 171, 171, 'Cheick', 'Diallo', '1996-09-13'::DATE, 'Mali', 'Center and Power Forward', '6-8');
INSERT INTO player_contract (id_contract, money, length) VALUES (172, NULL, NULL);
INSERT INTO player (id_player, id_team, id_contract, id_player_stats, name, surname, date_of_birth, nationality, position, height) VALUES (172, NULL, 172, 172, 'Hamidou', 'Diallo', '1998-07-31'::DATE, 'New York USA', 'Small Forward and Shooting Guard', '6-5');
INSERT INTO player_contract (id_contract, money, length) VALUES (173, NULL, NULL);
INSERT INTO player (id_player, id_team, id_contract, id_player_stats, name, surname, date_of_birth, nationality, position, height) VALUES (173, 28, 173, 173, 'Gradey', 'Dick', '2003-11-20'::DATE, 'Kansas USA', 'Shooting Guard', '6-6');
INSERT INTO contract_year (id_contract_year, id_contract, year, money, option) VALUES (252, 173, '2023-24', 4536720, 'No Option');
INSERT INTO contract_year (id_contract_year, id_contract, year, money, option) VALUES (253, 173, '2024-25', 4763760, 'No Option');
INSERT INTO contract_year (id_contract_year, id_contract, year, money, option) VALUES (254, 173, '2025-26', 4990560, 'Team Option');
INSERT INTO contract_year (id_contract_year, id_contract, year, money, option) VALUES (255, 173, '2026-27', 7131511, 'Team Option');
INSERT INTO player_contract (id_contract, money, length) VALUES (174, NULL, NULL);
INSERT INTO player (id_player, id_team, id_contract, id_player_stats, name, surname, date_of_birth, nationality, position, height) VALUES (174, NULL, 174, 174, 'Gorgui', 'Dieng', '1990-01-18'::DATE, 'Senegal', 'Center and Power Forward', '6-10');
INSERT INTO player_contract (id_contract, money, length) VALUES (175, NULL, NULL);
INSERT INTO player (id_player, id_team, id_contract, id_player_stats, name, surname, date_of_birth, nationality, position, height) VALUES (175, 21, 175, 175, 'Ousmane', 'Dieng', '2003-05-21'::DATE, 'France', 'Power Forward', '6-10');
INSERT INTO contract_year (id_contract_year, id_contract, year, money, option) VALUES (256, 175, '2023-24', 4798440, 'No Option');
INSERT INTO contract_year (id_contract_year, id_contract, year, money, option) VALUES (257, 175, '2024-25', 5027040, 'Team Option');
INSERT INTO contract_year (id_contract_year, id_contract, year, money, option) VALUES (258, 175, '2025-26', 6670882, 'Team Option');
INSERT INTO player_contract (id_contract, money, length) VALUES (176, NULL, NULL);
INSERT INTO player (id_player, id_team, id_contract, id_player_stats, name, surname, date_of_birth, nationality, position, height) VALUES (176, NULL, 176, 176, 'Spencer', 'Dinwiddie', '1993-04-06'::DATE, 'California USA', 'Point Guard and Shooting Guard', '6-5');
INSERT INTO contract_year (id_contract_year, id_contract, year, money, option) VALUES (259, 176, '2023-24', 20357143, 'No Option');
INSERT INTO player_contract (id_contract, money, length) VALUES (177, NULL, NULL);
INSERT INTO player (id_player, id_team, id_contract, id_player_stats, name, surname, date_of_birth, nationality, position, height) VALUES (177, 7, 177, 177, 'Luka', 'Dončić', '1999-02-28'::DATE, 'Slovenia', 'Point Guard and Shooting Guard', '6-7');
INSERT INTO contract_year (id_contract_year, id_contract, year, money, option) VALUES (260, 177, '2023-24', 40064220, 'No Option');
INSERT INTO contract_year (id_contract_year, id_contract, year, money, option) VALUES (261, 177, '2024-25', 43031940, 'No Option');
INSERT INTO contract_year (id_contract_year, id_contract, year, money, option) VALUES (262, 177, '2025-26', 45999660, 'No Option');
INSERT INTO contract_year (id_contract_year, id_contract, year, money, option) VALUES (263, 177, '2026-27', 48967380, 'Player Option');
INSERT INTO player_contract (id_contract, money, length) VALUES (178, NULL, NULL);
INSERT INTO player (id_player, id_team, id_contract, id_player_stats, name, surname, date_of_birth, nationality, position, height) VALUES (178, NULL, 178, 178, 'Tyler', 'Dorsey', '1996-02-18'::DATE, 'California USA', 'Shooting Guard and Small Forward', '6-5');
INSERT INTO player_contract (id_contract, money, length) VALUES (179, NULL, NULL);
INSERT INTO player (id_player, id_team, id_contract, id_player_stats, name, surname, date_of_birth, nationality, position, height) VALUES (179, 21, 179, 179, 'Luguentz', 'Dort', '1999-04-19'::DATE, 'Canada', 'Small Forward and Shooting Guard', '6-3');
INSERT INTO contract_year (id_contract_year, id_contract, year, money, option) VALUES (264, 179, '2023-24', 15277778, 'No Option');
INSERT INTO contract_year (id_contract_year, id_contract, year, money, option) VALUES (265, 179, '2024-25', 16500000, 'No Option');
INSERT INTO contract_year (id_contract_year, id_contract, year, money, option) VALUES (266, 179, '2025-26', 17722222, 'No Option');
INSERT INTO contract_year (id_contract_year, id_contract, year, money, option) VALUES (267, 179, '2026-27', 17722222, 'Team Option');
INSERT INTO player_contract (id_contract, money, length) VALUES (180, NULL, NULL);
INSERT INTO player (id_player, id_team, id_contract, id_player_stats, name, surname, date_of_birth, nationality, position, height) VALUES (180, 5, 180, 180, 'Ayo', 'Dosunmu', '2000-01-17'::DATE, 'Illinois USA', 'Shooting Guard', '6-5');
INSERT INTO contract_year (id_contract_year, id_contract, year, money, option) VALUES (268, 180, '2023-24', 6481482, 'No Option');
INSERT INTO contract_year (id_contract_year, id_contract, year, money, option) VALUES (269, 180, '2024-25', 7000000, 'No Option');
INSERT INTO contract_year (id_contract_year, id_contract, year, money, option) VALUES (270, 180, '2025-26', 7518518, 'No Option');
INSERT INTO player_contract (id_contract, money, length) VALUES (181, NULL, NULL);
INSERT INTO player (id_player, id_team, id_contract, id_player_stats, name, surname, date_of_birth, nationality, position, height) VALUES (181, NULL, 181, 181, 'Devon', 'Dotson', '1999-08-02'::DATE, 'Illinois USA', 'Point Guard', '6-2');
INSERT INTO player_contract (id_contract, money, length) VALUES (182, NULL, NULL);
INSERT INTO player (id_player, id_team, id_contract, id_player_stats, name, surname, date_of_birth, nationality, position, height) VALUES (182, NULL, 182, 182, 'Sekou', 'Doumbouya', '2000-12-23'::DATE, 'Guinea', 'Power Forward', '6-8');
INSERT INTO player_contract (id_contract, money, length) VALUES (183, NULL, NULL);
INSERT INTO player (id_player, id_team, id_contract, id_player_stats, name, surname, date_of_birth, nationality, position, height) VALUES (183, NULL, 183, 183, 'Jeff', 'Dowtin', '1997-05-10'::DATE, 'Maryland USA', 'Point Guard', '6-3');
INSERT INTO player_contract (id_contract, money, length) VALUES (184, NULL, NULL);
INSERT INTO player (id_player, id_team, id_contract, id_player_stats, name, surname, date_of_birth, nationality, position, height) VALUES (184, NULL, 184, 184, 'PJ', 'Dozier', '1996-10-25'::DATE, 'South Carolina USA', 'Shooting Guard, Small Forward, and Point Guard', '6-6');
INSERT INTO player_contract (id_contract, money, length) VALUES (185, NULL, NULL);
INSERT INTO player (id_player, id_team, id_contract, id_player_stats, name, surname, date_of_birth, nationality, position, height) VALUES (185, NULL, 185, 185, 'Goran', 'Dragić', '1986-05-06'::DATE, 'Slovenia', 'Point Guard and Shooting Guard', '6-4');
INSERT INTO player_contract (id_contract, money, length) VALUES (186, NULL, NULL);
INSERT INTO player (id_player, id_team, id_contract, id_player_stats, name, surname, date_of_birth, nationality, position, height) VALUES (186, 5, 186, 186, 'Andre', 'Drummond', '1993-08-10'::DATE, 'New York USA', 'Center', '6-11');
INSERT INTO contract_year (id_contract_year, id_contract, year, money, option) VALUES (271, 186, '2023-24', 3360000, 'Player Option');
INSERT INTO player_contract (id_contract, money, length) VALUES (187, NULL, NULL);
INSERT INTO player (id_player, id_team, id_contract, id_player_stats, name, surname, date_of_birth, nationality, position, height) VALUES (187, 26, 187, 187, 'Chris', 'Duarte', '1997-06-13'::DATE, 'Dominican Republic', 'Small Forward and Shooting Guard', '6-6');
INSERT INTO contract_year (id_contract_year, id_contract, year, money, option) VALUES (272, 187, '2023-24', 4124400, 'Team Option');
INSERT INTO contract_year (id_contract_year, id_contract, year, money, option) VALUES (273, 187, '2024-25', 5893768, 'Team Option');
INSERT INTO player_contract (id_contract, money, length) VALUES (188, NULL, NULL);
INSERT INTO player (id_player, id_team, id_contract, id_player_stats, name, surname, date_of_birth, nationality, position, height) VALUES (188, NULL, 188, 188, 'David', 'Duke Jr.', '1999-10-13'::DATE, 'Rhode Island USA', 'Shooting Guard and Point Guard', '6-5');
INSERT INTO player_contract (id_contract, money, length) VALUES (189, NULL, NULL);
INSERT INTO player (id_player, id_team, id_contract, id_player_stats, name, surname, date_of_birth, nationality, position, height) VALUES (189, 29, 189, 189, 'Kris', 'Dunn', '1994-03-18'::DATE, 'Connecticut USA', 'Point Guard', '6-3');
INSERT INTO contract_year (id_contract_year, id_contract, year, money, option) VALUES (274, 189, '2023-24', 2586665, 'No Option');
INSERT INTO player_contract (id_contract, money, length) VALUES (190, NULL, NULL);
INSERT INTO player (id_player, id_team, id_contract, id_player_stats, name, surname, date_of_birth, nationality, position, height) VALUES (190, 24, 190, 190, 'Kevin', 'Durant', '1988-09-29'::DATE, 'District of Columbia', 'Small Forward, Power Forward, and Shooting Guard', '6-11');
INSERT INTO contract_year (id_contract_year, id_contract, year, money, option) VALUES (275, 190, '2023-24', 47649433, 'No Option');
INSERT INTO contract_year (id_contract_year, id_contract, year, money, option) VALUES (276, 190, '2024-25', 51179021, 'No Option');
INSERT INTO contract_year (id_contract_year, id_contract, year, money, option) VALUES (277, 190, '2025-26', 54708609, 'No Option');
INSERT INTO player_contract (id_contract, money, length) VALUES (191, NULL, NULL);
INSERT INTO player (id_player, id_team, id_contract, id_player_stats, name, surname, date_of_birth, nationality, position, height) VALUES (191, 9, 191, 191, 'Jalen', 'Duren', '2003-11-18'::DATE, 'Delaware USA', 'Center', '6-10');
INSERT INTO contract_year (id_contract_year, id_contract, year, money, option) VALUES (278, 191, '2023-24', 4330680, 'No Option');
INSERT INTO contract_year (id_contract_year, id_contract, year, money, option) VALUES (279, 191, '2024-25', 4536840, 'Team Option');
INSERT INTO contract_year (id_contract_year, id_contract, year, money, option) VALUES (280, 191, '2025-26', 6483144, 'Team Option');
INSERT INTO player_contract (id_contract, money, length) VALUES (192, NULL, NULL);
INSERT INTO player (id_player, id_team, id_contract, id_player_stats, name, surname, date_of_birth, nationality, position, height) VALUES (192, NULL, 192, 192, 'Trevon', 'Duval', '1998-08-03'::DATE, 'Delaware USA', 'Point Guard', '6-2');
INSERT INTO player_contract (id_contract, money, length) VALUES (193, NULL, NULL);
INSERT INTO player (id_player, id_team, id_contract, id_player_stats, name, surname, date_of_birth, nationality, position, height) VALUES (193, 11, 193, 193, 'Tari', 'Eason', '2001-05-10'::DATE, 'Virginia USA', 'Power Forward', '6-8');
INSERT INTO contract_year (id_contract_year, id_contract, year, money, option) VALUES (281, 193, '2023-24', 3527160, 'No Option');
INSERT INTO contract_year (id_contract_year, id_contract, year, money, option) VALUES (282, 193, '2024-25', 3695160, 'Team Option');
INSERT INTO contract_year (id_contract_year, id_contract, year, money, option) VALUES (283, 193, '2025-26', 5675766, 'Team Option');
INSERT INTO player_contract (id_contract, money, length) VALUES (194, NULL, NULL);
INSERT INTO player (id_player, id_team, id_contract, id_player_stats, name, surname, date_of_birth, nationality, position, height) VALUES (194, NULL, 194, 194, 'Jaime', 'Echenique', '1997-04-27'::DATE, 'Colombia', 'Center', '6-11');
INSERT INTO player_contract (id_contract, money, length) VALUES (195, NULL, NULL);
INSERT INTO player (id_player, id_team, id_contract, id_player_stats, name, surname, date_of_birth, nationality, position, height) VALUES (195, NULL, 195, 195, 'Anthony', 'Edwards', '2001-08-05'::DATE, 'Georgia USA', 'Shooting Guard', '6-4');
INSERT INTO contract_year (id_contract_year, id_contract, year, money, option) VALUES (284, 195, '2023-24', 13534817, 'Team Option');
INSERT INTO contract_year (id_contract_year, id_contract, year, money, option) VALUES (285, 195, '2024-25', 35500000, 'No Option');
INSERT INTO contract_year (id_contract_year, id_contract, year, money, option) VALUES (286, 195, '2025-26', 38340000, 'No Option');
INSERT INTO contract_year (id_contract_year, id_contract, year, money, option) VALUES (287, 195, '2026-27', 41180000, 'No Option');
INSERT INTO contract_year (id_contract_year, id_contract, year, money, option) VALUES (288, 195, '2027-28', 44020000, 'No Option');
INSERT INTO contract_year (id_contract_year, id_contract, year, money, option) VALUES (289, 195, '2028-29', 46860000, 'No Option');
INSERT INTO player_contract (id_contract, money, length) VALUES (196, NULL, NULL);
INSERT INTO player (id_player, id_team, id_contract, id_player_stats, name, surname, date_of_birth, nationality, position, height) VALUES (196, NULL, 196, 196, 'Carsen', 'Edwards', '1998-03-12'::DATE, 'Texas USA', 'Shooting Guard', '5-11');
INSERT INTO player_contract (id_contract, money, length) VALUES (197, NULL, NULL);
INSERT INTO player (id_player, id_team, id_contract, id_player_stats, name, surname, date_of_birth, nationality, position, height) VALUES (197, 26, 197, 197, 'Kessler', 'Edwards', '2000-08-09'::DATE, 'California USA', 'Small Forward', '6-8');
INSERT INTO contract_year (id_contract_year, id_contract, year, money, option) VALUES (290, 197, '2023-24', 1927896, 'Team Option');
INSERT INTO player_contract (id_contract, money, length) VALUES (198, NULL, NULL);
INSERT INTO player (id_player, id_team, id_contract, id_player_stats, name, surname, date_of_birth, nationality, position, height) VALUES (198, NULL, 198, 198, 'Rob', 'Edwards', '1997-01-20'::DATE, 'Michigan USA', 'Shooting Guard', '6-5');
INSERT INTO player_contract (id_contract, money, length) VALUES (199, NULL, NULL);
INSERT INTO player (id_player, id_team, id_contract, id_player_stats, name, surname, date_of_birth, nationality, position, height) VALUES (199, NULL, 199, 199, 'Vince', 'Edwards', '1996-04-05'::DATE, 'Ohio USA', 'Small Forward', '6-8');
INSERT INTO player_contract (id_contract, money, length) VALUES (200, NULL, NULL);
INSERT INTO player (id_player, id_team, id_contract, id_player_stats, name, surname, date_of_birth, nationality, position, height) VALUES (200, NULL, 200, 200, 'CJ', 'Elleby', '2000-06-16'::DATE, 'Washington USA', 'Small Forward', '6-6');
INSERT INTO player_contract (id_contract, money, length) VALUES (201, NULL, NULL);
INSERT INTO player (id_player, id_team, id_contract, id_player_stats, name, surname, date_of_birth, nationality, position, height) VALUES (201, 26, 201, 201, 'Keon', 'Ellis', '2000-01-08'::DATE, 'Florida USA', 'Shooting Guard', '6-6');
INSERT INTO player_contract (id_contract, money, length) VALUES (202, NULL, NULL);
INSERT INTO player (id_player, id_team, id_contract, id_player_stats, name, surname, date_of_birth, nationality, position, height) VALUES (202, 23, 202, 202, 'Joel', 'Embiid', '1994-03-16'::DATE, 'Cameroon', 'Center', '7-0');
INSERT INTO contract_year (id_contract_year, id_contract, year, money, option) VALUES (291, 202, '2023-24', 47607350, 'No Option');
INSERT INTO contract_year (id_contract_year, id_contract, year, money, option) VALUES (292, 202, '2024-25', 51415938, 'No Option');
INSERT INTO contract_year (id_contract_year, id_contract, year, money, option) VALUES (293, 202, '2025-26', 55224526, 'No Option');
INSERT INTO contract_year (id_contract_year, id_contract, year, money, option) VALUES (294, 202, '2026-27', 59033114, 'Player Option');
INSERT INTO player_contract (id_contract, money, length) VALUES (203, NULL, NULL);
INSERT INTO player (id_player, id_team, id_contract, id_player_stats, name, surname, date_of_birth, nationality, position, height) VALUES (203, 24, 203, 203, 'Drew', 'Eubanks', '1997-02-01'::DATE, 'Mississippi USA', 'Center and Power Forward', '6-9');
INSERT INTO contract_year (id_contract_year, id_contract, year, money, option) VALUES (295, 203, '2023-24', 2346614, 'No Option');
INSERT INTO contract_year (id_contract_year, id_contract, year, money, option) VALUES (296, 203, '2024-25', 2654644, 'No Option');
INSERT INTO player_contract (id_contract, money, length) VALUES (204, NULL, NULL);
INSERT INTO player (id_player, id_team, id_contract, id_player_stats, name, surname, date_of_birth, nationality, position, height) VALUES (204, NULL, 204, 204, 'Jacob', 'Evans', '1997-06-18'::DATE, 'North Carolina USA', 'Shooting Guard', '6-4');
INSERT INTO player_contract (id_contract, money, length) VALUES (205, NULL, NULL);
INSERT INTO player (id_player, id_team, id_contract, id_player_stats, name, surname, date_of_birth, nationality, position, height) VALUES (205, NULL, 205, 205, 'Kenneth', 'Faried', '1989-11-19'::DATE, 'New Jersey USA', 'Power Forward and Center', '6-8');
INSERT INTO player_contract (id_contract, money, length) VALUES (206, NULL, NULL);
INSERT INTO player (id_player, id_team, id_contract, id_player_stats, name, surname, date_of_birth, nationality, position, height) VALUES (206, NULL, 206, 206, 'Derrick', 'Favors', '1991-07-15'::DATE, 'Georgia USA', 'Power Forward and Center', '6-9');
INSERT INTO player_contract (id_contract, money, length) VALUES (207, NULL, NULL);
INSERT INTO player (id_player, id_team, id_contract, id_player_stats, name, surname, date_of_birth, nationality, position, height) VALUES (207, NULL, 207, 207, 'Bruno', 'Fernando', '1998-08-15'::DATE, 'Angola', 'Center', '6-9');
INSERT INTO contract_year (id_contract_year, id_contract, year, money, option) VALUES (297, 207, '2023-24', 2581522, 'No Option');
INSERT INTO contract_year (id_contract_year, id_contract, year, money, option) VALUES (298, 207, '2024-25', 2717391, 'No Option');
INSERT INTO contract_year (id_contract_year, id_contract, year, money, option) VALUES (299, 207, '2025-26', 2853260, 'Team Option');
INSERT INTO player_contract (id_contract, money, length) VALUES (208, NULL, NULL);
INSERT INTO player (id_player, id_team, id_contract, id_player_stats, name, surname, date_of_birth, nationality, position, height) VALUES (208, 3, 208, 208, 'Dorian', 'Finney-Smith', '1993-05-04'::DATE, 'Virginia USA', 'Power Forward and Small Forward', '6-7');
INSERT INTO contract_year (id_contract_year, id_contract, year, money, option) VALUES (300, 208, '2023-24', 13932008, 'No Option');
INSERT INTO contract_year (id_contract_year, id_contract, year, money, option) VALUES (301, 208, '2024-25', 14924167, 'No Option');
INSERT INTO contract_year (id_contract_year, id_contract, year, money, option) VALUES (302, 208, '2025-26', 15378480, 'Player Option');
INSERT INTO player_contract (id_contract, money, length) VALUES (209, NULL, NULL);
INSERT INTO player (id_player, id_team, id_contract, id_player_stats, name, surname, date_of_birth, nationality, position, height) VALUES (209, NULL, 209, 209, 'Malik', 'Fitts', '1997-07-04'::DATE, 'California USA', 'Power Forward', '6-8');
INSERT INTO contract_year (id_contract_year, id_contract, year, money, option) VALUES (303, 209, '2023-24', 555217, 'No Option');
INSERT INTO contract_year (id_contract_year, id_contract, year, money, option) VALUES (304, 209, '2024-25', 555216, 'No Option');
INSERT INTO player_contract (id_contract, money, length) VALUES (210, NULL, NULL);
INSERT INTO player (id_player, id_team, id_contract, id_player_stats, name, surname, date_of_birth, nationality, position, height) VALUES (210, NULL, 210, 210, 'Malachi', 'Flynn', '1998-05-10'::DATE, 'Washington USA', 'Point Guard', '6-1');
INSERT INTO contract_year (id_contract_year, id_contract, year, money, option) VALUES (305, 210, '2023-24', 3873025, 'Team Option');
INSERT INTO player_contract (id_contract, money, length) VALUES (211, NULL, NULL);
INSERT INTO player (id_player, id_team, id_contract, id_player_stats, name, surname, date_of_birth, nationality, position, height) VALUES (211, 29, 211, 211, 'Simone', 'Fontecchio', '1995-12-09'::DATE, 'Italy', 'Small Forward', '6-8');
INSERT INTO contract_year (id_contract_year, id_contract, year, money, option) VALUES (306, 211, '2023-24', 3044872, 'No Option');
INSERT INTO player_contract (id_contract, money, length) VALUES (212, NULL, NULL);
INSERT INTO player (id_player, id_team, id_contract, id_player_stats, name, surname, date_of_birth, nationality, position, height) VALUES (212, NULL, 212, 212, 'Bryn', 'Forbes', '1993-07-23'::DATE, 'Michigan USA', 'Shooting Guard', '6-2');
INSERT INTO player_contract (id_contract, money, length) VALUES (213, NULL, NULL);
INSERT INTO player (id_player, id_team, id_contract, id_player_stats, name, surname, date_of_birth, nationality, position, height) VALUES (213, NULL, 213, 213, 'Aleem', 'Ford', '1997-12-22'::DATE, 'Georgia USA', 'Small Forward', '6-8');
INSERT INTO player_contract (id_contract, money, length) VALUES (214, NULL, NULL);
INSERT INTO player (id_player, id_team, id_contract, id_player_stats, name, surname, date_of_birth, nationality, position, height) VALUES (214, 26, 214, 214, 'Jordan', 'Ford', '1998-05-26'::DATE, 'California USA', 'Point Guard', '6-1');
INSERT INTO player_contract (id_contract, money, length) VALUES (215, NULL, NULL);
INSERT INTO player (id_player, id_team, id_contract, id_player_stats, name, surname, date_of_birth, nationality, position, height) VALUES (215, 1, 215, 215, 'Trent', 'Forrest', '1998-06-12'::DATE, 'Alabama USA', 'Shooting Guard and Point Guard', '6-4');
INSERT INTO player_contract (id_contract, money, length) VALUES (216, NULL, NULL);
INSERT INTO player (id_player, id_team, id_contract, id_player_stats, name, surname, date_of_birth, nationality, position, height) VALUES (216, NULL, 216, 216, 'Michael', 'Foster Jr.', '2003-01-16'::DATE, 'Wisconsin USA', 'Power Forward', '6-8');
INSERT INTO player_contract (id_contract, money, length) VALUES (217, NULL, NULL);
INSERT INTO player (id_player, id_team, id_contract, id_player_stats, name, surname, date_of_birth, nationality, position, height) VALUES (217, 20, 217, 217, 'Evan', 'Fournier', '1992-10-29'::DATE, 'France', 'Shooting Guard and Small Forward', '6-6');
INSERT INTO contract_year (id_contract_year, id_contract, year, money, option) VALUES (307, 217, '2023-24', 18857143, 'No Option');
INSERT INTO contract_year (id_contract_year, id_contract, year, money, option) VALUES (308, 217, '2024-25', 19000000, 'Team Option');
INSERT INTO player_contract (id_contract, money, length) VALUES (218, NULL, NULL);
INSERT INTO player (id_player, id_team, id_contract, id_player_stats, name, surname, date_of_birth, nationality, position, height) VALUES (218, 26, 218, 218, 'DeAaron', 'Fox', '1997-12-20'::DATE, 'Louisiana USA', 'Point Guard', '6-3');
INSERT INTO contract_year (id_contract_year, id_contract, year, money, option) VALUES (309, 218, '2023-24', 32600060, 'No Option');
INSERT INTO contract_year (id_contract_year, id_contract, year, money, option) VALUES (310, 218, '2024-25', 34848340, 'No Option');
INSERT INTO contract_year (id_contract_year, id_contract, year, money, option) VALUES (311, 218, '2025-26', 37096620, 'No Option');
INSERT INTO player_contract (id_contract, money, length) VALUES (219, NULL, NULL);
INSERT INTO player (id_player, id_team, id_contract, id_player_stats, name, surname, date_of_birth, nationality, position, height) VALUES (219, NULL, 219, 219, 'Melvin', 'Frazier', '1996-08-30'::DATE, 'Louisiana USA', 'Shooting Guard', '6-5');
INSERT INTO player_contract (id_contract, money, length) VALUES (220, NULL, NULL);
INSERT INTO player (id_player, id_team, id_contract, id_player_stats, name, surname, date_of_birth, nationality, position, height) VALUES (220, 14, 220, 220, 'Alex', 'Fudge', '2003-05-06'::DATE, 'Florida USA', 'Small Forward', '6-8');
INSERT INTO player_contract (id_contract, money, length) VALUES (221, NULL, NULL);
INSERT INTO player (id_player, id_team, id_contract, id_player_stats, name, surname, date_of_birth, nationality, position, height) VALUES (221, 22, 221, 221, 'Markelle', 'Fultz', '1998-05-29'::DATE, 'Maryland USA', 'Point Guard and Shooting Guard', '6-4');
INSERT INTO contract_year (id_contract_year, id_contract, year, money, option) VALUES (312, 221, '2023-24', 17000000, 'No Option');
INSERT INTO player_contract (id_contract, money, length) VALUES (222, NULL, NULL);
INSERT INTO player (id_player, id_team, id_contract, id_player_stats, name, surname, date_of_birth, nationality, position, height) VALUES (222, NULL, 222, 222, 'Wenyen', 'Gabriel', '1997-03-26'::DATE, 'Sudan', 'Power Forward and Center', '6-9');
INSERT INTO player_contract (id_contract, money, length) VALUES (223, NULL, NULL);
INSERT INTO player (id_player, id_team, id_contract, id_player_stats, name, surname, date_of_birth, nationality, position, height) VALUES (223, 30, 223, 223, 'Daniel', 'Gafford', '1998-10-01'::DATE, 'Arkansas USA', 'Center', '6-10');
INSERT INTO contract_year (id_contract_year, id_contract, year, money, option) VALUES (313, 223, '2023-24', 12402000, 'No Option');
INSERT INTO contract_year (id_contract_year, id_contract, year, money, option) VALUES (314, 223, '2024-25', 13394160, 'No Option');
INSERT INTO contract_year (id_contract_year, id_contract, year, money, option) VALUES (315, 223, '2025-26', 14386320, 'No Option');
INSERT INTO player_contract (id_contract, money, length) VALUES (224, NULL, NULL);
INSERT INTO player (id_player, id_team, id_contract, id_player_stats, name, surname, date_of_birth, nationality, position, height) VALUES (224, 30, 224, 224, 'Danilo', 'Gallinari', '1988-08-08'::DATE, 'Italy', 'Small Forward, Power Forward, and Shooting Guard', '6-10');
INSERT INTO contract_year (id_contract_year, id_contract, year, money, option) VALUES (316, 224, '2023-24', 6802950, 'Player Option');
INSERT INTO player_contract (id_contract, money, length) VALUES (225, NULL, NULL);
INSERT INTO player (id_player, id_team, id_contract, id_player_stats, name, surname, date_of_birth, nationality, position, height) VALUES (225, NULL, 225, 225, 'Langston', 'Galloway', '1991-12-09'::DATE, 'Louisiana USA', 'Shooting Guard and Point Guard', '6-1');
INSERT INTO player_contract (id_contract, money, length) VALUES (226, NULL, NULL);
INSERT INTO player (id_player, id_team, id_contract, id_player_stats, name, surname, date_of_birth, nationality, position, height) VALUES (226, 6, 226, 226, 'Darius', 'Garland', '2000-01-26'::DATE, 'Indiana USA', 'Point Guard and Shooting Guard', '6-1');
INSERT INTO contract_year (id_contract_year, id_contract, year, money, option) VALUES (317, 226, '2023-24', 34005250, 'No Option');
INSERT INTO contract_year (id_contract_year, id_contract, year, money, option) VALUES (318, 226, '2024-25', 36725670, 'No Option');
INSERT INTO contract_year (id_contract_year, id_contract, year, money, option) VALUES (319, 226, '2025-26', 39446090, 'No Option');
INSERT INTO contract_year (id_contract_year, id_contract, year, money, option) VALUES (320, 226, '2026-27', 42166510, 'No Option');
INSERT INTO contract_year (id_contract_year, id_contract, year, money, option) VALUES (321, 226, '2027-28', 44886930, 'No Option');
INSERT INTO player_contract (id_contract, money, length) VALUES (227, NULL, NULL);
INSERT INTO player (id_player, id_team, id_contract, id_player_stats, name, surname, date_of_birth, nationality, position, height) VALUES (227, NULL, 227, 227, 'Marcus', 'Garrett', '1998-11-09'::DATE, 'Texas USA', 'Shooting Guard', '6-5');
INSERT INTO player_contract (id_contract, money, length) VALUES (228, NULL, NULL);
INSERT INTO player (id_player, id_team, id_contract, id_player_stats, name, surname, date_of_birth, nationality, position, height) VALUES (228, NULL, 228, 228, 'Usman', 'Garuba', '2002-03-09'::DATE, 'Spain', 'Power Forward and Center', '6-8');
INSERT INTO contract_year (id_contract_year, id_contract, year, money, option) VALUES (322, 228, '2023-24', 2588400, 'Team Option');
INSERT INTO player_contract (id_contract, money, length) VALUES (229, NULL, NULL);
INSERT INTO player (id_player, id_team, id_contract, id_player_stats, name, surname, date_of_birth, nationality, position, height) VALUES (229, 18, 229, 229, 'Luka', 'Garza', '1998-12-27'::DATE, 'District of Columbia', 'Center', '6-10');
INSERT INTO player_contract (id_contract, money, length) VALUES (230, NULL, NULL);
INSERT INTO player (id_player, id_team, id_contract, id_player_stats, name, surname, date_of_birth, nationality, position, height) VALUES (230, 19, 230, 230, 'Kaiser', 'Gates', '1996-11-08'::DATE, 'Georgia USA', 'Small Forward', '6-8');
INSERT INTO player_contract (id_contract, money, length) VALUES (231, NULL, NULL);
INSERT INTO player (id_player, id_team, id_contract, id_player_stats, name, surname, date_of_birth, nationality, position, height) VALUES (231, NULL, 231, 231, 'Rudy', 'Gay', '1986-08-17'::DATE, 'New York USA', 'Small Forward and Power Forward', '6-8');
INSERT INTO contract_year (id_contract_year, id_contract, year, money, option) VALUES (323, 231, '2023-24', 6479000, 'Player Option');
INSERT INTO player_contract (id_contract, money, length) VALUES (232, NULL, NULL);
INSERT INTO player (id_player, id_team, id_contract, id_player_stats, name, surname, date_of_birth, nationality, position, height) VALUES (232, 29, 232, 232, 'Keyonte', 'George', '2003-11-08'::DATE, 'Texas USA', 'Point Guard and Shooting Guard', '6-4');
INSERT INTO contract_year (id_contract_year, id_contract, year, money, option) VALUES (324, 232, '2023-24', 3889800, 'No Option');
INSERT INTO contract_year (id_contract_year, id_contract, year, money, option) VALUES (325, 232, '2024-25', 4084200, 'No Option');
INSERT INTO contract_year (id_contract_year, id_contract, year, money, option) VALUES (326, 232, '2025-26', 4278960, 'Team Option');
INSERT INTO contract_year (id_contract_year, id_contract, year, money, option) VALUES (327, 232, '2026-27', 6563925, 'Team Option');
INSERT INTO player_contract (id_contract, money, length) VALUES (233, NULL, NULL);
INSERT INTO player (id_player, id_team, id_contract, id_player_stats, name, surname, date_of_birth, nationality, position, height) VALUES (233, 13, 233, 233, 'Paul', 'George', '1990-05-02'::DATE, 'California USA', 'Small Forward, Power Forward, and Shooting Guard', '6-8');
INSERT INTO contract_year (id_contract_year, id_contract, year, money, option) VALUES (328, 233, '2023-24', 45640084, 'No Option');
INSERT INTO contract_year (id_contract_year, id_contract, year, money, option) VALUES (329, 233, '2024-25', 48787676, 'Player Option');
INSERT INTO player_contract (id_contract, money, length) VALUES (234, NULL, NULL);
INSERT INTO player (id_player, id_team, id_contract, id_player_stats, name, surname, date_of_birth, nationality, position, height) VALUES (234, NULL, 234, 234, 'Taj', 'Gibson', '1985-06-24'::DATE, 'New York USA', 'Power Forward and Center', '6-9');
INSERT INTO contract_year (id_contract_year, id_contract, year, money, option) VALUES (330, 234, '2023-24', 2019706, 'No Option');
INSERT INTO player_contract (id_contract, money, length) VALUES (235, NULL, NULL);
INSERT INTO player (id_player, id_team, id_contract, id_player_stats, name, surname, date_of_birth, nationality, position, height) VALUES (235, 21, 235, 235, 'Josh', 'Giddey', '2002-10-10'::DATE, 'Australia', 'Shooting Guard, Power Forward, and Small Forward', '6-8');
INSERT INTO contract_year (id_contract_year, id_contract, year, money, option) VALUES (331, 235, '2023-24', 6587040, 'Team Option');
INSERT INTO contract_year (id_contract_year, id_contract, year, money, option) VALUES (332, 235, '2024-25', 8352367, 'Team Option');
INSERT INTO player_contract (id_contract, money, length) VALUES (236, NULL, NULL);
INSERT INTO player (id_player, id_team, id_contract, id_player_stats, name, surname, date_of_birth, nationality, position, height) VALUES (236, 21, 236, 236, 'Shai', 'Gilgeous-Alexander', '1998-07-12'::DATE, 'Canada', 'Point Guard and Shooting Guard', '6-6');
INSERT INTO contract_year (id_contract_year, id_contract, year, money, option) VALUES (333, 236, '2023-24', 33386850, 'No Option');
INSERT INTO contract_year (id_contract_year, id_contract, year, money, option) VALUES (334, 236, '2024-25', 35859950, 'No Option');
INSERT INTO contract_year (id_contract_year, id_contract, year, money, option) VALUES (335, 236, '2025-26', 38333050, 'No Option');
INSERT INTO contract_year (id_contract_year, id_contract, year, money, option) VALUES (336, 236, '2026-27', 40806150, 'No Option');
INSERT INTO player_contract (id_contract, money, length) VALUES (237, NULL, NULL);
INSERT INTO player (id_player, id_team, id_contract, id_player_stats, name, surname, date_of_birth, nationality, position, height) VALUES (237, 30, 237, 237, 'Anthony', 'Gill', '1992-10-17'::DATE, 'North Carolina USA', 'Power Forward', '6-7');
INSERT INTO contract_year (id_contract_year, id_contract, year, money, option) VALUES (337, 237, '2023-24', 1997238, 'No Option');
INSERT INTO player_contract (id_contract, money, length) VALUES (238, NULL, NULL);
INSERT INTO player (id_player, id_team, id_contract, id_player_stats, name, surname, date_of_birth, nationality, position, height) VALUES (238, 8, 238, 238, 'Collin', 'Gillespie', '1999-06-25'::DATE, 'Pennsylvania USA', 'Point Guard', '6-1');
INSERT INTO player_contract (id_contract, money, length) VALUES (239, NULL, NULL);
INSERT INTO player (id_player, id_team, id_contract, id_player_stats, name, surname, date_of_birth, nationality, position, height) VALUES (239, 15, 239, 239, 'Jacob', 'Gilyard', '1998-07-14'::DATE, 'Missouri USA', 'Point Guard', '5-9');
INSERT INTO player_contract (id_contract, money, length) VALUES (240, NULL, NULL);
INSERT INTO player (id_player, id_team, id_contract, id_player_stats, name, surname, date_of_birth, nationality, position, height) VALUES (240, 18, 240, 240, 'Rudy', 'Gobert', '1992-06-26'::DATE, 'France', 'Center', '7-1');
INSERT INTO contract_year (id_contract_year, id_contract, year, money, option) VALUES (338, 240, '2023-24', 41000000, 'No Option');
INSERT INTO contract_year (id_contract_year, id_contract, year, money, option) VALUES (339, 240, '2024-25', 43827586, 'No Option');
INSERT INTO contract_year (id_contract_year, id_contract, year, money, option) VALUES (340, 240, '2025-26', 46655172, 'Player Option');
INSERT INTO player_contract (id_contract, money, length) VALUES (241, NULL, NULL);
INSERT INTO player (id_player, id_team, id_contract, id_player_stats, name, surname, date_of_birth, nationality, position, height) VALUES (241, NULL, 241, 241, 'Brandon', 'Goodwin', '1995-10-02'::DATE, 'Georgia USA', 'Point Guard', '6-0');
INSERT INTO player_contract (id_contract, money, length) VALUES (242, NULL, NULL);
INSERT INTO player (id_player, id_team, id_contract, id_player_stats, name, surname, date_of_birth, nationality, position, height) VALUES (242, 24, 242, 242, 'Jordan', 'Goodwin', '1998-10-23'::DATE, 'Illinois USA', 'Point Guard and Shooting Guard', '6-3');
INSERT INTO contract_year (id_contract_year, id_contract, year, money, option) VALUES (341, 242, '2023-24', 1927896, 'No Option');
INSERT INTO contract_year (id_contract_year, id_contract, year, money, option) VALUES (342, 242, '2024-25', 2092344, 'Team Option');
INSERT INTO player_contract (id_contract, money, length) VALUES (243, NULL, NULL);
INSERT INTO player (id_player, id_team, id_contract, id_player_stats, name, surname, date_of_birth, nationality, position, height) VALUES (243, 8, 243, 243, 'Aaron', 'Gordon', '1995-09-16'::DATE, 'California USA', 'Power Forward and Small Forward', '6-8');
INSERT INTO contract_year (id_contract_year, id_contract, year, money, option) VALUES (343, 243, '2023-24', 22266182, 'No Option');
INSERT INTO contract_year (id_contract_year, id_contract, year, money, option) VALUES (344, 243, '2024-25', 23841455, 'No Option');
INSERT INTO contract_year (id_contract_year, id_contract, year, money, option) VALUES (345, 243, '2025-26', 23841455, 'Player Option');
INSERT INTO player_contract (id_contract, money, length) VALUES (244, NULL, NULL);
INSERT INTO player (id_player, id_team, id_contract, id_player_stats, name, surname, date_of_birth, nationality, position, height) VALUES (244, 24, 244, 244, 'Eric', 'Gordon', '1988-12-25'::DATE, 'Indiana USA', 'Shooting Guard and Small Forward', '6-3');
INSERT INTO contract_year (id_contract_year, id_contract, year, money, option) VALUES (346, 244, '2023-24', 3196448, 'No Option');
INSERT INTO contract_year (id_contract_year, id_contract, year, money, option) VALUES (347, 244, '2024-25', 3356271, 'Player Option');
INSERT INTO player_contract (id_contract, money, length) VALUES (245, NULL, NULL);
INSERT INTO player (id_player, id_team, id_contract, id_player_stats, name, surname, date_of_birth, nationality, position, height) VALUES (245, 27, 245, 245, 'Devonte', 'Graham', '1995-02-22'::DATE, 'North Carolina USA', 'Point Guard', '6-1');
INSERT INTO contract_year (id_contract_year, id_contract, year, money, option) VALUES (348, 245, '2023-24', 12100000, 'No Option');
INSERT INTO contract_year (id_contract_year, id_contract, year, money, option) VALUES (349, 245, '2024-25', 12650000, 'No Option');
INSERT INTO player_contract (id_contract, money, length) VALUES (246, NULL, NULL);
INSERT INTO player (id_player, id_team, id_contract, id_player_stats, name, surname, date_of_birth, nationality, position, height) VALUES (246, NULL, 246, 246, 'Treveon', 'Graham', '1993-10-28'::DATE, 'Maryland USA', 'Shooting Guard and Small Forward', '6-5');
INSERT INTO player_contract (id_contract, money, length) VALUES (247, NULL, NULL);
INSERT INTO player (id_player, id_team, id_contract, id_player_stats, name, surname, date_of_birth, nationality, position, height) VALUES (247, 25, 247, 247, 'Jerami', 'Grant', '1994-03-12'::DATE, 'Oregon USA', 'Power Forward and Small Forward', '6-7');
INSERT INTO contract_year (id_contract_year, id_contract, year, money, option) VALUES (350, 247, '2023-24', 27586207, 'No Option');
INSERT INTO contract_year (id_contract_year, id_contract, year, money, option) VALUES (351, 247, '2024-25', 29793104, 'No Option');
INSERT INTO contract_year (id_contract_year, id_contract, year, money, option) VALUES (352, 247, '2025-26', 32000001, 'No Option');
INSERT INTO contract_year (id_contract_year, id_contract, year, money, option) VALUES (353, 247, '2026-27', 34206898, 'No Option');
INSERT INTO contract_year (id_contract_year, id_contract, year, money, option) VALUES (354, 247, '2027-28', 36413790, 'Player Option');
INSERT INTO player_contract (id_contract, money, length) VALUES (248, NULL, NULL);
INSERT INTO player (id_player, id_team, id_contract, id_player_stats, name, surname, date_of_birth, nationality, position, height) VALUES (248, NULL, 248, 248, 'Hassani', 'Gravett', '1996-07-16'::DATE, 'Georgia USA', 'Point Guard', '6-2');
INSERT INTO player_contract (id_contract, money, length) VALUES (249, NULL, NULL);
INSERT INTO player (id_player, id_team, id_contract, id_player_stats, name, surname, date_of_birth, nationality, position, height) VALUES (249, NULL, 249, 249, 'RaiQuan', 'Gray', '1999-07-07'::DATE, 'Florida USA', 'Power Forward', '6-8');
INSERT INTO player_contract (id_contract, money, length) VALUES (250, NULL, NULL);
INSERT INTO player (id_player, id_team, id_contract, id_player_stats, name, surname, date_of_birth, nationality, position, height) VALUES (250, 17, 250, 250, 'A.J.', 'Green', '1999-09-27'::DATE, 'Iowa USA', 'Shooting Guard', '6-4');
INSERT INTO contract_year (id_contract_year, id_contract, year, money, option) VALUES (355, 250, '2023-24', 1901769, 'No Option');
INSERT INTO contract_year (id_contract_year, id_contract, year, money, option) VALUES (356, 250, '2024-25', 2120693, 'No Option');
INSERT INTO contract_year (id_contract_year, id_contract, year, money, option) VALUES (357, 250, '2025-26', 2301587, 'No Option');
INSERT INTO player_contract (id_contract, money, length) VALUES (251, NULL, NULL);
INSERT INTO player (id_player, id_team, id_contract, id_player_stats, name, surname, date_of_birth, nationality, position, height) VALUES (251, 23, 251, 251, 'Danny', 'Green', '1987-06-22'::DATE, 'New York USA', 'Shooting Guard and Small Forward', '6-6');
INSERT INTO contract_year (id_contract_year, id_contract, year, money, option) VALUES (358, 251, '2023-24', 200000, 'No Option');
INSERT INTO player_contract (id_contract, money, length) VALUES (252, NULL, NULL);
INSERT INTO player (id_player, id_team, id_contract, id_player_stats, name, surname, date_of_birth, nationality, position, height) VALUES (252, 10, 252, 252, 'Draymond', 'Green', '1990-03-04'::DATE, 'Michigan USA', 'Power Forward and Small Forward', '6-6');
INSERT INTO contract_year (id_contract_year, id_contract, year, money, option) VALUES (359, 252, '2023-24', 22321429, 'No Option');
INSERT INTO contract_year (id_contract_year, id_contract, year, money, option) VALUES (360, 252, '2024-25', 24107143, 'No Option');
INSERT INTO contract_year (id_contract_year, id_contract, year, money, option) VALUES (361, 252, '2025-26', 25892857, 'No Option');
INSERT INTO contract_year (id_contract_year, id_contract, year, money, option) VALUES (362, 252, '2026-27', 27678571, 'No Option');
INSERT INTO player_contract (id_contract, money, length) VALUES (253, NULL, NULL);
INSERT INTO player (id_player, id_team, id_contract, id_player_stats, name, surname, date_of_birth, nationality, position, height) VALUES (253, NULL, 253, 253, 'Jalen', 'Green', '2002-02-09'::DATE, 'California USA', 'Shooting Guard', '6-4');
INSERT INTO contract_year (id_contract_year, id_contract, year, money, option) VALUES (363, 253, '2023-24', 9891480, 'Team Option');
INSERT INTO contract_year (id_contract_year, id_contract, year, money, option) VALUES (364, 253, '2024-25', 12483048, 'Team Option');
INSERT INTO player_contract (id_contract, money, length) VALUES (254, NULL, NULL);
INSERT INTO player (id_player, id_team, id_contract, id_player_stats, name, surname, date_of_birth, nationality, position, height) VALUES (254, NULL, 254, 254, 'JaMychal', 'Green', '1990-06-21'::DATE, 'Alabama USA', 'Power Forward', '6-8');
INSERT INTO player_contract (id_contract, money, length) VALUES (255, NULL, NULL);
INSERT INTO player (id_player, id_team, id_contract, id_player_stats, name, surname, date_of_birth, nationality, position, height) VALUES (255, NULL, 255, 255, 'Javonte', 'Green', '1993-07-23'::DATE, 'Virginia USA', 'Small Forward and Shooting Guard', '6-4');
INSERT INTO player_contract (id_contract, money, length) VALUES (256, NULL, NULL);
INSERT INTO player (id_player, id_team, id_contract, id_player_stats, name, surname, date_of_birth, nationality, position, height) VALUES (256, 11, 256, 256, 'Jeff', 'Green', '1986-08-28'::DATE, 'Maryland USA', 'Power Forward, Small Forward, and Center', '6-8');
INSERT INTO contract_year (id_contract_year, id_contract, year, money, option) VALUES (365, 256, '2023-24', 9600000, 'No Option');
INSERT INTO contract_year (id_contract_year, id_contract, year, money, option) VALUES (366, 256, '2024-25', 9600000, 'No Option');
INSERT INTO player_contract (id_contract, money, length) VALUES (257, NULL, NULL);
INSERT INTO player (id_player, id_team, id_contract, id_player_stats, name, surname, date_of_birth, nationality, position, height) VALUES (257, 7, 257, 257, 'Josh', 'Green', '2000-11-16'::DATE, 'Australia', 'Shooting Guard', '6-5');
INSERT INTO contract_year (id_contract_year, id_contract, year, money, option) VALUES (367, 257, '2023-24', 4765339, 'Team Option');
INSERT INTO contract_year (id_contract_year, id_contract, year, money, option) VALUES (368, 257, '2024-25', 12654321, 'No Option');
INSERT INTO contract_year (id_contract_year, id_contract, year, money, option) VALUES (369, 257, '2025-26', 13666667, 'No Option');
INSERT INTO contract_year (id_contract_year, id_contract, year, money, option) VALUES (370, 257, '2026-27', 14679012, 'No Option');
INSERT INTO player_contract (id_contract, money, length) VALUES (258, NULL, NULL);
INSERT INTO player (id_player, id_team, id_contract, id_player_stats, name, surname, date_of_birth, nationality, position, height) VALUES (258, 1, 258, 258, 'AJ', 'Griffin', '2003-08-25'::DATE, 'Texas USA', 'Small Forward', '6-6');
INSERT INTO contract_year (id_contract_year, id_contract, year, money, option) VALUES (371, 258, '2023-24', 3712920, 'No Option');
INSERT INTO contract_year (id_contract_year, id_contract, year, money, option) VALUES (372, 258, '2024-25', 3889920, 'Team Option');
INSERT INTO contract_year (id_contract_year, id_contract, year, money, option) VALUES (373, 258, '2025-26', 5967137, 'Team Option');
INSERT INTO player_contract (id_contract, money, length) VALUES (259, NULL, NULL);
INSERT INTO player (id_player, id_team, id_contract, id_player_stats, name, surname, date_of_birth, nationality, position, height) VALUES (259, NULL, 259, 259, 'Blake', 'Griffin', '1989-03-16'::DATE, 'Oklahoma USA', 'Power Forward and Center', '6-9');
INSERT INTO player_contract (id_contract, money, length) VALUES (260, NULL, NULL);
INSERT INTO player (id_player, id_team, id_contract, id_player_stats, name, surname, date_of_birth, nationality, position, height) VALUES (260, 20, 260, 260, 'Quentin', 'Grimes', '2000-05-08'::DATE, 'Texas USA', 'Shooting Guard', '6-5');
INSERT INTO contract_year (id_contract_year, id_contract, year, money, option) VALUES (374, 260, '2023-24', 2385720, 'Team Option');
INSERT INTO contract_year (id_contract_year, id_contract, year, money, option) VALUES (375, 260, '2024-25', 4296682, 'Team Option');
INSERT INTO player_contract (id_contract, money, length) VALUES (261, NULL, NULL);
INSERT INTO player (id_player, id_team, id_contract, id_player_stats, name, surname, date_of_birth, nationality, position, height) VALUES (261, 1, 261, 261, 'Mouhamed', 'Gueye', '2002-11-09'::DATE, 'Senegal', 'Power Forward', '6-11');
INSERT INTO contract_year (id_contract_year, id_contract, year, money, option) VALUES (376, 261, '2023-24', 1119563, 'No Option');
INSERT INTO contract_year (id_contract_year, id_contract, year, money, option) VALUES (377, 261, '2024-25', 1891857, 'No Option');
INSERT INTO contract_year (id_contract_year, id_contract, year, money, option) VALUES (378, 261, '2025-26', 2221677, 'No Option');
INSERT INTO contract_year (id_contract_year, id_contract, year, money, option) VALUES (379, 261, '2026-27', 2406205, 'Team Option');
INSERT INTO player_contract (id_contract, money, length) VALUES (262, NULL, NULL);
INSERT INTO player (id_player, id_team, id_contract, id_player_stats, name, surname, date_of_birth, nationality, position, height) VALUES (262, NULL, 262, 262, 'Kyle', 'Guy', '1997-08-11'::DATE, 'Indiana USA', 'Shooting Guard and Point Guard', '6-1');
INSERT INTO player_contract (id_contract, money, length) VALUES (263, NULL, NULL);
INSERT INTO player (id_player, id_team, id_contract, id_player_stats, name, surname, date_of_birth, nationality, position, height) VALUES (263, 14, 263, 263, 'Rui', 'Hachimura', '1998-02-08'::DATE, 'Japan', 'Power Forward', '6-8');
INSERT INTO contract_year (id_contract_year, id_contract, year, money, option) VALUES (380, 263, '2023-24', 15740741, 'No Option');
INSERT INTO contract_year (id_contract_year, id_contract, year, money, option) VALUES (381, 263, '2024-25', 17000000, 'No Option');
INSERT INTO contract_year (id_contract_year, id_contract, year, money, option) VALUES (382, 263, '2025-26', 18259259, 'No Option');
INSERT INTO player_contract (id_contract, money, length) VALUES (264, NULL, NULL);
INSERT INTO player (id_player, id_team, id_contract, id_player_stats, name, surname, date_of_birth, nationality, position, height) VALUES (264, NULL, 264, 264, 'Ashton', 'Hagans', '1999-07-08'::DATE, 'Georgia USA', 'Point Guard', '6-3');
INSERT INTO player_contract (id_contract, money, length) VALUES (265, NULL, NULL);
INSERT INTO player (id_player, id_team, id_contract, id_player_stats, name, surname, date_of_birth, nationality, position, height) VALUES (265, 12, 265, 265, 'Tyrese', 'Haliburton', '2000-02-29'::DATE, 'Wisconsin USA', 'Point Guard and Shooting Guard', '6-5');
INSERT INTO contract_year (id_contract_year, id_contract, year, money, option) VALUES (383, 265, '2023-24', 5808435, 'Team Option');
INSERT INTO contract_year (id_contract_year, id_contract, year, money, option) VALUES (384, 265, '2024-25', 35500000, 'No Option');
INSERT INTO contract_year (id_contract_year, id_contract, year, money, option) VALUES (385, 265, '2025-26', 38340000, 'No Option');
INSERT INTO contract_year (id_contract_year, id_contract, year, money, option) VALUES (386, 265, '2026-27', 41180000, 'No Option');
INSERT INTO contract_year (id_contract_year, id_contract, year, money, option) VALUES (387, 265, '2027-28', 44020000, 'No Option');
INSERT INTO contract_year (id_contract_year, id_contract, year, money, option) VALUES (388, 265, '2028-29', 46860000, 'No Option');
INSERT INTO player_contract (id_contract, money, length) VALUES (266, NULL, NULL);
INSERT INTO player (id_player, id_team, id_contract, id_player_stats, name, surname, date_of_birth, nationality, position, height) VALUES (266, NULL, 266, 266, 'Devon', 'Hall', '1995-07-07'::DATE, 'Virginia USA', 'Point Guard', '6-2');
INSERT INTO player_contract (id_contract, money, length) VALUES (267, NULL, NULL);
INSERT INTO player (id_player, id_team, id_contract, id_player_stats, name, surname, date_of_birth, nationality, position, height) VALUES (267, NULL, 267, 267, 'Jordan', 'Hall', '2002-01-14'::DATE, 'New Jersey USA', 'Small Forward', '6-7');
INSERT INTO player_contract (id_contract, money, length) VALUES (268, NULL, NULL);
INSERT INTO player (id_player, id_team, id_contract, id_player_stats, name, surname, date_of_birth, nationality, position, height) VALUES (268, NULL, 268, 268, 'Josh', 'Hall', '2000-10-08'::DATE, 'North Carolina USA', 'Small Forward', '6-9');
INSERT INTO player_contract (id_contract, money, length) VALUES (269, NULL, NULL);
INSERT INTO player (id_player, id_team, id_contract, id_player_stats, name, surname, date_of_birth, nationality, position, height) VALUES (269, NULL, 269, 269, 'Tyler', 'Hall', '1997-03-25'::DATE, 'Illinois USA', 'Shooting Guard', '6-5');
INSERT INTO player_contract (id_contract, money, length) VALUES (270, NULL, NULL);
INSERT INTO player (id_player, id_team, id_contract, id_player_stats, name, surname, date_of_birth, nationality, position, height) VALUES (270, 16, 270, 270, 'R.J.', 'Hampton', '2001-02-07'::DATE, 'Texas USA', 'Shooting Guard and Point Guard', '6-4');
INSERT INTO player_contract (id_contract, money, length) VALUES (271, NULL, NULL);
INSERT INTO player (id_player, id_team, id_contract, id_player_stats, name, surname, date_of_birth, nationality, position, height) VALUES (271, NULL, 271, 271, 'Dusty', 'Hannahs', '1993-09-02'::DATE, 'Arkansas USA', 'Shooting Guard', '6-3');
INSERT INTO player_contract (id_contract, money, length) VALUES (272, NULL, NULL);
INSERT INTO player (id_player, id_team, id_contract, id_player_stats, name, surname, date_of_birth, nationality, position, height) VALUES (272, NULL, 272, 272, 'Tim', 'Hardaway Jr.', '1992-03-16'::DATE, 'California USA', 'Shooting Guard and Small Forward', '6-5');
INSERT INTO contract_year (id_contract_year, id_contract, year, money, option) VALUES (389, 272, '2023-24', 17897728, 'No Option');
INSERT INTO contract_year (id_contract_year, id_contract, year, money, option) VALUES (390, 272, '2024-25', 16193183, 'No Option');
INSERT INTO player_contract (id_contract, money, length) VALUES (273, NULL, NULL);
INSERT INTO player (id_player, id_team, id_contract, id_player_stats, name, surname, date_of_birth, nationality, position, height) VALUES (273, 13, 273, 273, 'James', 'Harden', '1989-08-26'::DATE, 'California USA', 'Shooting Guard and Point Guard', '6-5');
INSERT INTO contract_year (id_contract_year, id_contract, year, money, option) VALUES (391, 273, '2023-24', 35640000, 'Player Option');
INSERT INTO player_contract (id_contract, money, length) VALUES (274, NULL, NULL);
INSERT INTO player (id_player, id_team, id_contract, id_player_stats, name, surname, date_of_birth, nationality, position, height) VALUES (274, NULL, 274, 274, 'Jaden', 'Hardy', '2002-07-05'::DATE, 'Michigan USA', 'Shooting Guard', '6-4');
INSERT INTO contract_year (id_contract_year, id_contract, year, money, option) VALUES (392, 274, '2023-24', 1719864, 'No Option');
INSERT INTO contract_year (id_contract_year, id_contract, year, money, option) VALUES (393, 274, '2024-25', 2019699, 'No Option');
INSERT INTO player_contract (id_contract, money, length) VALUES (275, NULL, NULL);
INSERT INTO player (id_player, id_team, id_contract, id_player_stats, name, surname, date_of_birth, nationality, position, height) VALUES (275, NULL, 275, 275, 'Maurice', 'Harkless', '1993-05-11'::DATE, 'New York USA', 'Small Forward and Power Forward', '6-7');
INSERT INTO player_contract (id_contract, money, length) VALUES (276, NULL, NULL);
INSERT INTO player (id_player, id_team, id_contract, id_player_stats, name, surname, date_of_birth, nationality, position, height) VALUES (276, 28, 276, 276, 'Ron', 'Harper Jr.', '2000-04-12'::DATE, 'New Jersey USA', 'Power Forward', '6-6');
INSERT INTO player_contract (id_contract, money, length) VALUES (277, NULL, NULL);
INSERT INTO player (id_player, id_team, id_contract, id_player_stats, name, surname, date_of_birth, nationality, position, height) VALUES (277, NULL, 277, 277, 'Montrezl', 'Harrell', '1994-01-26'::DATE, 'North Carolina USA', 'Center and Power Forward', '6-7');
INSERT INTO contract_year (id_contract_year, id_contract, year, money, option) VALUES (394, 277, '2023-24', 2019706, 'No Option');
INSERT INTO player_contract (id_contract, money, length) VALUES (278, NULL, NULL);
INSERT INTO player (id_player, id_team, id_contract, id_player_stats, name, surname, date_of_birth, nationality, position, height) VALUES (278, 22, 278, 278, 'Gary', 'Harris', '1994-09-14'::DATE, 'Indiana USA', 'Shooting Guard', '6-4');
INSERT INTO contract_year (id_contract_year, id_contract, year, money, option) VALUES (395, 278, '2023-24', 13000000, 'No Option');
INSERT INTO player_contract (id_contract, money, length) VALUES (279, NULL, NULL);
INSERT INTO player (id_player, id_team, id_contract, id_player_stats, name, surname, date_of_birth, nationality, position, height) VALUES (279, NULL, 279, 279, 'Jalen', 'Harris', '1998-08-14'::DATE, 'Texas USA', 'Shooting Guard', '6-5');
INSERT INTO player_contract (id_contract, money, length) VALUES (280, NULL, NULL);
INSERT INTO player (id_player, id_team, id_contract, id_player_stats, name, surname, date_of_birth, nationality, position, height) VALUES (280, 9, 280, 280, 'Joe', 'Harris', '1991-09-06'::DATE, 'Washington USA', 'Shooting Guard and Small Forward', '6-6');
INSERT INTO contract_year (id_contract_year, id_contract, year, money, option) VALUES (396, 280, '2023-24', 19928571, 'No Option');
INSERT INTO player_contract (id_contract, money, length) VALUES (281, NULL, NULL);
INSERT INTO player (id_player, id_team, id_contract, id_player_stats, name, surname, date_of_birth, nationality, position, height) VALUES (281, NULL, 281, 281, 'Kevon', 'Harris', '1997-06-24'::DATE, 'Georgia USA', 'Shooting Guard', '6-5');
INSERT INTO player_contract (id_contract, money, length) VALUES (282, NULL, NULL);
INSERT INTO player (id_player, id_team, id_contract, id_player_stats, name, surname, date_of_birth, nationality, position, height) VALUES (282, NULL, 282, 282, 'Tobias', 'Harris', '1992-07-15'::DATE, 'New York USA', 'Power Forward and Small Forward', '6-8');
INSERT INTO contract_year (id_contract_year, id_contract, year, money, option) VALUES (397, 282, '2023-24', 39270150, 'No Option');
INSERT INTO player_contract (id_contract, money, length) VALUES (283, NULL, NULL);
INSERT INTO player (id_player, id_team, id_contract, id_player_stats, name, surname, date_of_birth, nationality, position, height) VALUES (283, NULL, 283, 283, 'Shaquille', 'Harrison', '1993-10-06'::DATE, 'Missouri USA', 'Shooting Guard and Point Guard', '6-4');
INSERT INTO contract_year (id_contract_year, id_contract, year, money, option) VALUES (398, 283, '2023-24', 116075, 'No Option');
INSERT INTO player_contract (id_contract, money, length) VALUES (284, NULL, NULL);
INSERT INTO player (id_player, id_team, id_contract, id_player_stats, name, surname, date_of_birth, nationality, position, height) VALUES (284, 20, 284, 284, 'Josh', 'Hart', '1995-03-06'::DATE, 'Maryland USA', 'Small Forward and Shooting Guard', '6-4');
INSERT INTO contract_year (id_contract_year, id_contract, year, money, option) VALUES (399, 284, '2023-24', 12960000, 'Player Option');
INSERT INTO contract_year (id_contract_year, id_contract, year, money, option) VALUES (400, 284, '2024-25', 18144000, 'No Option');
INSERT INTO contract_year (id_contract_year, id_contract, year, money, option) VALUES (401, 284, '2025-26', 19472240, 'No Option');
INSERT INTO contract_year (id_contract_year, id_contract, year, money, option) VALUES (402, 284, '2026-27', 20923760, 'No Option');
INSERT INTO contract_year (id_contract_year, id_contract, year, money, option) VALUES (403, 284, '2027-28', 22375280, 'No Option');
INSERT INTO player_contract (id_contract, money, length) VALUES (285, NULL, NULL);
INSERT INTO player (id_player, id_team, id_contract, id_player_stats, name, surname, date_of_birth, nationality, position, height) VALUES (285, 20, 285, 285, 'Isaiah', 'Hartenstein', '1998-05-05'::DATE, 'Oregon USA', 'Center and Power Forward', '7-0');
INSERT INTO contract_year (id_contract_year, id_contract, year, money, option) VALUES (404, 285, '2023-24', 9245121, 'No Option');
INSERT INTO player_contract (id_contract, money, length) VALUES (286, NULL, NULL);
INSERT INTO player (id_player, id_team, id_contract, id_player_stats, name, surname, date_of_birth, nationality, position, height) VALUES (286, NULL, 286, 286, 'Udonis', 'Haslem', '1980-06-09'::DATE, 'Florida USA', 'Power Forward and Center', '6-8');
INSERT INTO player_contract (id_contract, money, length) VALUES (287, NULL, NULL);
INSERT INTO player (id_player, id_team, id_contract, id_player_stats, name, surname, date_of_birth, nationality, position, height) VALUES (287, 2, 287, 287, 'Sam', 'Hauser', '1997-12-08'::DATE, 'Wisconsin USA', 'Small Forward', '6-8');
INSERT INTO contract_year (id_contract_year, id_contract, year, money, option) VALUES (405, 287, '2023-24', 1927896, 'No Option');
INSERT INTO contract_year (id_contract_year, id_contract, year, money, option) VALUES (406, 287, '2024-25', 2092344, 'No Option');
INSERT INTO player_contract (id_contract, money, length) VALUES (288, NULL, NULL);
INSERT INTO player (id_player, id_team, id_contract, id_player_stats, name, surname, date_of_birth, nationality, position, height) VALUES (288, 19, 288, 288, 'Jordan', 'Hawkins', '2002-04-29'::DATE, 'Maryland USA', 'Shooting Guard', '6-5');
INSERT INTO contract_year (id_contract_year, id_contract, year, money, option) VALUES (407, 288, '2023-24', 4310160, 'No Option');
INSERT INTO contract_year (id_contract_year, id_contract, year, money, option) VALUES (408, 288, '2024-25', 4525680, 'No Option');
INSERT INTO contract_year (id_contract_year, id_contract, year, money, option) VALUES (409, 288, '2025-26', 4741320, 'Team Option');
INSERT INTO contract_year (id_contract_year, id_contract, year, money, option) VALUES (410, 288, '2026-27', 7021895, 'Team Option');
INSERT INTO player_contract (id_contract, money, length) VALUES (289, NULL, NULL);
INSERT INTO player (id_player, id_team, id_contract, id_player_stats, name, surname, date_of_birth, nationality, position, height) VALUES (289, 14, 289, 289, 'Jaxson', 'Hayes', '2000-05-23'::DATE, 'Oklahoma USA', 'Center', '7-0');
INSERT INTO contract_year (id_contract_year, id_contract, year, money, option) VALUES (411, 289, '2023-24', 2165000, 'No Option');
INSERT INTO contract_year (id_contract_year, id_contract, year, money, option) VALUES (412, 289, '2024-25', 2463946, 'Player Option');
INSERT INTO player_contract (id_contract, money, length) VALUES (290, NULL, NULL);
INSERT INTO player (id_player, id_team, id_contract, id_player_stats, name, surname, date_of_birth, nationality, position, height) VALUES (290, 9, 290, 290, 'Killian', 'Hayes', '2001-07-27'::DATE, 'Florida USA', 'Point Guard', '6-5');
INSERT INTO contract_year (id_contract_year, id_contract, year, money, option) VALUES (413, 290, '2023-24', 7413955, 'Team Option');
INSERT INTO player_contract (id_contract, money, length) VALUES (291, NULL, NULL);
INSERT INTO player (id_player, id_team, id_contract, id_player_stats, name, surname, date_of_birth, nationality, position, height) VALUES (291, 4, 291, 291, 'Gordon', 'Hayward', '1990-03-23'::DATE, 'Indiana USA', 'Small Forward and Power Forward', '6-7');
INSERT INTO contract_year (id_contract_year, id_contract, year, money, option) VALUES (414, 291, '2023-24', 31500000, 'No Option');
INSERT INTO player_contract (id_contract, money, length) VALUES (292, NULL, NULL);
INSERT INTO player (id_player, id_team, id_contract, id_player_stats, name, surname, date_of_birth, nationality, position, height) VALUES (292, 25, 292, 292, 'Scoot', 'Henderson', '2004-02-03'::DATE, 'Georgia USA', 'Point Guard', '6-3');
INSERT INTO contract_year (id_contract_year, id_contract, year, money, option) VALUES (415, 292, '2023-24', 9770880, 'No Option');
INSERT INTO contract_year (id_contract_year, id_contract, year, money, option) VALUES (416, 292, '2024-25', 10259160, 'No Option');
INSERT INTO contract_year (id_contract_year, id_contract, year, money, option) VALUES (417, 292, '2025-26', 10748040, 'Team Option');
INSERT INTO contract_year (id_contract_year, id_contract, year, money, option) VALUES (418, 292, '2026-27', 13585523, 'Team Option');
INSERT INTO player_contract (id_contract, money, length) VALUES (293, NULL, NULL);
INSERT INTO player (id_player, id_team, id_contract, id_player_stats, name, surname, date_of_birth, nationality, position, height) VALUES (293, 29, 293, 293, 'Taylor', 'Hendricks', '2003-11-22'::DATE, 'Florida USA', 'Power Forward', '6-9');
INSERT INTO contract_year (id_contract_year, id_contract, year, money, option) VALUES (419, 293, '2023-24', 5569920, 'No Option');
INSERT INTO contract_year (id_contract_year, id_contract, year, money, option) VALUES (420, 293, '2024-25', 5848680, 'No Option');
INSERT INTO contract_year (id_contract_year, id_contract, year, money, option) VALUES (421, 293, '2025-26', 6127080, 'Team Option');
INSERT INTO contract_year (id_contract_year, id_contract, year, money, option) VALUES (422, 293, '2026-27', 7805900, 'Team Option');
INSERT INTO player_contract (id_contract, money, length) VALUES (294, NULL, NULL);
INSERT INTO player (id_player, id_team, id_contract, id_player_stats, name, surname, date_of_birth, nationality, position, height) VALUES (294, NULL, 294, 294, 'Dewan', 'Hernandez', '1996-12-09'::DATE, 'Florida USA', 'Center', '6-10');
INSERT INTO player_contract (id_contract, money, length) VALUES (295, NULL, NULL);
INSERT INTO player (id_player, id_team, id_contract, id_player_stats, name, surname, date_of_birth, nationality, position, height) VALUES (295, NULL, 295, 295, 'Juancho', 'Hernangómez', '1995-09-28'::DATE, 'Spain', 'Power Forward', '6-9');
INSERT INTO player_contract (id_contract, money, length) VALUES (296, NULL, NULL);
INSERT INTO player (id_player, id_team, id_contract, id_player_stats, name, surname, date_of_birth, nationality, position, height) VALUES (296, NULL, 296, 296, 'Willy', 'Hernangómez', '1994-05-27'::DATE, 'Spain', 'Center', '6-11');
INSERT INTO player_contract (id_contract, money, length) VALUES (297, NULL, NULL);
INSERT INTO player (id_player, id_team, id_contract, id_player_stats, name, surname, date_of_birth, nationality, position, height) VALUES (297, 16, 297, 297, 'Tyler', 'Herro', '2000-01-20'::DATE, 'Wisconsin USA', 'Shooting Guard', '6-5');
INSERT INTO contract_year (id_contract_year, id_contract, year, money, option) VALUES (423, 297, '2023-24', 27000000, 'No Option');
INSERT INTO contract_year (id_contract_year, id_contract, year, money, option) VALUES (424, 297, '2024-25', 29000000, 'No Option');
INSERT INTO contract_year (id_contract_year, id_contract, year, money, option) VALUES (425, 297, '2025-26', 31000000, 'No Option');
INSERT INTO contract_year (id_contract_year, id_contract, year, money, option) VALUES (426, 297, '2026-27', 33000000, 'No Option');
INSERT INTO player_contract (id_contract, money, length) VALUES (298, NULL, NULL);
INSERT INTO player (id_player, id_team, id_contract, id_player_stats, name, surname, date_of_birth, nationality, position, height) VALUES (298, NULL, 298, 298, 'Kevin', 'Hervey', '1996-07-09'::DATE, 'Texas USA', 'Power Forward', '6-9');
INSERT INTO player_contract (id_contract, money, length) VALUES (299, NULL, NULL);
INSERT INTO player (id_player, id_team, id_contract, id_player_stats, name, surname, date_of_birth, nationality, position, height) VALUES (299, NULL, 299, 299, 'Buddy', 'Hield', '1992-12-17'::DATE, 'Bahamas', 'Shooting Guard and Small Forward', '6-4');
INSERT INTO contract_year (id_contract_year, id_contract, year, money, option) VALUES (427, 299, '2023-24', 19279841, 'No Option');
INSERT INTO player_contract (id_contract, money, length) VALUES (300, NULL, NULL);
INSERT INTO player (id_player, id_team, id_contract, id_player_stats, name, surname, date_of_birth, nationality, position, height) VALUES (300, 16, 300, 300, 'Haywood', 'Highsmith', '1996-12-09'::DATE, 'Maryland USA', 'Power Forward and Small Forward', '6-7');
INSERT INTO contract_year (id_contract_year, id_contract, year, money, option) VALUES (428, 300, '2023-24', 1902137, 'No Option');
INSERT INTO player_contract (id_contract, money, length) VALUES (301, NULL, NULL);
INSERT INTO player (id_player, id_team, id_contract, id_player_stats, name, surname, date_of_birth, nationality, position, height) VALUES (301, NULL, 301, 301, 'George', 'Hill', '1986-05-04'::DATE, 'Indiana USA', 'Point Guard and Shooting Guard', '6-4');
INSERT INTO player_contract (id_contract, money, length) VALUES (302, NULL, NULL);
INSERT INTO player (id_player, id_team, id_contract, id_player_stats, name, surname, date_of_birth, nationality, position, height) VALUES (302, NULL, 302, 302, 'Malcolm', 'Hill', '1995-10-26'::DATE, 'Missouri USA', 'Small Forward and Shooting Guard', '6-6');
INSERT INTO player_contract (id_contract, money, length) VALUES (303, NULL, NULL);
INSERT INTO player (id_player, id_team, id_contract, id_player_stats, name, surname, date_of_birth, nationality, position, height) VALUES (303, 11, 303, 303, 'Nate', 'Hinton', '1999-06-08'::DATE, 'North Carolina USA', 'Shooting Guard and Small Forward', '6-5');
INSERT INTO player_contract (id_contract, money, length) VALUES (304, NULL, NULL);
INSERT INTO player (id_player, id_team, id_contract, id_player_stats, name, surname, date_of_birth, nationality, position, height) VALUES (304, 14, 304, 304, 'DMoi', 'Hodge', '1998-12-20'::DATE, 'British Virgin Islands', 'Shooting Guard', '6-4');
INSERT INTO player_contract (id_contract, money, length) VALUES (305, NULL, NULL);
INSERT INTO player (id_player, id_team, id_contract, id_player_stats, name, surname, date_of_birth, nationality, position, height) VALUES (305, 11, 305, 305, 'Aaron', 'Holiday', '1996-09-30'::DATE, 'Louisiana USA', 'Point Guard', '6-0');
INSERT INTO contract_year (id_contract_year, id_contract, year, money, option) VALUES (429, 305, '2023-24', 2019706, 'No Option');
INSERT INTO player_contract (id_contract, money, length) VALUES (306, NULL, NULL);
INSERT INTO player (id_player, id_team, id_contract, id_player_stats, name, surname, date_of_birth, nationality, position, height) VALUES (306, 2, 306, 306, 'Jrue', 'Holiday', '1990-06-12'::DATE, 'California USA', 'Point Guard and Shooting Guard', '6-4');
INSERT INTO contract_year (id_contract_year, id_contract, year, money, option) VALUES (430, 306, '2023-24', 36861707, 'No Option');
INSERT INTO contract_year (id_contract_year, id_contract, year, money, option) VALUES (431, 306, '2024-25', 39403894, 'Player Option');
INSERT INTO player_contract (id_contract, money, length) VALUES (307, NULL, NULL);
INSERT INTO player (id_player, id_team, id_contract, id_player_stats, name, surname, date_of_birth, nationality, position, height) VALUES (307, 8, 307, 307, 'Justin', 'Holiday', '1989-04-05'::DATE, 'California USA', 'Shooting Guard and Small Forward', '6-6');
INSERT INTO contract_year (id_contract_year, id_contract, year, money, option) VALUES (432, 307, '2023-24', 2019706, 'No Option');
INSERT INTO player_contract (id_contract, money, length) VALUES (308, NULL, NULL);
INSERT INTO player (id_player, id_team, id_contract, id_player_stats, name, surname, date_of_birth, nationality, position, height) VALUES (308, 7, 308, 308, 'Richaun', 'Holmes', '1993-10-15'::DATE, 'Illinois USA', 'Center and Power Forward', '6-10');
INSERT INTO contract_year (id_contract_year, id_contract, year, money, option) VALUES (433, 308, '2023-24', 12046020, 'No Option');
INSERT INTO contract_year (id_contract_year, id_contract, year, money, option) VALUES (434, 308, '2024-25', 12876780, 'Player Option');
INSERT INTO player_contract (id_contract, money, length) VALUES (309, NULL, NULL);
INSERT INTO player (id_player, id_team, id_contract, id_player_stats, name, surname, date_of_birth, nationality, position, height) VALUES (309, 21, 309, 309, 'Chet', 'Holmgren', '2002-05-01'::DATE, 'Minnesota USA', 'Center and Power Forward', '7-1');
INSERT INTO contract_year (id_contract_year, id_contract, year, money, option) VALUES (435, 309, '2023-24', 10386000, 'No Option');
INSERT INTO contract_year (id_contract_year, id_contract, year, money, option) VALUES (436, 309, '2024-25', 10880640, 'Team Option');
INSERT INTO contract_year (id_contract_year, id_contract, year, money, option) VALUES (437, 309, '2025-26', 13731368, 'Team Option');
INSERT INTO player_contract (id_contract, money, length) VALUES (310, NULL, NULL);
INSERT INTO player (id_player, id_team, id_contract, id_player_stats, name, surname, date_of_birth, nationality, position, height) VALUES (310, 14, 310, 310, 'Jalen', 'Hood-Schifino', '2003-06-19'::DATE, 'Pennsylvania USA', 'Shooting Guard', '6-6');
INSERT INTO contract_year (id_contract_year, id_contract, year, money, option) VALUES (438, 310, '2023-24', 3695040, 'No Option');
INSERT INTO contract_year (id_contract_year, id_contract, year, money, option) VALUES (439, 310, '2024-25', 3879840, 'No Option');
INSERT INTO contract_year (id_contract_year, id_contract, year, money, option) VALUES (440, 310, '2025-26', 4064640, 'Team Option');
INSERT INTO contract_year (id_contract_year, id_contract, year, money, option) VALUES (441, 310, '2026-27', 6243288, 'Team Option');
INSERT INTO player_contract (id_contract, money, length) VALUES (311, NULL, NULL);
INSERT INTO player (id_player, id_team, id_contract, id_player_stats, name, surname, date_of_birth, nationality, position, height) VALUES (311, NULL, 311, 311, 'Scotty', 'Hopson', '1989-08-08'::DATE, 'Kentucky USA', 'Shooting Guard', '6-7');
INSERT INTO player_contract (id_contract, money, length) VALUES (312, NULL, NULL);
INSERT INTO player (id_player, id_team, id_contract, id_player_stats, name, surname, date_of_birth, nationality, position, height) VALUES (312, 2, 312, 312, 'Al', 'Horford', '1986-06-03'::DATE, 'Dominican Republic', 'Center', '6-9');
INSERT INTO contract_year (id_contract_year, id_contract, year, money, option) VALUES (442, 312, '2023-24', 10000000, 'No Option');
INSERT INTO contract_year (id_contract_year, id_contract, year, money, option) VALUES (443, 312, '2024-25', 9500000, 'No Option');
INSERT INTO player_contract (id_contract, money, length) VALUES (313, NULL, NULL);
INSERT INTO player (id_player, id_team, id_contract, id_player_stats, name, surname, date_of_birth, nationality, position, height) VALUES (313, NULL, 313, 313, 'Talen', 'Horton-Tucker', '2000-11-25'::DATE, 'Illinois USA', 'Shooting Guard and Point Guard', '6-4');
INSERT INTO contract_year (id_contract_year, id_contract, year, money, option) VALUES (444, 313, '2023-24', 11020000, 'Player Option');
INSERT INTO player_contract (id_contract, money, length) VALUES (314, NULL, NULL);
INSERT INTO player (id_player, id_team, id_contract, id_player_stats, name, surname, date_of_birth, nationality, position, height) VALUES (314, 23, 314, 314, 'Danuel', 'House Jr.', '1993-06-07'::DATE, 'Texas USA', 'Small Forward and Shooting Guard', '6-6');
INSERT INTO contract_year (id_contract_year, id_contract, year, money, option) VALUES (445, 314, '2023-24', 4310250, 'Player Option');
INSERT INTO player_contract (id_contract, money, length) VALUES (315, NULL, NULL);
INSERT INTO player (id_player, id_team, id_contract, id_player_stats, name, surname, date_of_birth, nationality, position, height) VALUES (315, 22, 315, 315, 'Caleb', 'Houstan', '2003-01-09'::DATE, 'Canada', 'Small Forward', '6-8');
INSERT INTO contract_year (id_contract_year, id_contract, year, money, option) VALUES (446, 315, '2023-24', 2000000, 'No Option');
INSERT INTO contract_year (id_contract_year, id_contract, year, money, option) VALUES (447, 315, '2024-25', 2019699, 'No Option');
INSERT INTO contract_year (id_contract_year, id_contract, year, money, option) VALUES (448, 315, '2025-26', 2187699, 'Team Option');
INSERT INTO player_contract (id_contract, money, length) VALUES (316, NULL, NULL);
INSERT INTO player (id_player, id_team, id_contract, id_player_stats, name, surname, date_of_birth, nationality, position, height) VALUES (316, 22, 316, 316, 'Jett', 'Howard', '2003-09-14'::DATE, 'Illinois USA', 'Small Forward', '6-8');
INSERT INTO contract_year (id_contract_year, id_contract, year, money, option) VALUES (449, 316, '2023-24', 5026800, 'No Option');
INSERT INTO contract_year (id_contract_year, id_contract, year, money, option) VALUES (450, 316, '2024-25', 5278320, 'No Option');
INSERT INTO contract_year (id_contract_year, id_contract, year, money, option) VALUES (451, 316, '2025-26', 5529720, 'Team Option');
INSERT INTO contract_year (id_contract_year, id_contract, year, money, option) VALUES (452, 316, '2026-27', 7337939, 'Team Option');
INSERT INTO player_contract (id_contract, money, length) VALUES (317, NULL, NULL);
INSERT INTO player (id_player, id_team, id_contract, id_player_stats, name, surname, date_of_birth, nationality, position, height) VALUES (317, NULL, 317, 317, 'Trevor', 'Hudgins', '1999-03-23'::DATE, 'Kansas USA', 'Point Guard', '6-0');
INSERT INTO player_contract (id_contract, money, length) VALUES (318, NULL, NULL);
INSERT INTO player (id_player, id_team, id_contract, id_player_stats, name, surname, date_of_birth, nationality, position, height) VALUES (318, 26, 318, 318, 'Kevin', 'Huerter', '1998-08-27'::DATE, 'New York USA', 'Shooting Guard and Small Forward', '6-7');
INSERT INTO contract_year (id_contract_year, id_contract, year, money, option) VALUES (453, 318, '2023-24', 15669643, 'No Option');
INSERT INTO contract_year (id_contract_year, id_contract, year, money, option) VALUES (454, 318, '2024-25', 16830357, 'No Option');
INSERT INTO contract_year (id_contract_year, id_contract, year, money, option) VALUES (455, 318, '2025-26', 17991071, 'No Option');
INSERT INTO player_contract (id_contract, money, length) VALUES (319, NULL, NULL);
INSERT INTO player (id_player, id_team, id_contract, id_player_stats, name, surname, date_of_birth, nationality, position, height) VALUES (319, 8, 319, 319, 'Jay', 'Huff', '1998-08-25'::DATE, 'North Carolina USA', 'Center', '7-1');
INSERT INTO player_contract (id_contract, money, length) VALUES (320, NULL, NULL);
INSERT INTO player (id_player, id_team, id_contract, id_player_stats, name, surname, date_of_birth, nationality, position, height) VALUES (320, NULL, 320, 320, 'Elijah', 'Hughes', '1998-03-10'::DATE, 'New York USA', 'Shooting Guard and Small Forward', '6-5');
INSERT INTO player_contract (id_contract, money, length) VALUES (321, NULL, NULL);
INSERT INTO player (id_player, id_team, id_contract, id_player_stats, name, surname, date_of_birth, nationality, position, height) VALUES (321, NULL, 321, 321, 'Feron', 'Hunt', '1999-07-05'::DATE, 'Texas USA', 'Small Forward', '6-8');
INSERT INTO player_contract (id_contract, money, length) VALUES (322, NULL, NULL);
INSERT INTO player (id_player, id_team, id_contract, id_player_stats, name, surname, date_of_birth, nationality, position, height) VALUES (322, NULL, 322, 322, 'DeAndre', 'Hunter', '1997-12-02'::DATE, 'Pennsylvania USA', 'Small Forward', '6-8');
INSERT INTO contract_year (id_contract_year, id_contract, year, money, option) VALUES (456, 322, '2023-24', 20089286, 'No Option');
INSERT INTO contract_year (id_contract_year, id_contract, year, money, option) VALUES (457, 322, '2024-25', 21696429, 'No Option');
INSERT INTO contract_year (id_contract_year, id_contract, year, money, option) VALUES (458, 322, '2025-26', 23303571, 'No Option');
INSERT INTO contract_year (id_contract_year, id_contract, year, money, option) VALUES (459, 322, '2026-27', 24910714, 'No Option');
INSERT INTO player_contract (id_contract, money, length) VALUES (323, NULL, NULL);
INSERT INTO player (id_player, id_team, id_contract, id_player_stats, name, surname, date_of_birth, nationality, position, height) VALUES (323, NULL, 323, 323, 'R.J.', 'Hunter', '1993-10-24'::DATE, 'Ohio USA', 'Shooting Guard', '6-5');
INSERT INTO player_contract (id_contract, money, length) VALUES (324, NULL, NULL);
INSERT INTO player (id_player, id_team, id_contract, id_player_stats, name, surname, date_of_birth, nationality, position, height) VALUES (324, NULL, 324, 324, 'Chandler', 'Hutchison', '1996-04-26'::DATE, 'California USA', 'Small Forward', '6-6');
INSERT INTO player_contract (id_contract, money, length) VALUES (325, NULL, NULL);
INSERT INTO player (id_player, id_team, id_contract, id_player_stats, name, surname, date_of_birth, nationality, position, height) VALUES (325, 13, 325, 325, 'Bones', 'Hyland', '2000-09-14'::DATE, 'Delaware USA', 'Point Guard and Shooting Guard', '6-2');
INSERT INTO contract_year (id_contract_year, id_contract, year, money, option) VALUES (460, 325, '2023-24', 2306400, 'Team Option');
INSERT INTO contract_year (id_contract_year, id_contract, year, money, option) VALUES (461, 325, '2024-25', 4158439, 'Team Option');
INSERT INTO player_contract (id_contract, money, length) VALUES (326, NULL, NULL);
INSERT INTO player (id_player, id_team, id_contract, id_player_stats, name, surname, date_of_birth, nationality, position, height) VALUES (326, NULL, 326, 326, 'Serge', 'Ibaka', '1989-09-18'::DATE, 'Republic of the Congo', 'Power Forward and Center', '6-11');
INSERT INTO player_contract (id_contract, money, length) VALUES (327, NULL, NULL);
INSERT INTO player (id_player, id_team, id_contract, id_player_stats, name, surname, date_of_birth, nationality, position, height) VALUES (327, 22, 327, 327, 'Joe', 'Ingles', '1987-10-02'::DATE, 'Australia', 'Small Forward and Power Forward', '6-9');
INSERT INTO contract_year (id_contract_year, id_contract, year, money, option) VALUES (462, 327, '2023-24', 11000000, 'No Option');
INSERT INTO contract_year (id_contract_year, id_contract, year, money, option) VALUES (463, 327, '2024-25', 11000000, 'Team Option');
INSERT INTO player_contract (id_contract, money, length) VALUES (328, NULL, NULL);
INSERT INTO player (id_player, id_team, id_contract, id_player_stats, name, surname, date_of_birth, nationality, position, height) VALUES (328, 19, 328, 328, 'Brandon', 'Ingram', '1997-09-02'::DATE, 'North Carolina USA', 'Small Forward and Power Forward', '6-8');
INSERT INTO contract_year (id_contract_year, id_contract, year, money, option) VALUES (464, 328, '2023-24', 33833400, 'No Option');
INSERT INTO contract_year (id_contract_year, id_contract, year, money, option) VALUES (465, 328, '2024-25', 36016200, 'No Option');
INSERT INTO player_contract (id_contract, money, length) VALUES (329, NULL, NULL);
INSERT INTO player (id_player, id_team, id_contract, id_player_stats, name, surname, date_of_birth, nationality, position, height) VALUES (329, NULL, 329, 329, 'Kyrie', 'Irving', '1992-03-23'::DATE, 'Australia', 'Point Guard and Shooting Guard', '6-2');
INSERT INTO contract_year (id_contract_year, id_contract, year, money, option) VALUES (466, 329, '2023-24', 37037037, 'No Option');
INSERT INTO contract_year (id_contract_year, id_contract, year, money, option) VALUES (467, 329, '2024-25', 40000000, 'No Option');
INSERT INTO contract_year (id_contract_year, id_contract, year, money, option) VALUES (468, 329, '2025-26', 42962963, 'Player Option');
INSERT INTO player_contract (id_contract, money, length) VALUES (330, NULL, NULL);
INSERT INTO player (id_player, id_team, id_contract, id_player_stats, name, surname, date_of_birth, nationality, position, height) VALUES (330, 22, 330, 330, 'Jonathan', 'Isaac', '1997-10-03'::DATE, 'New York USA', 'Power Forward', '6-10');
INSERT INTO contract_year (id_contract_year, id_contract, year, money, option) VALUES (469, 330, '2023-24', 17400000, 'No Option');
INSERT INTO contract_year (id_contract_year, id_contract, year, money, option) VALUES (470, 330, '2024-25', 17400000, 'No Option');
INSERT INTO player_contract (id_contract, money, length) VALUES (331, NULL, NULL);
INSERT INTO player (id_player, id_team, id_contract, id_player_stats, name, surname, date_of_birth, nationality, position, height) VALUES (331, 9, 331, 331, 'Jaden', 'Ivey', '2002-02-13'::DATE, 'Indiana USA', 'Shooting Guard', '6-4');
INSERT INTO contract_year (id_contract_year, id_contract, year, money, option) VALUES (471, 331, '2023-24', 7614480, 'No Option');
INSERT INTO contract_year (id_contract_year, id_contract, year, money, option) VALUES (472, 331, '2024-25', 7977240, 'Team Option');
INSERT INTO contract_year (id_contract_year, id_contract, year, money, option) VALUES (473, 331, '2025-26', 10107163, 'Team Option');
INSERT INTO player_contract (id_contract, money, length) VALUES (332, NULL, NULL);
INSERT INTO player (id_player, id_team, id_contract, id_player_stats, name, surname, date_of_birth, nationality, position, height) VALUES (332, NULL, 332, 332, 'Wes', 'Iwundu', '1994-12-20'::DATE, 'Texas USA', 'Small Forward', '6-6');
INSERT INTO player_contract (id_contract, money, length) VALUES (333, NULL, NULL);
INSERT INTO player (id_player, id_team, id_contract, id_player_stats, name, surname, date_of_birth, nationality, position, height) VALUES (333, 17, 333, 333, 'Andre', 'Jackson Jr.', '2001-11-13'::DATE, 'New York USA', 'Shooting Guard', '6-6');
INSERT INTO contract_year (id_contract_year, id_contract, year, money, option) VALUES (474, 333, '2023-24', 1119563, 'No Option');
INSERT INTO contract_year (id_contract_year, id_contract, year, money, option) VALUES (475, 333, '2024-25', 1891857, 'No Option');
INSERT INTO contract_year (id_contract_year, id_contract, year, money, option) VALUES (476, 333, '2025-26', 2221677, 'No Option');
INSERT INTO contract_year (id_contract_year, id_contract, year, money, option) VALUES (477, 333, '2026-27', 2406205, 'No Option');
INSERT INTO player_contract (id_contract, money, length) VALUES (334, NULL, NULL);
INSERT INTO player (id_player, id_team, id_contract, id_player_stats, name, surname, date_of_birth, nationality, position, height) VALUES (334, NULL, 334, 334, 'Frank', 'Jackson', '1998-05-04'::DATE, 'District of Columbia', 'Point Guard', '6-3');
INSERT INTO player_contract (id_contract, money, length) VALUES (335, NULL, NULL);
INSERT INTO player (id_player, id_team, id_contract, id_player_stats, name, surname, date_of_birth, nationality, position, height) VALUES (335, 15, 335, 335, 'Gregory', 'Jackson II', '2004-12-17'::DATE, 'South Carolina USA', 'Power Forward', '6-9');
INSERT INTO player_contract (id_contract, money, length) VALUES (336, NULL, NULL);
INSERT INTO player (id_player, id_team, id_contract, id_player_stats, name, surname, date_of_birth, nationality, position, height) VALUES (336, NULL, 336, 336, 'Isaiah', 'Jackson', '2002-01-10'::DATE, 'Michigan USA', 'Center', '6-10');
INSERT INTO contract_year (id_contract_year, id_contract, year, money, option) VALUES (478, 336, '2023-24', 2696280, 'Team Option');
INSERT INTO contract_year (id_contract_year, id_contract, year, money, option) VALUES (479, 336, '2024-25', 4435381, 'Team Option');
INSERT INTO player_contract (id_contract, money, length) VALUES (337, NULL, NULL);
INSERT INTO player (id_player, id_team, id_contract, id_player_stats, name, surname, date_of_birth, nationality, position, height) VALUES (337, 15, 337, 337, 'Jaren', 'Jackson Jr.', '1999-09-15'::DATE, 'New Jersey USA', 'Center and Power Forward', '6-10');
INSERT INTO contract_year (id_contract_year, id_contract, year, money, option) VALUES (480, 337, '2023-24', 27102202, 'No Option');
INSERT INTO contract_year (id_contract_year, id_contract, year, money, option) VALUES (481, 337, '2024-25', 25257798, 'No Option');
INSERT INTO contract_year (id_contract_year, id_contract, year, money, option) VALUES (482, 337, '2025-26', 23413395, 'No Option');
INSERT INTO player_contract (id_contract, money, length) VALUES (338, NULL, NULL);
INSERT INTO player (id_player, id_team, id_contract, id_player_stats, name, surname, date_of_birth, nationality, position, height) VALUES (338, NULL, 338, 338, 'Josh', 'Jackson', '1997-02-10'::DATE, 'California USA', 'Small Forward and Shooting Guard', '6-8');
INSERT INTO player_contract (id_contract, money, length) VALUES (339, NULL, NULL);
INSERT INTO player (id_player, id_team, id_contract, id_player_stats, name, surname, date_of_birth, nationality, position, height) VALUES (339, NULL, 339, 339, 'Justin', 'Jackson', '1995-03-28'::DATE, 'Texas USA', 'Small Forward and Power Forward', '6-8');
INSERT INTO player_contract (id_contract, money, length) VALUES (340, NULL, NULL);
INSERT INTO player (id_player, id_team, id_contract, id_player_stats, name, surname, date_of_birth, nationality, position, height) VALUES (340, NULL, 340, 340, 'Quenton', 'Jackson', '1998-09-15'::DATE, 'California USA', 'Point Guard', '6-5');
INSERT INTO player_contract (id_contract, money, length) VALUES (341, NULL, NULL);
INSERT INTO player (id_player, id_team, id_contract, id_player_stats, name, surname, date_of_birth, nationality, position, height) VALUES (341, 8, 341, 341, 'Reggie', 'Jackson', '1990-04-16'::DATE, 'Italy', 'Point Guard and Shooting Guard', '6-2');
INSERT INTO contract_year (id_contract_year, id_contract, year, money, option) VALUES (483, 341, '2023-24', 5000000, 'No Option');
INSERT INTO contract_year (id_contract_year, id_contract, year, money, option) VALUES (484, 341, '2024-25', 5250000, 'Player Option');
INSERT INTO player_contract (id_contract, money, length) VALUES (342, NULL, NULL);
INSERT INTO player (id_player, id_team, id_contract, id_player_stats, name, surname, date_of_birth, nationality, position, height) VALUES (342, 10, 342, 342, 'Trayce', 'Jackson-Davis', '2000-02-22'::DATE, 'Indiana USA', 'Power Forward', '6-9');
INSERT INTO contract_year (id_contract_year, id_contract, year, money, option) VALUES (485, 342, '2023-24', 1119563, 'No Option');
INSERT INTO contract_year (id_contract_year, id_contract, year, money, option) VALUES (486, 342, '2024-25', 1891857, 'No Option');
INSERT INTO contract_year (id_contract_year, id_contract, year, money, option) VALUES (487, 342, '2025-26', 2221677, 'No Option');
INSERT INTO contract_year (id_contract_year, id_contract, year, money, option) VALUES (488, 342, '2026-27', 2406205, 'Team Option');
INSERT INTO player_contract (id_contract, money, length) VALUES (343, NULL, NULL);
INSERT INTO player (id_player, id_team, id_contract, id_player_stats, name, surname, date_of_birth, nationality, position, height) VALUES (343, NULL, 343, 343, 'Justin', 'James', '1997-01-24'::DATE, 'Florida USA', 'Small Forward', '6-7');
INSERT INTO player_contract (id_contract, money, length) VALUES (344, NULL, NULL);
INSERT INTO player (id_player, id_team, id_contract, id_player_stats, name, surname, date_of_birth, nationality, position, height) VALUES (344, NULL, 344, 344, 'LeBron', 'James', '1984-12-30'::DATE, 'Ohio USA', 'Small Forward, Power Forward, Point Guard, Center, and Shooting Guard', '6-9');
INSERT INTO contract_year (id_contract_year, id_contract, year, money, option) VALUES (489, 344, '2023-24', 47607350, 'No Option');
INSERT INTO contract_year (id_contract_year, id_contract, year, money, option) VALUES (490, 344, '2024-25', 51415938, 'Player Option');
INSERT INTO player_contract (id_contract, money, length) VALUES (345, NULL, NULL);
INSERT INTO player (id_player, id_team, id_contract, id_player_stats, name, surname, date_of_birth, nationality, position, height) VALUES (345, 16, 345, 345, 'Jaime', 'Jaquez Jr.', '2001-02-18'::DATE, 'California USA', 'Small Forward', '6-6');
INSERT INTO contract_year (id_contract_year, id_contract, year, money, option) VALUES (491, 345, '2023-24', 3510600, 'No Option');
INSERT INTO contract_year (id_contract_year, id_contract, year, money, option) VALUES (492, 345, '2024-25', 3685800, 'No Option');
INSERT INTO contract_year (id_contract_year, id_contract, year, money, option) VALUES (493, 345, '2025-26', 3861600, 'Team Option');
INSERT INTO contract_year (id_contract_year, id_contract, year, money, option) VALUES (494, 345, '2026-27', 5939141, 'Team Option');
INSERT INTO player_contract (id_contract, money, length) VALUES (346, NULL, NULL);
INSERT INTO player (id_player, id_team, id_contract, id_player_stats, name, surname, date_of_birth, nationality, position, height) VALUES (346, 20, 346, 346, 'DaQuan', 'Jeffries', '1997-08-30'::DATE, 'Oklahoma USA', 'Shooting Guard', '6-5');
INSERT INTO contract_year (id_contract_year, id_contract, year, money, option) VALUES (495, 346, '2023-24', 2066585, 'No Option');
INSERT INTO player_contract (id_contract, money, length) VALUES (347, NULL, NULL);
INSERT INTO player (id_player, id_team, id_contract, id_player_stats, name, surname, date_of_birth, nationality, position, height) VALUES (347, NULL, 347, 347, 'John', 'Jenkins', '1991-03-06'::DATE, 'Tennessee USA', 'Shooting Guard', '6-4');
INSERT INTO player_contract (id_contract, money, length) VALUES (348, NULL, NULL);
INSERT INTO player (id_player, id_team, id_contract, id_player_stats, name, surname, date_of_birth, nationality, position, height) VALUES (348, 6, 348, 348, 'Ty', 'Jerome', '1997-07-08'::DATE, 'New York USA', 'Shooting Guard', '6-5');
INSERT INTO contract_year (id_contract_year, id_contract, year, money, option) VALUES (496, 348, '2023-24', 2439025, 'No Option');
INSERT INTO contract_year (id_contract_year, id_contract, year, money, option) VALUES (497, 348, '2024-25', 2560975, 'No Option');
INSERT INTO player_contract (id_contract, money, length) VALUES (349, NULL, NULL);
INSERT INTO player (id_player, id_team, id_contract, id_player_stats, name, surname, date_of_birth, nationality, position, height) VALUES (349, 21, 349, 349, 'Isaiah', 'Joe', '1999-07-02'::DATE, 'Arkansas USA', 'Shooting Guard', '6-4');
INSERT INTO contract_year (id_contract_year, id_contract, year, money, option) VALUES (498, 349, '2023-24', 1997238, 'No Option');
INSERT INTO contract_year (id_contract_year, id_contract, year, money, option) VALUES (499, 349, '2024-25', 2164993, 'Team Option');
INSERT INTO player_contract (id_contract, money, length) VALUES (350, NULL, NULL);
INSERT INTO player (id_player, id_team, id_contract, id_player_stats, name, surname, date_of_birth, nationality, position, height) VALUES (350, NULL, 350, 350, 'Alize', 'Johnson', '1996-04-22'::DATE, 'Pennsylvania USA', 'Power Forward', '6-7');
INSERT INTO player_contract (id_contract, money, length) VALUES (351, NULL, NULL);
INSERT INTO player (id_player, id_team, id_contract, id_player_stats, name, surname, date_of_birth, nationality, position, height) VALUES (351, 3, 351, 351, 'Cameron', 'Johnson', '1996-03-03'::DATE, 'Pennsylvania USA', 'Power Forward', '6-8');
INSERT INTO contract_year (id_contract_year, id_contract, year, money, option) VALUES (500, 351, '2023-24', 25679348, 'No Option');
INSERT INTO contract_year (id_contract_year, id_contract, year, money, option) VALUES (501, 351, '2024-25', 23625000, 'No Option');
INSERT INTO contract_year (id_contract_year, id_contract, year, money, option) VALUES (502, 351, '2025-26', 21570652, 'No Option');
INSERT INTO contract_year (id_contract_year, id_contract, year, money, option) VALUES (503, 351, '2026-27', 23625000, 'No Option');
INSERT INTO player_contract (id_contract, money, length) VALUES (352, NULL, NULL);
INSERT INTO player (id_player, id_team, id_contract, id_player_stats, name, surname, date_of_birth, nationality, position, height) VALUES (352, NULL, 352, 352, 'David', 'Johnson', '2001-02-26'::DATE, 'Kentucky USA', 'Point Guard and Shooting Guard', '6-5');
INSERT INTO player_contract (id_contract, money, length) VALUES (353, NULL, NULL);
INSERT INTO player (id_player, id_team, id_contract, id_player_stats, name, surname, date_of_birth, nationality, position, height) VALUES (353, 1, 353, 353, 'Jalen', 'Johnson', '2001-12-18'::DATE, 'Wisconsin USA', 'Small Forward and Power Forward', '6-9');
INSERT INTO contract_year (id_contract_year, id_contract, year, money, option) VALUES (504, 353, '2023-24', 2925360, 'Team Option');
INSERT INTO contract_year (id_contract_year, id_contract, year, money, option) VALUES (505, 353, '2024-25', 4510905, 'Team Option');
INSERT INTO player_contract (id_contract, money, length) VALUES (354, NULL, NULL);
INSERT INTO player (id_player, id_team, id_contract, id_player_stats, name, surname, date_of_birth, nationality, position, height) VALUES (354, NULL, 354, 354, 'James', 'Johnson', '1987-02-20'::DATE, 'Wyoming USA', 'Power Forward, Small Forward, and Center', '6-7');
INSERT INTO player_contract (id_contract, money, length) VALUES (355, NULL, NULL);
INSERT INTO player (id_player, id_team, id_contract, id_player_stats, name, surname, date_of_birth, nationality, position, height) VALUES (355, 27, 355, 355, 'Keldon', 'Johnson', '1999-10-11'::DATE, 'Virginia USA', 'Small Forward', '6-5');
INSERT INTO contract_year (id_contract_year, id_contract, year, money, option) VALUES (506, 355, '2023-24', 20000000, 'No Option');
INSERT INTO contract_year (id_contract_year, id_contract, year, money, option) VALUES (507, 355, '2024-25', 19000000, 'No Option');
INSERT INTO contract_year (id_contract_year, id_contract, year, money, option) VALUES (508, 355, '2025-26', 17500000, 'No Option');
INSERT INTO contract_year (id_contract_year, id_contract, year, money, option) VALUES (509, 355, '2026-27', 17500000, 'No Option');
INSERT INTO player_contract (id_contract, money, length) VALUES (356, NULL, NULL);
INSERT INTO player (id_player, id_team, id_contract, id_player_stats, name, surname, date_of_birth, nationality, position, height) VALUES (356, NULL, 356, 356, 'Keon', 'Johnson', '2002-03-10'::DATE, 'Tennessee USA', 'Shooting Guard', '6-5');
INSERT INTO contract_year (id_contract_year, id_contract, year, money, option) VALUES (510, 356, '2023-24', 2808720, 'Team Option');
INSERT INTO player_contract (id_contract, money, length) VALUES (357, NULL, NULL);
INSERT INTO player (id_player, id_team, id_contract, id_player_stats, name, surname, date_of_birth, nationality, position, height) VALUES (357, 21, 357, 357, 'Keyontae', 'Johnson', '2000-05-24'::DATE, 'Virginia USA', 'Small Forward', '6-5');
INSERT INTO player_contract (id_contract, money, length) VALUES (358, NULL, NULL);
INSERT INTO player (id_player, id_team, id_contract, id_player_stats, name, surname, date_of_birth, nationality, position, height) VALUES (358, NULL, 358, 358, 'Stanley', 'Johnson', '1996-05-29'::DATE, 'California USA', 'Small Forward and Power Forward', '6-6');
INSERT INTO player_contract (id_contract, money, length) VALUES (359, NULL, NULL);
INSERT INTO player (id_player, id_team, id_contract, id_player_stats, name, surname, date_of_birth, nationality, position, height) VALUES (359, NULL, 359, 359, 'Nikola', 'Jokić', '1995-02-19'::DATE, 'Serbia', 'Center', '6-11');
INSERT INTO contract_year (id_contract_year, id_contract, year, money, option) VALUES (511, 359, '2023-24', 47607350, 'No Option');
INSERT INTO contract_year (id_contract_year, id_contract, year, money, option) VALUES (512, 359, '2024-25', 51415938, 'No Option');
INSERT INTO contract_year (id_contract_year, id_contract, year, money, option) VALUES (513, 359, '2025-26', 55224526, 'No Option');
INSERT INTO contract_year (id_contract_year, id_contract, year, money, option) VALUES (514, 359, '2026-27', 59033114, 'No Option');
INSERT INTO contract_year (id_contract_year, id_contract, year, money, option) VALUES (515, 359, '2027-28', 62841702, 'Player Option');
INSERT INTO player_contract (id_contract, money, length) VALUES (360, NULL, NULL);
INSERT INTO player (id_player, id_team, id_contract, id_player_stats, name, surname, date_of_birth, nationality, position, height) VALUES (360, NULL, 360, 360, 'Carlik', 'Jones', '1997-12-23'::DATE, 'Ohio USA', 'Point Guard', '6-1');
INSERT INTO player_contract (id_contract, money, length) VALUES (361, NULL, NULL);
INSERT INTO player (id_player, id_team, id_contract, id_player_stats, name, surname, date_of_birth, nationality, position, height) VALUES (361, 26, 361, 361, 'Colby', 'Jones', '2002-05-28'::DATE, 'Alabama USA', 'Shooting Guard', '6-6');
INSERT INTO contract_year (id_contract_year, id_contract, year, money, option) VALUES (516, 361, '2023-24', 2019706, 'No Option');
INSERT INTO contract_year (id_contract_year, id_contract, year, money, option) VALUES (517, 361, '2024-25', 2120693, 'No Option');
INSERT INTO contract_year (id_contract_year, id_contract, year, money, option) VALUES (518, 361, '2025-26', 2221677, 'No Option');
INSERT INTO contract_year (id_contract_year, id_contract, year, money, option) VALUES (519, 361, '2026-27', 2406205, 'Team Option');
INSERT INTO player_contract (id_contract, money, length) VALUES (362, NULL, NULL);
INSERT INTO player (id_player, id_team, id_contract, id_player_stats, name, surname, date_of_birth, nationality, position, height) VALUES (362, 6, 362, 362, 'Damian', 'Jones', '1995-06-30'::DATE, 'Louisiana USA', 'Center', '6-11');
INSERT INTO contract_year (id_contract_year, id_contract, year, money, option) VALUES (520, 362, '2023-24', 2586665, 'Player Option');
INSERT INTO player_contract (id_contract, money, length) VALUES (363, NULL, NULL);
INSERT INTO player (id_player, id_team, id_contract, id_player_stats, name, surname, date_of_birth, nationality, position, height) VALUES (363, 7, 363, 363, 'Derrick', 'Jones Jr.', '1997-02-15'::DATE, 'Pennsylvania USA', 'Small Forward and Power Forward', '6-5');
INSERT INTO contract_year (id_contract_year, id_contract, year, money, option) VALUES (521, 363, '2023-24', 3360000, 'Player Option');
INSERT INTO contract_year (id_contract_year, id_contract, year, money, option) VALUES (522, 363, '2024-25', 2019706, 'No Option');
INSERT INTO player_contract (id_contract, money, length) VALUES (364, NULL, NULL);
INSERT INTO player (id_player, id_team, id_contract, id_player_stats, name, surname, date_of_birth, nationality, position, height) VALUES (364, 19, 364, 364, 'Herbert', 'Jones', '1998-10-06'::DATE, 'Alabama USA', 'Power Forward and Small Forward', '6-8');
INSERT INTO contract_year (id_contract_year, id_contract, year, money, option) VALUES (523, 364, '2023-24', 12015150, 'No Option');
INSERT INTO contract_year (id_contract_year, id_contract, year, money, option) VALUES (524, 364, '2024-25', 12976362, 'No Option');
INSERT INTO contract_year (id_contract_year, id_contract, year, money, option) VALUES (525, 364, '2025-26', 13937574, 'No Option');
INSERT INTO contract_year (id_contract_year, id_contract, year, money, option) VALUES (526, 364, '2026-27', 14898786, 'No Option');
INSERT INTO player_contract (id_contract, money, length) VALUES (365, NULL, NULL);
INSERT INTO player (id_player, id_team, id_contract, id_player_stats, name, surname, date_of_birth, nationality, position, height) VALUES (365, NULL, 365, 365, 'Jemerrio', 'Jones', '1995-04-09'::DATE, 'Tennessee USA', 'Small Forward', '6-5');
INSERT INTO player_contract (id_contract, money, length) VALUES (366, NULL, NULL);
INSERT INTO player (id_player, id_team, id_contract, id_player_stats, name, surname, date_of_birth, nationality, position, height) VALUES (366, NULL, 366, 366, 'Kai', 'Jones', '2001-01-19'::DATE, 'Bahamas', 'Center', '6-11');
INSERT INTO contract_year (id_contract_year, id_contract, year, money, option) VALUES (527, 366, '2023-24', 3047880, 'Team Option');
INSERT INTO player_contract (id_contract, money, length) VALUES (367, NULL, NULL);
INSERT INTO player (id_player, id_team, id_contract, id_player_stats, name, surname, date_of_birth, nationality, position, height) VALUES (367, NULL, 367, 367, 'Mason', 'Jones', '1998-07-21'::DATE, 'Texas USA', 'Shooting Guard', '6-4');
INSERT INTO player_contract (id_contract, money, length) VALUES (368, NULL, NULL);
INSERT INTO player (id_player, id_team, id_contract, id_player_stats, name, surname, date_of_birth, nationality, position, height) VALUES (368, 27, 368, 368, 'Tre', 'Jones', '2000-01-08'::DATE, 'Minnesota USA', 'Point Guard', '6-1');
INSERT INTO contract_year (id_contract_year, id_contract, year, money, option) VALUES (528, 368, '2023-24', 9895833, 'No Option');
INSERT INTO contract_year (id_contract_year, id_contract, year, money, option) VALUES (529, 368, '2024-25', 9104167, 'No Option');
INSERT INTO player_contract (id_contract, money, length) VALUES (369, NULL, NULL);
INSERT INTO player (id_player, id_team, id_contract, id_player_stats, name, surname, date_of_birth, nationality, position, height) VALUES (369, 30, 369, 369, 'Tyus', 'Jones', '1996-05-10'::DATE, 'Minnesota USA', 'Point Guard', '6-1');
INSERT INTO contract_year (id_contract_year, id_contract, year, money, option) VALUES (530, 369, '2023-24', 14000000, 'No Option');
INSERT INTO player_contract (id_contract, money, length) VALUES (370, NULL, NULL);
INSERT INTO player (id_player, id_team, id_contract, id_player_stats, name, surname, date_of_birth, nationality, position, height) VALUES (370, 8, 370, 370, 'DeAndre', 'Jordan', '1988-07-21'::DATE, 'Texas USA', 'Center', '6-11');
INSERT INTO contract_year (id_contract_year, id_contract, year, money, option) VALUES (531, 370, '2023-24', 2019706, 'No Option');
INSERT INTO player_contract (id_contract, money, length) VALUES (371, NULL, NULL);
INSERT INTO player (id_player, id_team, id_contract, id_player_stats, name, surname, date_of_birth, nationality, position, height) VALUES (371, 10, 371, 371, 'Cory', 'Joseph', '1991-08-20'::DATE, 'Canada', 'Point Guard and Shooting Guard', '6-2');
INSERT INTO contract_year (id_contract_year, id_contract, year, money, option) VALUES (532, 371, '2023-24', 2019706, 'No Option');
INSERT INTO player_contract (id_contract, money, length) VALUES (372, NULL, NULL);
INSERT INTO player (id_player, id_team, id_contract, id_player_stats, name, surname, date_of_birth, nationality, position, height) VALUES (372, 16, 372, 372, 'Nikola', 'Jović', '2003-06-09'::DATE, 'United Kingdom', 'Power Forward', '6-10');
INSERT INTO contract_year (id_contract_year, id_contract, year, money, option) VALUES (533, 372, '2023-24', 2352000, 'No Option');
INSERT INTO contract_year (id_contract_year, id_contract, year, money, option) VALUES (534, 372, '2024-25', 2464200, 'Team Option');
INSERT INTO contract_year (id_contract_year, id_contract, year, money, option) VALUES (535, 372, '2025-26', 4445417, 'Team Option');
INSERT INTO player_contract (id_contract, money, length) VALUES (373, NULL, NULL);
INSERT INTO player (id_player, id_team, id_contract, id_player_stats, name, surname, date_of_birth, nationality, position, height) VALUES (373, NULL, 373, 373, 'Johnny', 'Juzang', '2001-03-17'::DATE, 'California USA', 'Shooting Guard', '6-7');
INSERT INTO player_contract (id_contract, money, length) VALUES (374, NULL, NULL);
INSERT INTO player (id_player, id_team, id_contract, id_player_stats, name, surname, date_of_birth, nationality, position, height) VALUES (374, NULL, 374, 374, 'Mfiondu', 'Kabengele', '1997-08-14'::DATE, 'Canada', 'Power Forward and Center', '6-9');
INSERT INTO player_contract (id_contract, money, length) VALUES (375, NULL, NULL);
INSERT INTO player (id_player, id_team, id_contract, id_player_stats, name, surname, date_of_birth, nationality, position, height) VALUES (375, NULL, 375, 375, 'Frank', 'Kaminsky', '1993-04-04'::DATE, 'Illinois USA', 'Center and Power Forward', '7-0');
INSERT INTO player_contract (id_contract, money, length) VALUES (376, NULL, NULL);
INSERT INTO player (id_player, id_team, id_contract, id_player_stats, name, surname, date_of_birth, nationality, position, height) VALUES (376, NULL, 376, 376, 'Trevor', 'Keels', '2003-08-26'::DATE, 'Maryland USA', 'Shooting Guard', '6-5');
INSERT INTO player_contract (id_contract, money, length) VALUES (377, NULL, NULL);
INSERT INTO player (id_player, id_team, id_contract, id_player_stats, name, surname, date_of_birth, nationality, position, height) VALUES (377, 15, 377, 377, 'Luke', 'Kennard', '1996-06-24'::DATE, 'Ohio USA', 'Shooting Guard', '6-5');
INSERT INTO contract_year (id_contract_year, id_contract, year, money, option) VALUES (536, 377, '2023-24', 14763636, 'No Option');
INSERT INTO contract_year (id_contract_year, id_contract, year, money, option) VALUES (537, 377, '2024-25', 14763636, 'Team Option');
INSERT INTO player_contract (id_contract, money, length) VALUES (378, NULL, NULL);
INSERT INTO player (id_player, id_team, id_contract, id_player_stats, name, surname, date_of_birth, nationality, position, height) VALUES (378, 29, 378, 378, 'Walker', 'Kessler', '2001-07-26'::DATE, 'Georgia USA', 'Center', '7-0');
INSERT INTO contract_year (id_contract_year, id_contract, year, money, option) VALUES (538, 378, '2023-24', 2831160, 'No Option');
INSERT INTO contract_year (id_contract_year, id_contract, year, money, option) VALUES (539, 378, '2024-25', 2965920, 'Team Option');
INSERT INTO contract_year (id_contract_year, id_contract, year, money, option) VALUES (540, 378, '2025-26', 4878938, 'Team Option');
INSERT INTO player_contract (id_contract, money, length) VALUES (379, NULL, NULL);
INSERT INTO player (id_player, id_team, id_contract, id_player_stats, name, surname, date_of_birth, nationality, position, height) VALUES (379, 8, 379, 379, 'Braxton', 'Key', '1997-02-14'::DATE, 'North Carolina USA', 'Small Forward', '6-8');
INSERT INTO player_contract (id_contract, money, length) VALUES (380, NULL, NULL);
INSERT INTO player (id_player, id_team, id_contract, id_player_stats, name, surname, date_of_birth, nationality, position, height) VALUES (380, NULL, 380, 380, 'George', 'King', '1994-01-15'::DATE, 'North Carolina USA', 'Small Forward', '6-6');
INSERT INTO player_contract (id_contract, money, length) VALUES (381, NULL, NULL);
INSERT INTO player (id_player, id_team, id_contract, id_player_stats, name, surname, date_of_birth, nationality, position, height) VALUES (381, NULL, 381, 381, 'Louis', 'King', '1999-04-06'::DATE, 'New Jersey USA', 'Small Forward and Power Forward', '6-7');
INSERT INTO player_contract (id_contract, money, length) VALUES (382, NULL, NULL);
INSERT INTO player (id_player, id_team, id_contract, id_player_stats, name, surname, date_of_birth, nationality, position, height) VALUES (382, 30, 382, 382, 'Corey', 'Kispert', '1999-03-03'::DATE, 'Washington USA', 'Small Forward', '6-7');
INSERT INTO contract_year (id_contract_year, id_contract, year, money, option) VALUES (541, 382, '2023-24', 3722040, 'Team Option');
INSERT INTO contract_year (id_contract_year, id_contract, year, money, option) VALUES (542, 382, '2024-25', 5705887, 'Team Option');
INSERT INTO player_contract (id_contract, money, length) VALUES (383, NULL, NULL);
INSERT INTO player (id_player, id_team, id_contract, id_player_stats, name, surname, date_of_birth, nationality, position, height) VALUES (383, 7, 383, 383, 'Maxi', 'Kleber', '1992-01-29'::DATE, 'Germany', 'Power Forward and Center', '6-10');
INSERT INTO contract_year (id_contract_year, id_contract, year, money, option) VALUES (543, 383, '2023-24', 11000000, 'No Option');
INSERT INTO contract_year (id_contract_year, id_contract, year, money, option) VALUES (544, 383, '2024-25', 11000000, 'No Option');
INSERT INTO contract_year (id_contract_year, id_contract, year, money, option) VALUES (545, 383, '2025-26', 11000000, 'No Option');
INSERT INTO player_contract (id_contract, money, length) VALUES (384, NULL, NULL);
INSERT INTO player (id_player, id_team, id_contract, id_player_stats, name, surname, date_of_birth, nationality, position, height) VALUES (384, NULL, 384, 384, 'Nathan', 'Knight', '1997-09-20'::DATE, 'New York USA', 'Power Forward and Center', '6-8');
INSERT INTO player_contract (id_contract, money, length) VALUES (385, NULL, NULL);
INSERT INTO player (id_player, id_team, id_contract, id_player_stats, name, surname, date_of_birth, nationality, position, height) VALUES (385, NULL, 385, 385, 'Kevin', 'Knox', '1999-08-11'::DATE, 'Arizona USA', 'Small Forward and Power Forward', '6-7');
INSERT INTO contract_year (id_contract_year, id_contract, year, money, option) VALUES (546, 385, '2023-24', 1845593, 'No Option');
INSERT INTO player_contract (id_contract, money, length) VALUES (386, NULL, NULL);
INSERT INTO player (id_player, id_team, id_contract, id_player_stats, name, surname, date_of_birth, nationality, position, height) VALUES (386, NULL, 386, 386, 'Christian', 'Koloko', '2000-06-20'::DATE, 'Cameroon', 'Center', '7-1');
INSERT INTO contract_year (id_contract_year, id_contract, year, money, option) VALUES (547, 386, '2023-24', 1719864, 'No Option');
INSERT INTO contract_year (id_contract_year, id_contract, year, money, option) VALUES (548, 386, '2024-25', 2019699, 'No Option');
INSERT INTO player_contract (id_contract, money, length) VALUES (387, NULL, NULL);
INSERT INTO player (id_player, id_team, id_contract, id_player_stats, name, surname, date_of_birth, nationality, position, height) VALUES (387, 15, 387, 387, 'John', 'Konchar', '1996-03-22'::DATE, 'Illinois USA', 'Shooting Guard and Small Forward', '6-5');
INSERT INTO contract_year (id_contract_year, id_contract, year, money, option) VALUES (549, 387, '2023-24', 2400000, 'No Option');
INSERT INTO contract_year (id_contract_year, id_contract, year, money, option) VALUES (550, 387, '2024-25', 6165000, 'No Option');
INSERT INTO contract_year (id_contract_year, id_contract, year, money, option) VALUES (551, 387, '2025-26', 6165000, 'No Option');
INSERT INTO contract_year (id_contract_year, id_contract, year, money, option) VALUES (552, 387, '2026-27', 6165000, 'No Option');
INSERT INTO player_contract (id_contract, money, length) VALUES (388, NULL, NULL);
INSERT INTO player (id_player, id_team, id_contract, id_player_stats, name, surname, date_of_birth, nationality, position, height) VALUES (388, 23, 388, 388, 'Furkan', 'Korkmaz', '1997-07-24'::DATE, 'Turkey', 'Shooting Guard', '6-7');
INSERT INTO contract_year (id_contract_year, id_contract, year, money, option) VALUES (553, 388, '2023-24', 5370370, 'No Option');
INSERT INTO player_contract (id_contract, money, length) VALUES (389, NULL, NULL);
INSERT INTO player (id_player, id_team, id_contract, id_player_stats, name, surname, date_of_birth, nationality, position, height) VALUES (389, 2, 389, 389, 'Luke', 'Kornet', '1995-07-15'::DATE, 'Texas USA', 'Center', '7-2');
INSERT INTO contract_year (id_contract_year, id_contract, year, money, option) VALUES (554, 389, '2023-24', 2413304, 'No Option');
INSERT INTO player_contract (id_contract, money, length) VALUES (390, NULL, NULL);
INSERT INTO player (id_player, id_team, id_contract, id_player_stats, name, surname, date_of_birth, nationality, position, height) VALUES (390, NULL, 390, 390, 'Vit', 'Krejci', '2000-06-19'::DATE, 'Czechia', 'Point Guard and Shooting Guard', '6-8');
INSERT INTO player_contract (id_contract, money, length) VALUES (391, NULL, NULL);
INSERT INTO player (id_player, id_team, id_contract, id_player_stats, name, surname, date_of_birth, nationality, position, height) VALUES (391, 10, 391, 391, 'Jonathan', 'Kuminga', '2002-10-06'::DATE, 'Democratic Republic of the Congo', 'Power Forward and Small Forward', '6-8');
INSERT INTO contract_year (id_contract_year, id_contract, year, money, option) VALUES (555, 391, '2023-24', 6012840, 'Team Option');
INSERT INTO contract_year (id_contract_year, id_contract, year, money, option) VALUES (556, 391, '2024-25', 7636307, 'Team Option');
INSERT INTO player_contract (id_contract, money, length) VALUES (392, NULL, NULL);
INSERT INTO player (id_player, id_team, id_contract, id_player_stats, name, surname, date_of_birth, nationality, position, height) VALUES (392, 30, 392, 392, 'Kyle', 'Kuzma', '1995-07-24'::DATE, 'Michigan USA', 'Power Forward and Small Forward', '6-9');
INSERT INTO contract_year (id_contract_year, id_contract, year, money, option) VALUES (557, 392, '2023-24', 25568182, 'No Option');
INSERT INTO contract_year (id_contract_year, id_contract, year, money, option) VALUES (558, 392, '2024-25', 23522727, 'No Option');
INSERT INTO contract_year (id_contract_year, id_contract, year, money, option) VALUES (559, 392, '2025-26', 21477272, 'No Option');
INSERT INTO contract_year (id_contract_year, id_contract, year, money, option) VALUES (560, 392, '2026-27', 19431819, 'No Option');
INSERT INTO player_contract (id_contract, money, length) VALUES (393, NULL, NULL);
INSERT INTO player (id_player, id_team, id_contract, id_player_stats, name, surname, date_of_birth, nationality, position, height) VALUES (393, 15, 393, 393, 'Jake', 'LaRavia', '2001-11-03'::DATE, 'California USA', 'Power Forward', '6-8');
INSERT INTO contract_year (id_contract_year, id_contract, year, money, option) VALUES (561, 393, '2023-24', 3199920, 'No Option');
INSERT INTO contract_year (id_contract_year, id_contract, year, money, option) VALUES (562, 393, '2024-25', 3352680, 'Team Option');
INSERT INTO contract_year (id_contract_year, id_contract, year, money, option) VALUES (563, 393, '2025-26', 5163127, 'Team Option');
INSERT INTO player_contract (id_contract, money, length) VALUES (394, NULL, NULL);
INSERT INTO player (id_player, id_team, id_contract, id_player_stats, name, surname, date_of_birth, nationality, position, height) VALUES (394, 5, 394, 394, 'Zach', 'LaVine', '1995-03-10'::DATE, 'Washington USA', 'Shooting Guard, Small Forward, and Point Guard', '6-5');
INSERT INTO contract_year (id_contract_year, id_contract, year, money, option) VALUES (564, 394, '2023-24', 40064220, 'No Option');
INSERT INTO contract_year (id_contract_year, id_contract, year, money, option) VALUES (565, 394, '2024-25', 43031940, 'No Option');
INSERT INTO contract_year (id_contract_year, id_contract, year, money, option) VALUES (566, 394, '2025-26', 45999660, 'No Option');
INSERT INTO contract_year (id_contract_year, id_contract, year, money, option) VALUES (567, 394, '2026-27', 48967380, 'Player Option');
INSERT INTO player_contract (id_contract, money, length) VALUES (395, NULL, NULL);
INSERT INTO player (id_player, id_team, id_contract, id_player_stats, name, surname, date_of_birth, nationality, position, height) VALUES (395, NULL, 395, 395, 'Anthony', 'Lamb', '1998-01-20'::DATE, 'New York USA', 'Small Forward', '6-6');
INSERT INTO player_contract (id_contract, money, length) VALUES (396, NULL, NULL);
INSERT INTO player (id_player, id_team, id_contract, id_player_stats, name, surname, date_of_birth, nationality, position, height) VALUES (396, NULL, 396, 396, 'Jeremy', 'Lamb', '1992-05-30'::DATE, 'Virginia USA', 'Shooting Guard and Small Forward', '6-5');
INSERT INTO player_contract (id_contract, money, length) VALUES (397, NULL, NULL);
INSERT INTO player (id_player, id_team, id_contract, id_player_stats, name, surname, date_of_birth, nationality, position, height) VALUES (397, 11, 397, 397, 'Jock', 'Landale', '1995-10-25'::DATE, 'Australia', 'Center', '6-11');
INSERT INTO contract_year (id_contract_year, id_contract, year, money, option) VALUES (568, 397, '2023-24', 8000000, 'No Option');
INSERT INTO contract_year (id_contract_year, id_contract, year, money, option) VALUES (569, 397, '2024-25', 8000000, 'No Option');
INSERT INTO contract_year (id_contract_year, id_contract, year, money, option) VALUES (570, 397, '2025-26', 8000000, 'No Option');
INSERT INTO contract_year (id_contract_year, id_contract, year, money, option) VALUES (571, 397, '2026-27', 8000000, 'Team Option');
INSERT INTO player_contract (id_contract, money, length) VALUES (398, NULL, NULL);
INSERT INTO player (id_player, id_team, id_contract, id_player_stats, name, surname, date_of_birth, nationality, position, height) VALUES (398, NULL, 398, 398, 'Romeo', 'Langford', '1999-10-25'::DATE, 'Indiana USA', 'Shooting Guard', '6-5');
INSERT INTO player_contract (id_contract, money, length) VALUES (399, NULL, NULL);
INSERT INTO player (id_player, id_team, id_contract, id_player_stats, name, surname, date_of_birth, nationality, position, height) VALUES (399, 7, 399, 399, 'A.J.', 'Lawson', '2000-07-15'::DATE, 'Canada', 'Shooting Guard', '6-6');
INSERT INTO player_contract (id_contract, money, length) VALUES (400, NULL, NULL);
INSERT INTO player (id_player, id_team, id_contract, id_player_stats, name, surname, date_of_birth, nationality, position, height) VALUES (400, NULL, 400, 400, 'Jake', 'Layman', '1994-03-07'::DATE, 'Massachusetts USA', 'Small Forward', '6-8');
INSERT INTO player_contract (id_contract, money, length) VALUES (401, NULL, NULL);
INSERT INTO player (id_player, id_team, id_contract, id_player_stats, name, surname, date_of_birth, nationality, position, height) VALUES (401, 6, 401, 401, 'Caris', 'LeVert', '1994-08-25'::DATE, 'Ohio USA', 'Shooting Guard and Small Forward', '6-6');
INSERT INTO contract_year (id_contract_year, id_contract, year, money, option) VALUES (572, 401, '2023-24', 15384616, 'No Option');
INSERT INTO contract_year (id_contract_year, id_contract, year, money, option) VALUES (573, 401, '2024-25', 16615384, 'No Option');
INSERT INTO player_contract (id_contract, money, length) VALUES (402, NULL, NULL);
INSERT INTO player (id_player, id_team, id_contract, id_player_stats, name, surname, date_of_birth, nationality, position, height) VALUES (402, NULL, 402, 402, 'Jalen', 'Lecque', '2000-06-13'::DATE, 'New York USA', 'Point Guard and Shooting Guard', '6-4');
INSERT INTO player_contract (id_contract, money, length) VALUES (403, NULL, NULL);
INSERT INTO player (id_player, id_team, id_contract, id_player_stats, name, surname, date_of_birth, nationality, position, height) VALUES (403, NULL, 403, 403, 'Damion', 'Lee', '1992-10-21'::DATE, 'Maryland USA', 'Shooting Guard', '6-5');
INSERT INTO contract_year (id_contract_year, id_contract, year, money, option) VALUES (574, 403, '2023-24', 2528233, 'No Option');
INSERT INTO contract_year (id_contract_year, id_contract, year, money, option) VALUES (575, 403, '2024-25', 2845342, 'Player Option');
INSERT INTO player_contract (id_contract, money, length) VALUES (404, NULL, NULL);
INSERT INTO player (id_player, id_team, id_contract, id_player_stats, name, surname, date_of_birth, nationality, position, height) VALUES (404, 24, 404, 404, 'Saben', 'Lee', '1999-06-23'::DATE, 'Missouri USA', 'Point Guard', '6-2');
INSERT INTO player_contract (id_contract, money, length) VALUES (405, NULL, NULL);
INSERT INTO player (id_player, id_team, id_contract, id_player_stats, name, surname, date_of_birth, nationality, position, height) VALUES (405, 26, 405, 405, 'Alex', 'Len', '1993-06-16'::DATE, 'Ukraine', 'Center', '7-0');
INSERT INTO contract_year (id_contract_year, id_contract, year, money, option) VALUES (576, 405, '2023-24', 2019706, 'No Option');
INSERT INTO player_contract (id_contract, money, length) VALUES (406, NULL, NULL);
INSERT INTO player (id_player, id_team, id_contract, id_player_stats, name, surname, date_of_birth, nationality, position, height) VALUES (406, 13, 406, 406, 'Kawhi', 'Leonard', '1991-06-29'::DATE, 'California USA', 'Small Forward', '6-7');
INSERT INTO contract_year (id_contract_year, id_contract, year, money, option) VALUES (577, 406, '2023-24', 45640084, 'No Option');
INSERT INTO contract_year (id_contract_year, id_contract, year, money, option) VALUES (578, 406, '2024-25', 48787676, 'Player Option');
INSERT INTO player_contract (id_contract, money, length) VALUES (407, NULL, NULL);
INSERT INTO player (id_player, id_team, id_contract, id_player_stats, name, surname, date_of_birth, nationality, position, height) VALUES (407, NULL, 407, 407, 'Meyers', 'Leonard', '1992-02-27'::DATE, 'Illinois USA', 'Center and Power Forward', '7-0');
INSERT INTO player_contract (id_contract, money, length) VALUES (408, NULL, NULL);
INSERT INTO player (id_player, id_team, id_contract, id_player_stats, name, surname, date_of_birth, nationality, position, height) VALUES (408, 19, 408, 408, 'Kira', 'Lewis Jr.', '2001-04-06'::DATE, 'Alabama USA', 'Point Guard', '6-1');
INSERT INTO contract_year (id_contract_year, id_contract, year, money, option) VALUES (579, 408, '2023-24', 5722116, 'Team Option');
INSERT INTO player_contract (id_contract, money, length) VALUES (409, NULL, NULL);
INSERT INTO player (id_player, id_team, id_contract, id_player_stats, name, surname, date_of_birth, nationality, position, height) VALUES (409, 14, 409, 409, 'Maxwell', 'Lewis', '2002-07-27'::DATE, 'Nevada USA', 'Small Forward', '6-7');
INSERT INTO contract_year (id_contract_year, id_contract, year, money, option) VALUES (580, 409, '2023-24', 1119563, 'No Option');
INSERT INTO contract_year (id_contract_year, id_contract, year, money, option) VALUES (581, 409, '2024-25', 1891857, 'No Option');
INSERT INTO contract_year (id_contract_year, id_contract, year, money, option) VALUES (582, 409, '2025-26', 2221677, 'No Option');
INSERT INTO contract_year (id_contract_year, id_contract, year, money, option) VALUES (583, 409, '2026-27', 2406205, 'Team Option');
INSERT INTO player_contract (id_contract, money, length) VALUES (410, NULL, NULL);
INSERT INTO player (id_player, id_team, id_contract, id_player_stats, name, surname, date_of_birth, nationality, position, height) VALUES (410, 19, 410, 410, 'E.J.', 'Liddell', '2000-12-18'::DATE, 'Illinois USA', 'Power Forward', '6-7');
INSERT INTO contract_year (id_contract_year, id_contract, year, money, option) VALUES (584, 410, '2023-24', 1801769, 'No Option');
INSERT INTO contract_year (id_contract_year, id_contract, year, money, option) VALUES (585, 410, '2024-25', 2120693, 'No Option');
INSERT INTO contract_year (id_contract_year, id_contract, year, money, option) VALUES (586, 410, '2025-26', 2301587, 'Team Option');
INSERT INTO player_contract (id_contract, money, length) VALUES (411, NULL, NULL);
INSERT INTO player (id_player, id_team, id_contract, id_player_stats, name, surname, date_of_birth, nationality, position, height) VALUES (411, 17, 411, 411, 'Damian', 'Lillard', '1990-07-15'::DATE, 'California USA', 'Point Guard', '6-2');
INSERT INTO contract_year (id_contract_year, id_contract, year, money, option) VALUES (587, 411, '2023-24', 45640084, 'No Option');
INSERT INTO contract_year (id_contract_year, id_contract, year, money, option) VALUES (588, 411, '2024-25', 48787676, 'No Option');
INSERT INTO contract_year (id_contract_year, id_contract, year, money, option) VALUES (589, 411, '2025-26', 58545211, 'No Option');
INSERT INTO contract_year (id_contract_year, id_contract, year, money, option) VALUES (590, 411, '2026-27', 63228828, 'Player Option');
INSERT INTO player_contract (id_contract, money, length) VALUES (412, NULL, NULL);
INSERT INTO player (id_player, id_team, id_contract, id_player_stats, name, surname, date_of_birth, nationality, position, height) VALUES (412, 24, 412, 412, 'Nassir', 'Little', '2000-02-11'::DATE, 'Florida USA', 'Small Forward and Power Forward', '6-5');
INSERT INTO contract_year (id_contract_year, id_contract, year, money, option) VALUES (591, 412, '2023-24', 6250000, 'No Option');
INSERT INTO contract_year (id_contract_year, id_contract, year, money, option) VALUES (592, 412, '2024-25', 6750000, 'No Option');
INSERT INTO contract_year (id_contract_year, id_contract, year, money, option) VALUES (593, 412, '2025-26', 7250000, 'No Option');
INSERT INTO contract_year (id_contract_year, id_contract, year, money, option) VALUES (594, 412, '2026-27', 7750000, 'No Option');
INSERT INTO player_contract (id_contract, money, length) VALUES (413, NULL, NULL);
INSERT INTO player (id_player, id_team, id_contract, id_player_stats, name, surname, date_of_birth, nationality, position, height) VALUES (413, 7, 413, 413, 'Dereck', 'Lively II', '2004-02-12'::DATE, 'Pennsylvania USA', 'Center', '7-1');
INSERT INTO contract_year (id_contract_year, id_contract, year, money, option) VALUES (595, 413, '2023-24', 4775640, 'No Option');
INSERT INTO contract_year (id_contract_year, id_contract, year, money, option) VALUES (596, 413, '2024-25', 5014560, 'No Option');
INSERT INTO contract_year (id_contract_year, id_contract, year, money, option) VALUES (597, 413, '2025-26', 5253360, 'Team Option');
INSERT INTO contract_year (id_contract_year, id_contract, year, money, option) VALUES (598, 413, '2026-27', 7239131, 'Team Option');
INSERT INTO player_contract (id_contract, money, length) VALUES (414, NULL, NULL);
INSERT INTO player (id_player, id_team, id_contract, id_player_stats, name, surname, date_of_birth, nationality, position, height) VALUES (414, 9, 414, 414, 'Isaiah', 'Livers', '1998-07-28'::DATE, 'Michigan USA', 'Power Forward and Small Forward', '6-7');
INSERT INTO contract_year (id_contract_year, id_contract, year, money, option) VALUES (599, 414, '2023-24', 1836096, 'Team Option');
INSERT INTO player_contract (id_contract, money, length) VALUES (415, NULL, NULL);
INSERT INTO player (id_player, id_team, id_contract, id_player_stats, name, surname, date_of_birth, nationality, position, height) VALUES (415, 17, 415, 415, 'Chris', 'Livingston', '2003-10-15'::DATE, 'Ohio USA', 'Small Forward', '6-6');
INSERT INTO contract_year (id_contract_year, id_contract, year, money, option) VALUES (600, 415, '2023-24', 1119563, 'No Option');
INSERT INTO contract_year (id_contract_year, id_contract, year, money, option) VALUES (601, 415, '2024-25', 1891857, 'No Option');
INSERT INTO contract_year (id_contract_year, id_contract, year, money, option) VALUES (602, 415, '2025-26', 2221677, 'No Option');
INSERT INTO contract_year (id_contract_year, id_contract, year, money, option) VALUES (603, 415, '2026-27', 2406205, 'Team Option');
INSERT INTO player_contract (id_contract, money, length) VALUES (416, NULL, NULL);
INSERT INTO player (id_player, id_team, id_contract, id_player_stats, name, surname, date_of_birth, nationality, position, height) VALUES (416, 15, 416, 416, 'Kenneth', 'Lofton Jr.', '2002-08-14'::DATE, 'Texas USA', 'Power Forward', '6-7');
INSERT INTO contract_year (id_contract_year, id_contract, year, money, option) VALUES (604, 416, '2023-24', 1719864, 'No Option');
INSERT INTO contract_year (id_contract_year, id_contract, year, money, option) VALUES (605, 416, '2024-25', 2019699, 'No Option');
INSERT INTO contract_year (id_contract_year, id_contract, year, money, option) VALUES (606, 416, '2025-26', 2187451, 'No Option');
INSERT INTO player_contract (id_contract, money, length) VALUES (417, NULL, NULL);
INSERT INTO player (id_player, id_team, id_contract, id_player_stats, name, surname, date_of_birth, nationality, position, height) VALUES (417, NULL, 417, 417, 'Kevon', 'Looney', '1996-02-06'::DATE, 'Wisconsin USA', 'Center and Power Forward', '6-9');
INSERT INTO contract_year (id_contract_year, id_contract, year, money, option) VALUES (607, 417, '2023-24', 7500000, 'No Option');
INSERT INTO contract_year (id_contract_year, id_contract, year, money, option) VALUES (608, 417, '2024-25', 8000000, 'No Option');
INSERT INTO player_contract (id_contract, money, length) VALUES (418, NULL, NULL);
INSERT INTO player (id_player, id_team, id_contract, id_player_stats, name, surname, date_of_birth, nationality, position, height) VALUES (418, 17, 418, 418, 'Brook', 'Lopez', '1988-04-01'::DATE, 'California USA', 'Center', '7-1');
INSERT INTO contract_year (id_contract_year, id_contract, year, money, option) VALUES (609, 418, '2023-24', 25000000, 'No Option');
INSERT INTO contract_year (id_contract_year, id_contract, year, money, option) VALUES (610, 418, '2024-25', 23000000, 'No Option');
INSERT INTO player_contract (id_contract, money, length) VALUES (419, NULL, NULL);
INSERT INTO player (id_player, id_team, id_contract, id_player_stats, name, surname, date_of_birth, nationality, position, height) VALUES (419, 17, 419, 419, 'Robin', 'Lopez', '1988-04-01'::DATE, 'California USA', 'Center', '7-1');
INSERT INTO contract_year (id_contract_year, id_contract, year, money, option) VALUES (611, 419, '2023-24', 2019706, 'No Option');
INSERT INTO player_contract (id_contract, money, length) VALUES (420, NULL, NULL);
INSERT INTO player (id_player, id_team, id_contract, id_player_stats, name, surname, date_of_birth, nationality, position, height) VALUES (420, NULL, 420, 420, 'Didi', 'Louzada', '1999-02-07'::DATE, 'Brazil', 'Small Forward and Shooting Guard', '6-5');
INSERT INTO contract_year (id_contract_year, id_contract, year, money, option) VALUES (612, 420, '2023-24', 268032, 'No Option');
INSERT INTO contract_year (id_contract_year, id_contract, year, money, option) VALUES (613, 420, '2024-25', 268032, 'No Option');
INSERT INTO contract_year (id_contract_year, id_contract, year, money, option) VALUES (614, 420, '2025-26', 268032, 'No Option');
INSERT INTO contract_year (id_contract_year, id_contract, year, money, option) VALUES (615, 420, '2026-27', 268032, 'No Option');
INSERT INTO contract_year (id_contract_year, id_contract, year, money, option) VALUES (616, 420, '2027-28', 268032, 'No Option');
INSERT INTO contract_year (id_contract_year, id_contract, year, money, option) VALUES (617, 420, '2028-29', 268032, 'No Option');
INSERT INTO player_contract (id_contract, money, length) VALUES (421, NULL, NULL);
INSERT INTO player (id_player, id_team, id_contract, id_player_stats, name, surname, date_of_birth, nationality, position, height) VALUES (421, 16, 421, 421, 'Kevin', 'Love', '1988-09-07'::DATE, 'California USA', 'Power Forward and Center', '6-8');
INSERT INTO contract_year (id_contract_year, id_contract, year, money, option) VALUES (618, 421, '2023-24', 3835738, 'No Option');
INSERT INTO contract_year (id_contract_year, id_contract, year, money, option) VALUES (619, 421, '2024-25', 4027525, 'Player Option');
INSERT INTO player_contract (id_contract, money, length) VALUES (422, NULL, NULL);
INSERT INTO player (id_player, id_team, id_contract, id_player_stats, name, surname, date_of_birth, nationality, position, height) VALUES (422, 16, 422, 422, 'Kyle', 'Lowry', '1986-03-25'::DATE, 'Pennsylvania USA', 'Point Guard', '6-0');
INSERT INTO contract_year (id_contract_year, id_contract, year, money, option) VALUES (620, 422, '2023-24', 29682540, 'No Option');
INSERT INTO player_contract (id_contract, money, length) VALUES (423, NULL, NULL);
INSERT INTO player (id_player, id_team, id_contract, id_player_stats, name, surname, date_of_birth, nationality, position, height) VALUES (423, NULL, 423, 423, 'Timothé', 'Luwawu-Cabarrot', '1995-05-09'::DATE, 'France', 'Small Forward', '6-7');
INSERT INTO player_contract (id_contract, money, length) VALUES (424, NULL, NULL);
INSERT INTO player (id_player, id_team, id_contract, id_player_stats, name, surname, date_of_birth, nationality, position, height) VALUES (424, 26, 424, 424, 'Trey', 'Lyles', '1995-11-05'::DATE, 'Canada', 'Power Forward', '6-9');
INSERT INTO contract_year (id_contract_year, id_contract, year, money, option) VALUES (621, 424, '2023-24', 8000000, 'No Option');
INSERT INTO contract_year (id_contract_year, id_contract, year, money, option) VALUES (622, 424, '2024-25', 8000000, 'No Option');
INSERT INTO player_contract (id_contract, money, length) VALUES (425, NULL, NULL);
INSERT INTO player (id_player, id_team, id_contract, id_player_stats, name, surname, date_of_birth, nationality, position, height) VALUES (425, 4, 425, 425, 'Théo', 'Maledon', '2001-06-12'::DATE, 'France', 'Point Guard', '6-4');
INSERT INTO player_contract (id_contract, money, length) VALUES (426, NULL, NULL);
INSERT INTO player (id_player, id_team, id_contract, id_player_stats, name, surname, date_of_birth, nationality, position, height) VALUES (426, 27, 426, 426, 'Sandro', 'Mamukelashvili', '1999-05-23'::DATE, 'New York USA', 'Center and Power Forward', '6-11');
INSERT INTO contract_year (id_contract_year, id_contract, year, money, option) VALUES (623, 426, '2023-24', 2019706, 'No Option');
INSERT INTO player_contract (id_contract, money, length) VALUES (427, NULL, NULL);
INSERT INTO player (id_player, id_team, id_contract, id_player_stats, name, surname, date_of_birth, nationality, position, height) VALUES (427, NULL, 427, 427, 'Karim', 'Mané', '2000-05-16'::DATE, 'Senegal', 'Point Guard', '6-3');
INSERT INTO player_contract (id_contract, money, length) VALUES (428, NULL, NULL);
INSERT INTO player (id_player, id_team, id_contract, id_player_stats, name, surname, date_of_birth, nationality, position, height) VALUES (428, 13, 428, 428, 'Terance', 'Mann', '1996-10-18'::DATE, 'New York USA', 'Shooting Guard and Small Forward', '6-5');
INSERT INTO contract_year (id_contract_year, id_contract, year, money, option) VALUES (624, 428, '2023-24', 10576923, 'No Option');
INSERT INTO contract_year (id_contract_year, id_contract, year, money, option) VALUES (625, 428, '2024-25', 11423077, 'No Option');
INSERT INTO player_contract (id_contract, money, length) VALUES (429, NULL, NULL);
INSERT INTO player (id_player, id_team, id_contract, id_player_stats, name, surname, date_of_birth, nationality, position, height) VALUES (429, 21, 429, 429, 'Tre', 'Mann', '2001-02-03'::DATE, 'Florida USA', 'Point Guard', '6-3');
INSERT INTO contract_year (id_contract_year, id_contract, year, money, option) VALUES (626, 429, '2023-24', 3191400, 'Team Option');
INSERT INTO contract_year (id_contract_year, id_contract, year, money, option) VALUES (627, 429, '2024-25', 4908373, 'Team Option');
INSERT INTO player_contract (id_contract, money, length) VALUES (430, NULL, NULL);
INSERT INTO player (id_player, id_team, id_contract, id_player_stats, name, surname, date_of_birth, nationality, position, height) VALUES (430, NULL, 430, 430, 'Nico', 'Mannion', '2001-03-14'::DATE, 'Italy', 'Point Guard', '6-2');
INSERT INTO player_contract (id_contract, money, length) VALUES (431, NULL, NULL);
INSERT INTO player (id_player, id_team, id_contract, id_player_stats, name, surname, date_of_birth, nationality, position, height) VALUES (431, 11, 431, 431, 'Boban', 'Marjanović', '1988-08-15'::DATE, 'Serbia', 'Center', '7-4');
INSERT INTO contract_year (id_contract_year, id_contract, year, money, option) VALUES (628, 431, '2023-24', 2019706, 'No Option');
INSERT INTO player_contract (id_contract, money, length) VALUES (432, NULL, NULL);
INSERT INTO player (id_player, id_team, id_contract, id_player_stats, name, surname, date_of_birth, nationality, position, height) VALUES (432, 29, 432, 432, 'Lauri', 'Markkanen', '1997-05-22'::DATE, 'Finland', 'Power Forward and Small Forward', '7-0');
INSERT INTO contract_year (id_contract_year, id_contract, year, money, option) VALUES (629, 432, '2023-24', 17259999, 'No Option');
INSERT INTO contract_year (id_contract_year, id_contract, year, money, option) VALUES (630, 432, '2024-25', 18044544, 'No Option');
INSERT INTO player_contract (id_contract, money, length) VALUES (433, NULL, NULL);
INSERT INTO player (id_player, id_team, id_contract, id_player_stats, name, surname, date_of_birth, nationality, position, height) VALUES (433, 19, 433, 433, 'Naji', 'Marshall', '1998-01-24'::DATE, 'New Jersey USA', 'Small Forward', '6-7');
INSERT INTO contract_year (id_contract_year, id_contract, year, money, option) VALUES (631, 433, '2023-24', 1930681, 'No Option');
INSERT INTO player_contract (id_contract, money, length) VALUES (434, NULL, NULL);
INSERT INTO player (id_player, id_team, id_contract, id_player_stats, name, surname, date_of_birth, nationality, position, height) VALUES (434, 16, 434, 434, 'Caleb', 'Martin', '1995-09-28'::DATE, 'North Carolina USA', 'Small Forward', '6-5');
INSERT INTO contract_year (id_contract_year, id_contract, year, money, option) VALUES (632, 434, '2023-24', 6802950, 'No Option');
INSERT INTO contract_year (id_contract_year, id_contract, year, money, option) VALUES (633, 434, '2024-25', 7126900, 'No Option');
INSERT INTO player_contract (id_contract, money, length) VALUES (435, NULL, NULL);
INSERT INTO player (id_player, id_team, id_contract, id_player_stats, name, surname, date_of_birth, nationality, position, height) VALUES (435, NULL, 435, 435, 'Cody', 'Martin', '1995-09-28'::DATE, 'North Carolina USA', 'Small Forward', '6-5');
INSERT INTO contract_year (id_contract_year, id_contract, year, money, option) VALUES (634, 435, '2023-24', 7560000, 'No Option');
INSERT INTO contract_year (id_contract_year, id_contract, year, money, option) VALUES (635, 435, '2024-25', 8120000, 'No Option');
INSERT INTO contract_year (id_contract_year, id_contract, year, money, option) VALUES (636, 435, '2025-26', 8680000, 'No Option');
INSERT INTO player_contract (id_contract, money, length) VALUES (436, NULL, NULL);
INSERT INTO player (id_player, id_team, id_contract, id_player_stats, name, surname, date_of_birth, nationality, position, height) VALUES (436, NULL, 436, 436, 'Kelan', 'Martin', '1995-08-03'::DATE, 'Kentucky USA', 'Small Forward', '6-5');
INSERT INTO player_contract (id_contract, money, length) VALUES (437, NULL, NULL);
INSERT INTO player (id_player, id_team, id_contract, id_player_stats, name, surname, date_of_birth, nationality, position, height) VALUES (437, 23, 437, 437, 'KJ', 'Martin', '2001-01-06'::DATE, 'California USA', 'Small Forward', '6-6');
INSERT INTO contract_year (id_contract_year, id_contract, year, money, option) VALUES (637, 437, '2023-24', 1930681, 'No Option');
INSERT INTO player_contract (id_contract, money, length) VALUES (438, NULL, NULL);
INSERT INTO player (id_player, id_team, id_contract, id_player_stats, name, surname, date_of_birth, nationality, position, height) VALUES (438, NULL, 438, 438, 'Tyrese', 'Martin', '1999-03-07'::DATE, 'Pennsylvania USA', 'Shooting Guard', '6-6');
INSERT INTO player_contract (id_contract, money, length) VALUES (439, NULL, NULL);
INSERT INTO player (id_player, id_team, id_contract, id_player_stats, name, surname, date_of_birth, nationality, position, height) VALUES (439, 1, 439, 439, 'Garrison', 'Mathews', '1996-10-24'::DATE, 'Tennessee USA', 'Shooting Guard', '6-5');
INSERT INTO contract_year (id_contract_year, id_contract, year, money, option) VALUES (638, 439, '2023-24', 2000000, 'No Option');
INSERT INTO contract_year (id_contract_year, id_contract, year, money, option) VALUES (639, 439, '2024-25', 2230253, 'Team Option');
INSERT INTO player_contract (id_contract, money, length) VALUES (440, NULL, NULL);
INSERT INTO player (id_player, id_team, id_contract, id_player_stats, name, surname, date_of_birth, nationality, position, height) VALUES (440, NULL, 440, 440, 'Dakota', 'Mathias', '1995-07-11'::DATE, 'Ohio USA', 'Shooting Guard', '6-4');
INSERT INTO player_contract (id_contract, money, length) VALUES (441, NULL, NULL);
INSERT INTO player (id_player, id_team, id_contract, id_player_stats, name, surname, date_of_birth, nationality, position, height) VALUES (441, 12, 441, 441, 'Bennedict', 'Mathurin', '2002-06-19'::DATE, 'Canada', 'Small Forward and Shooting Guard', '6-6');
INSERT INTO contract_year (id_contract_year, id_contract, year, money, option) VALUES (640, 441, '2023-24', 6916080, 'No Option');
INSERT INTO contract_year (id_contract_year, id_contract, year, money, option) VALUES (641, 441, '2024-25', 7245720, 'Team Option');
INSERT INTO contract_year (id_contract_year, id_contract, year, money, option) VALUES (642, 441, '2025-26', 9187573, 'Team Option');
INSERT INTO player_contract (id_contract, money, length) VALUES (442, NULL, NULL);
INSERT INTO player (id_player, id_team, id_contract, id_player_stats, name, surname, date_of_birth, nationality, position, height) VALUES (442, 1, 442, 442, 'Wesley', 'Matthews', '1986-10-14'::DATE, 'Texas USA', 'Shooting Guard and Small Forward', '6-5');
INSERT INTO contract_year (id_contract_year, id_contract, year, money, option) VALUES (643, 442, '2023-24', 2019706, 'No Option');
INSERT INTO player_contract (id_contract, money, length) VALUES (443, NULL, NULL);
INSERT INTO player (id_player, id_team, id_contract, id_player_stats, name, surname, date_of_birth, nationality, position, height) VALUES (443, 23, 443, 443, 'Tyrese', 'Maxey', '2000-11-04'::DATE, 'Texas USA', 'Point Guard and Shooting Guard', '6-2');
INSERT INTO contract_year (id_contract_year, id_contract, year, money, option) VALUES (644, 443, '2023-24', 4343920, 'Team Option');
INSERT INTO player_contract (id_contract, money, length) VALUES (444, NULL, NULL);
INSERT INTO player (id_player, id_team, id_contract, id_player_stats, name, surname, date_of_birth, nationality, position, height) VALUES (444, NULL, 444, 444, 'Skylar', 'Mays', '1997-09-05'::DATE, 'Louisiana USA', 'Point Guard and Shooting Guard', '6-4');
INSERT INTO contract_year (id_contract_year, id_contract, year, money, option) VALUES (645, 444, '2023-24', 1799163, 'No Option');
INSERT INTO player_contract (id_contract, money, length) VALUES (445, NULL, NULL);
INSERT INTO player (id_player, id_team, id_contract, id_player_stats, name, surname, date_of_birth, nationality, position, height) VALUES (445, 20, 445, 445, 'Miles', 'McBride', '2000-09-08'::DATE, 'Ohio USA', 'Point Guard', '6-2');
INSERT INTO contract_year (id_contract_year, id_contract, year, money, option) VALUES (646, 445, '2023-24', 1836096, 'Team Option');
INSERT INTO player_contract (id_contract, money, length) VALUES (446, NULL, NULL);
INSERT INTO player (id_player, id_team, id_contract, id_player_stats, name, surname, date_of_birth, nationality, position, height) VALUES (446, NULL, 446, 446, 'Patrick', 'McCaw', '1995-10-25'::DATE, 'Missouri USA', 'Shooting Guard and Small Forward', '6-7');
INSERT INTO player_contract (id_contract, money, length) VALUES (447, NULL, NULL);
INSERT INTO player (id_player, id_team, id_contract, id_player_stats, name, surname, date_of_birth, nationality, position, height) VALUES (447, NULL, 447, 447, 'Mac', 'McClung', '1999-01-06'::DATE, 'Virginia USA', 'Shooting Guard and Point Guard', '6-2');
INSERT INTO player_contract (id_contract, money, length) VALUES (448, NULL, NULL);
INSERT INTO player (id_player, id_team, id_contract, id_player_stats, name, surname, date_of_birth, nationality, position, height) VALUES (448, 19, 448, 448, 'CJ', 'McCollum', '1991-09-19'::DATE, 'Ohio USA', 'Shooting Guard and Point Guard', '6-3');
INSERT INTO contract_year (id_contract_year, id_contract, year, money, option) VALUES (647, 448, '2023-24', 35802469, 'No Option');
INSERT INTO contract_year (id_contract_year, id_contract, year, money, option) VALUES (648, 448, '2024-25', 33333333, 'No Option');
INSERT INTO contract_year (id_contract_year, id_contract, year, money, option) VALUES (649, 448, '2025-26', 30666666, 'No Option');
INSERT INTO player_contract (id_contract, money, length) VALUES (449, NULL, NULL);
INSERT INTO player (id_player, id_team, id_contract, id_player_stats, name, surname, date_of_birth, nationality, position, height) VALUES (449, 12, 449, 449, 'T.J.', 'McConnell', '1992-03-25'::DATE, 'Pennsylvania USA', 'Point Guard', '6-1');
INSERT INTO contract_year (id_contract_year, id_contract, year, money, option) VALUES (650, 449, '2023-24', 8700000, 'No Option');
INSERT INTO contract_year (id_contract_year, id_contract, year, money, option) VALUES (651, 449, '2024-25', 9300000, 'No Option');
INSERT INTO player_contract (id_contract, money, length) VALUES (450, NULL, NULL);
INSERT INTO player (id_player, id_team, id_contract, id_player_stats, name, surname, date_of_birth, nationality, position, height) VALUES (450, 18, 450, 450, 'Jaden', 'McDaniels', '2000-09-29'::DATE, 'Washington USA', 'Small Forward and Power Forward', '6-9');
INSERT INTO contract_year (id_contract_year, id_contract, year, money, option) VALUES (652, 450, '2023-24', 3901399, 'Team Option');
INSERT INTO contract_year (id_contract_year, id_contract, year, money, option) VALUES (653, 450, '2024-25', 22586207, 'No Option');
INSERT INTO contract_year (id_contract_year, id_contract, year, money, option) VALUES (654, 450, '2025-26', 24393104, 'No Option');
INSERT INTO contract_year (id_contract_year, id_contract, year, money, option) VALUES (655, 450, '2026-27', 26200001, 'No Option');
INSERT INTO contract_year (id_contract_year, id_contract, year, money, option) VALUES (656, 450, '2027-28', 28006898, 'No Option');
INSERT INTO contract_year (id_contract_year, id_contract, year, money, option) VALUES (657, 450, '2028-29', 29813790, 'No Option');
INSERT INTO player_contract (id_contract, money, length) VALUES (451, NULL, NULL);
INSERT INTO player (id_player, id_team, id_contract, id_player_stats, name, surname, date_of_birth, nationality, position, height) VALUES (451, 28, 451, 451, 'Jalen', 'McDaniels', '1998-01-31'::DATE, 'Washington USA', 'Small Forward', '6-9');
INSERT INTO contract_year (id_contract_year, id_contract, year, money, option) VALUES (658, 451, '2023-24', 4516000, 'No Option');
INSERT INTO contract_year (id_contract_year, id_contract, year, money, option) VALUES (659, 451, '2024-25', 4741800, 'No Option');
INSERT INTO player_contract (id_contract, money, length) VALUES (452, NULL, NULL);
INSERT INTO player (id_player, id_team, id_contract, id_player_stats, name, surname, date_of_birth, nationality, position, height) VALUES (452, 27, 452, 452, 'Doug', 'McDermott', '1992-01-03'::DATE, 'North Dakota USA', 'Small Forward and Power Forward', '6-6');
INSERT INTO contract_year (id_contract_year, id_contract, year, money, option) VALUES (660, 452, '2023-24', 13750000, 'No Option');
INSERT INTO player_contract (id_contract, money, length) VALUES (453, NULL, NULL);
INSERT INTO player (id_player, id_team, id_contract, id_player_stats, name, surname, date_of_birth, nationality, position, height) VALUES (453, NULL, 453, 453, 'Sean', 'McDermott', '1996-11-03'::DATE, 'Indiana USA', 'Small Forward', '6-6');
INSERT INTO player_contract (id_contract, money, length) VALUES (454, NULL, NULL);
INSERT INTO player (id_player, id_team, id_contract, id_player_stats, name, surname, date_of_birth, nationality, position, height) VALUES (454, 26, 454, 454, 'JaVale', 'McGee', '1988-01-19'::DATE, 'Michigan USA', 'Center', '7-0');
INSERT INTO contract_year (id_contract_year, id_contract, year, money, option) VALUES (661, 454, '2023-24', 2348324, 'No Option');
INSERT INTO contract_year (id_contract_year, id_contract, year, money, option) VALUES (662, 454, '2024-25', 2208856, 'No Option');
INSERT INTO contract_year (id_contract_year, id_contract, year, money, option) VALUES (663, 454, '2025-26', 2208856, 'No Option');
INSERT INTO contract_year (id_contract_year, id_contract, year, money, option) VALUES (664, 454, '2026-27', 2208856, 'No Option');
INSERT INTO contract_year (id_contract_year, id_contract, year, money, option) VALUES (665, 454, '2027-28', 2208856, 'No Option');
INSERT INTO contract_year (id_contract_year, id_contract, year, money, option) VALUES (666, 454, '2028-29', 2019706, 'No Option');
INSERT INTO player_contract (id_contract, money, length) VALUES (455, NULL, NULL);
INSERT INTO player (id_player, id_team, id_contract, id_player_stats, name, surname, date_of_birth, nationality, position, height) VALUES (455, 4, 455, 455, 'Bryce', 'McGowens', '2002-11-08'::DATE, 'South Carolina USA', 'Shooting Guard', '6-7');
INSERT INTO contract_year (id_contract_year, id_contract, year, money, option) VALUES (667, 455, '2023-24', 1719864, 'No Option');
INSERT INTO contract_year (id_contract_year, id_contract, year, money, option) VALUES (668, 455, '2024-25', 2019699, 'No Option');
INSERT INTO contract_year (id_contract_year, id_contract, year, money, option) VALUES (669, 455, '2025-26', 2187451, 'Team Option');
INSERT INTO player_contract (id_contract, money, length) VALUES (456, NULL, NULL);
INSERT INTO player (id_player, id_team, id_contract, id_player_stats, name, surname, date_of_birth, nationality, position, height) VALUES (456, NULL, 456, 456, 'Rodney', 'McGruder', '1991-07-29'::DATE, 'Maryland USA', 'Shooting Guard', '6-4');
INSERT INTO player_contract (id_contract, money, length) VALUES (457, NULL, NULL);
INSERT INTO player (id_player, id_team, id_contract, id_player_stats, name, surname, date_of_birth, nationality, position, height) VALUES (457, NULL, 457, 457, 'Alfonzo', 'McKinnie', '1992-09-17'::DATE, 'Illinois USA', 'Small Forward', '6-7');
INSERT INTO player_contract (id_contract, money, length) VALUES (458, NULL, NULL);
INSERT INTO player (id_player, id_team, id_contract, id_player_stats, name, surname, date_of_birth, nationality, position, height) VALUES (458, NULL, 458, 458, 'JaQuori', 'McLaughlin', '1998-01-29'::DATE, 'Washington USA', 'Point Guard', '6-4');
INSERT INTO player_contract (id_contract, money, length) VALUES (459, NULL, NULL);
INSERT INTO player (id_player, id_team, id_contract, id_player_stats, name, surname, date_of_birth, nationality, position, height) VALUES (459, 18, 459, 459, 'Jordan', 'McLaughlin', '1996-04-09'::DATE, 'California USA', 'Point Guard', '6-0');
INSERT INTO contract_year (id_contract_year, id_contract, year, money, option) VALUES (670, 459, '2023-24', 2320000, 'No Option');
INSERT INTO player_contract (id_contract, money, length) VALUES (460, NULL, NULL);
INSERT INTO player (id_player, id_team, id_contract, id_player_stats, name, surname, date_of_birth, nationality, position, height) VALUES (460, 23, 460, 460, 'DeAnthony', 'Melton', '1998-05-28'::DATE, 'California USA', 'Point Guard and Shooting Guard', '6-2');
INSERT INTO contract_year (id_contract_year, id_contract, year, money, option) VALUES (671, 460, '2023-24', 8000000, 'No Option');
INSERT INTO player_contract (id_contract, money, length) VALUES (461, NULL, NULL);
INSERT INTO player (id_player, id_team, id_contract, id_player_stats, name, surname, date_of_birth, nationality, position, height) VALUES (461, 6, 461, 461, 'Sam', 'Merrill', '1996-05-15'::DATE, 'Utah USA', 'Shooting Guard', '6-4');
INSERT INTO contract_year (id_contract_year, id_contract, year, money, option) VALUES (672, 461, '2023-24', 1997238, 'No Option');
INSERT INTO contract_year (id_contract_year, id_contract, year, money, option) VALUES (673, 461, '2024-25', 2164993, 'No Option');
INSERT INTO player_contract (id_contract, money, length) VALUES (462, NULL, NULL);
INSERT INTO player (id_player, id_team, id_contract, id_player_stats, name, surname, date_of_birth, nationality, position, height) VALUES (462, 24, 462, 462, 'Chimezie', 'Metu', '1997-03-22'::DATE, 'California USA', 'Center and Power Forward', '6-9');
INSERT INTO contract_year (id_contract_year, id_contract, year, money, option) VALUES (674, 462, '2023-24', 2019706, 'No Option');
INSERT INTO player_contract (id_contract, money, length) VALUES (463, NULL, NULL);
INSERT INTO player (id_player, id_team, id_contract, id_player_stats, name, surname, date_of_birth, nationality, position, height) VALUES (463, NULL, 463, 463, 'Khris', 'Middleton', '1991-08-12'::DATE, 'South Carolina USA', 'Small Forward and Shooting Guard', '6-7');
INSERT INTO contract_year (id_contract_year, id_contract, year, money, option) VALUES (675, 463, '2023-24', 29320988, 'No Option');
INSERT INTO contract_year (id_contract_year, id_contract, year, money, option) VALUES (676, 463, '2024-25', 31666667, 'No Option');
INSERT INTO contract_year (id_contract_year, id_contract, year, money, option) VALUES (677, 463, '2025-26', 34012345, 'Player Option');
INSERT INTO player_contract (id_contract, money, length) VALUES (464, NULL, NULL);
INSERT INTO player (id_player, id_team, id_contract, id_player_stats, name, surname, date_of_birth, nationality, position, height) VALUES (464, NULL, 464, 464, 'Eric', 'Mika', '1995-01-05'::DATE, 'Utah USA', 'Center', '6-10');
INSERT INTO player_contract (id_contract, money, length) VALUES (465, NULL, NULL);
INSERT INTO player (id_player, id_team, id_contract, id_player_stats, name, surname, date_of_birth, nationality, position, height) VALUES (465, 4, 465, 465, 'Brandon', 'Miller', '2002-11-22'::DATE, 'Tennessee USA', 'Small Forward', '6-9');
INSERT INTO contract_year (id_contract_year, id_contract, year, money, option) VALUES (678, 465, '2023-24', 10880400, 'No Option');
INSERT INTO contract_year (id_contract_year, id_contract, year, money, option) VALUES (679, 465, '2024-25', 11424600, 'No Option');
INSERT INTO contract_year (id_contract_year, id_contract, year, money, option) VALUES (680, 465, '2025-26', 11968800, 'Team Option');
INSERT INTO contract_year (id_contract_year, id_contract, year, money, option) VALUES (681, 465, '2026-27', 15104626, 'Team Option');
INSERT INTO player_contract (id_contract, money, length) VALUES (466, NULL, NULL);
INSERT INTO player (id_player, id_team, id_contract, id_player_stats, name, surname, date_of_birth, nationality, position, height) VALUES (466, 13, 466, 466, 'Jordan', 'Miller', '2000-01-23'::DATE, 'California USA', 'Small Forward', '6-7');
INSERT INTO player_contract (id_contract, money, length) VALUES (467, NULL, NULL);
INSERT INTO player (id_player, id_team, id_contract, id_player_stats, name, surname, date_of_birth, nationality, position, height) VALUES (467, 18, 467, 467, 'Leonard', 'Miller', '2003-11-26'::DATE, 'Canada', 'Small Forward', '6-10');
INSERT INTO contract_year (id_contract_year, id_contract, year, money, option) VALUES (682, 467, '2023-24', 1800000, 'No Option');
INSERT INTO contract_year (id_contract_year, id_contract, year, money, option) VALUES (683, 467, '2024-25', 1891857, 'No Option');
INSERT INTO contract_year (id_contract_year, id_contract, year, money, option) VALUES (684, 467, '2025-26', 2221677, 'No Option');
INSERT INTO contract_year (id_contract_year, id_contract, year, money, option) VALUES (685, 467, '2026-27', 2406205, 'No Option');
INSERT INTO player_contract (id_contract, money, length) VALUES (468, NULL, NULL);
INSERT INTO player (id_player, id_team, id_contract, id_player_stats, name, surname, date_of_birth, nationality, position, height) VALUES (468, NULL, 468, 468, 'Malcolm', 'Miller', '1993-03-06'::DATE, 'Maryland USA', 'Small Forward', '6-7');
INSERT INTO player_contract (id_contract, money, length) VALUES (469, NULL, NULL);
INSERT INTO player (id_player, id_team, id_contract, id_player_stats, name, surname, date_of_birth, nationality, position, height) VALUES (469, 3, 469, 469, 'Dariq', 'Whitehead', '2004-08-01'::DATE, 'New Jersey USA', 'Small Forward', '6-7');
INSERT INTO contract_year (id_contract_year, id_contract, year, money, option) VALUES (686, 469, '2023-24', 2966040, 'No Option');
INSERT INTO contract_year (id_contract_year, id_contract, year, money, option) VALUES (687, 469, '2024-25', 3114240, 'No Option');
INSERT INTO contract_year (id_contract_year, id_contract, year, money, option) VALUES (688, 469, '2025-26', 3262560, 'Team Option');
INSERT INTO contract_year (id_contract_year, id_contract, year, money, option) VALUES (689, 469, '2026-27', 5366912, 'Team Option');
INSERT INTO player_contract (id_contract, money, length) VALUES (470, NULL, NULL);
INSERT INTO player (id_player, id_team, id_contract, id_player_stats, name, surname, date_of_birth, nationality, position, height) VALUES (470, 1, 470, 470, 'Patty', 'Mills', '1988-08-11'::DATE, 'Australia', 'Point Guard and Shooting Guard', '6-2');
INSERT INTO contract_year (id_contract_year, id_contract, year, money, option) VALUES (690, 470, '2023-24', 6802950, 'No Option');
INSERT INTO player_contract (id_contract, money, length) VALUES (471, NULL, NULL);
INSERT INTO player (id_player, id_team, id_contract, id_player_stats, name, surname, date_of_birth, nationality, position, height) VALUES (471, 18, 471, 471, 'Shake', 'Milton', '1996-09-26'::DATE, 'Oklahoma USA', 'Shooting Guard', '6-5');
INSERT INTO contract_year (id_contract_year, id_contract, year, money, option) VALUES (691, 471, '2023-24', 5000000, 'No Option');
INSERT INTO contract_year (id_contract_year, id_contract, year, money, option) VALUES (692, 471, '2024-25', 5000000, 'Team Option');
INSERT INTO player_contract (id_contract, money, length) VALUES (472, NULL, NULL);
INSERT INTO player (id_player, id_team, id_contract, id_player_stats, name, surname, date_of_birth, nationality, position, height) VALUES (472, NULL, 472, 472, 'Justin', 'Minaya', '1999-03-26'::DATE, 'New Jersey USA', 'Small Forward', '6-5');
INSERT INTO player_contract (id_contract, money, length) VALUES (473, NULL, NULL);
INSERT INTO player (id_player, id_team, id_contract, id_player_stats, name, surname, date_of_birth, nationality, position, height) VALUES (473, 18, 473, 473, 'Josh', 'Minott', '2002-11-25'::DATE, 'Florida USA', 'Small Forward', '6-8');
INSERT INTO contract_year (id_contract_year, id_contract, year, money, option) VALUES (693, 473, '2023-24', 1719864, 'No Option');
INSERT INTO contract_year (id_contract_year, id_contract, year, money, option) VALUES (694, 473, '2024-25', 2019699, 'No Option');
INSERT INTO contract_year (id_contract_year, id_contract, year, money, option) VALUES (695, 473, '2025-26', 2187451, 'Team Option');
INSERT INTO player_contract (id_contract, money, length) VALUES (474, NULL, NULL);
INSERT INTO player (id_player, id_team, id_contract, id_player_stats, name, surname, date_of_birth, nationality, position, height) VALUES (474, 26, 474, 474, 'Davion', 'Mitchell', '1998-09-05'::DATE, 'Georgia USA', 'Point Guard', '6-2');
INSERT INTO contract_year (id_contract_year, id_contract, year, money, option) VALUES (696, 474, '2023-24', 5063640, 'Team Option');
INSERT INTO contract_year (id_contract_year, id_contract, year, money, option) VALUES (697, 474, '2024-25', 6451077, 'Team Option');
INSERT INTO player_contract (id_contract, money, length) VALUES (475, NULL, NULL);
INSERT INTO player (id_player, id_team, id_contract, id_player_stats, name, surname, date_of_birth, nationality, position, height) VALUES (475, 6, 475, 475, 'Donovan', 'Mitchell', '1996-09-07'::DATE, 'New York USA', 'Shooting Guard and Point Guard', '6-3');
INSERT INTO contract_year (id_contract_year, id_contract, year, money, option) VALUES (698, 475, '2023-24', 33162030, 'No Option');
INSERT INTO contract_year (id_contract_year, id_contract, year, money, option) VALUES (699, 475, '2024-25', 35410310, 'No Option');
INSERT INTO contract_year (id_contract_year, id_contract, year, money, option) VALUES (700, 475, '2025-26', 37096620, 'Player Option');
INSERT INTO player_contract (id_contract, money, length) VALUES (476, NULL, NULL);
INSERT INTO player (id_player, id_team, id_contract, id_player_stats, name, surname, date_of_birth, nationality, position, height) VALUES (476, 6, 476, 476, 'Evan', 'Mobley', '2001-06-18'::DATE, 'California USA', 'Power Forward', '6-11');
INSERT INTO contract_year (id_contract_year, id_contract, year, money, option) VALUES (701, 476, '2023-24', 8882640, 'Team Option');
INSERT INTO contract_year (id_contract_year, id_contract, year, money, option) VALUES (702, 476, '2024-25', 11227657, 'Team Option');
INSERT INTO player_contract (id_contract, money, length) VALUES (477, NULL, NULL);
INSERT INTO player (id_player, id_team, id_contract, id_player_stats, name, surname, date_of_birth, nationality, position, height) VALUES (477, 6, 477, 477, 'Isaiah', 'Mobley', '1999-09-24'::DATE, 'California USA', 'Power Forward', '6-8');
INSERT INTO player_contract (id_contract, money, length) VALUES (478, NULL, NULL);
INSERT INTO player (id_player, id_team, id_contract, id_player_stats, name, surname, date_of_birth, nationality, position, height) VALUES (478, NULL, 478, 478, 'Adam', 'Mokoka', '1998-07-18'::DATE, 'France', 'Shooting Guard and Small Forward', '6-4');
INSERT INTO player_contract (id_contract, money, length) VALUES (479, NULL, NULL);
INSERT INTO player (id_player, id_team, id_contract, id_player_stats, name, surname, date_of_birth, nationality, position, height) VALUES (479, NULL, 479, 479, 'Chima', 'Moneke', '1995-12-24'::DATE, 'Nigeria', 'Small Forward', '6-6');
INSERT INTO player_contract (id_contract, money, length) VALUES (480, NULL, NULL);
INSERT INTO player (id_player, id_team, id_contract, id_player_stats, name, surname, date_of_birth, nationality, position, height) VALUES (480, 26, 480, 480, 'Malik', 'Monk', '1998-02-04'::DATE, 'Arkansas USA', 'Shooting Guard', '6-3');
INSERT INTO contract_year (id_contract_year, id_contract, year, money, option) VALUES (703, 480, '2023-24', 9945830, 'No Option');
INSERT INTO player_contract (id_contract, money, length) VALUES (481, NULL, NULL);
INSERT INTO player (id_player, id_team, id_contract, id_player_stats, name, surname, date_of_birth, nationality, position, height) VALUES (481, 10, 481, 481, 'Moses', 'Moody', '2002-05-31'::DATE, 'Arkansas USA', 'Shooting Guard', '6-6');
INSERT INTO contract_year (id_contract_year, id_contract, year, money, option) VALUES (704, 481, '2023-24', 3918480, 'Team Option');
INSERT INTO contract_year (id_contract_year, id_contract, year, money, option) VALUES (705, 481, '2024-25', 5803269, 'Team Option');
INSERT INTO player_contract (id_contract, money, length) VALUES (482, NULL, NULL);
INSERT INTO player (id_player, id_team, id_contract, id_player_stats, name, surname, date_of_birth, nationality, position, height) VALUES (482, NULL, 482, 482, 'Xavier', 'Moon', '1995-01-02'::DATE, 'Alabama USA', 'Shooting Guard', '6-2');
INSERT INTO player_contract (id_contract, money, length) VALUES (483, NULL, NULL);
INSERT INTO player (id_player, id_team, id_contract, id_player_stats, name, surname, date_of_birth, nationality, position, height) VALUES (483, 18, 483, 483, 'Wendell', 'Moore Jr.', '2001-09-18'::DATE, 'Virginia USA', 'Shooting Guard', '6-5');
INSERT INTO contract_year (id_contract_year, id_contract, year, money, option) VALUES (706, 483, '2023-24', 2421720, 'No Option');
INSERT INTO contract_year (id_contract_year, id_contract, year, money, option) VALUES (707, 483, '2024-25', 2537040, 'Team Option');
INSERT INTO contract_year (id_contract_year, id_contract, year, money, option) VALUES (708, 483, '2025-26', 4574283, 'Team Option');
INSERT INTO player_contract (id_contract, money, length) VALUES (484, NULL, NULL);
INSERT INTO player (id_player, id_team, id_contract, id_player_stats, name, surname, date_of_birth, nationality, position, height) VALUES (484, NULL, 484, 484, 'Ja', 'Morant', '1999-08-10'::DATE, 'South Carolina USA', 'Point Guard', '6-2');
INSERT INTO contract_year (id_contract_year, id_contract, year, money, option) VALUES (709, 484, '2023-24', 34005250, 'No Option');
INSERT INTO contract_year (id_contract_year, id_contract, year, money, option) VALUES (710, 484, '2024-25', 36725670, 'No Option');
INSERT INTO contract_year (id_contract_year, id_contract, year, money, option) VALUES (711, 484, '2025-26', 39446090, 'No Option');
INSERT INTO contract_year (id_contract_year, id_contract, year, money, option) VALUES (712, 484, '2026-27', 42166510, 'No Option');
INSERT INTO contract_year (id_contract_year, id_contract, year, money, option) VALUES (713, 484, '2027-28', 44886930, 'No Option');
INSERT INTO player_contract (id_contract, money, length) VALUES (485, NULL, NULL);
INSERT INTO player (id_player, id_team, id_contract, id_player_stats, name, surname, date_of_birth, nationality, position, height) VALUES (485, NULL, 485, 485, 'Juwan', 'Morgan', '1997-04-17'::DATE, 'Missouri USA', 'Power Forward', '6-7');
INSERT INTO contract_year (id_contract_year, id_contract, year, money, option) VALUES (714, 485, '2023-24', 576230, 'No Option');
INSERT INTO contract_year (id_contract_year, id_contract, year, money, option) VALUES (715, 485, '2024-25', 576229, 'No Option');
INSERT INTO player_contract (id_contract, money, length) VALUES (486, NULL, NULL);
INSERT INTO player (id_player, id_team, id_contract, id_player_stats, name, surname, date_of_birth, nationality, position, height) VALUES (486, 23, 486, 486, 'Marcus', 'Morris', '1989-09-02'::DATE, 'Pennsylvania USA', 'Power Forward and Small Forward', '6-8');
INSERT INTO contract_year (id_contract_year, id_contract, year, money, option) VALUES (716, 486, '2023-24', 17116279, 'No Option');
INSERT INTO player_contract (id_contract, money, length) VALUES (487, NULL, NULL);
INSERT INTO player (id_player, id_team, id_contract, id_player_stats, name, surname, date_of_birth, nationality, position, height) VALUES (487, NULL, 487, 487, 'Markieff', 'Morris', '1989-09-02'::DATE, 'Pennsylvania USA', 'Power Forward', '6-9');
INSERT INTO contract_year (id_contract_year, id_contract, year, money, option) VALUES (717, 487, '2023-24', 2019706, 'No Option');
INSERT INTO player_contract (id_contract, money, length) VALUES (488, NULL, NULL);
INSERT INTO player (id_player, id_team, id_contract, id_player_stats, name, surname, date_of_birth, nationality, position, height) VALUES (488, NULL, 488, 488, 'Monte', 'Morris', '1995-06-27'::DATE, 'Michigan USA', 'Point Guard', '6-2');
INSERT INTO contract_year (id_contract_year, id_contract, year, money, option) VALUES (718, 488, '2023-24', 9800926, 'No Option');
INSERT INTO player_contract (id_contract, money, length) VALUES (489, NULL, NULL);
INSERT INTO player (id_player, id_team, id_contract, id_player_stats, name, surname, date_of_birth, nationality, position, height) VALUES (489, NULL, 489, 489, 'Emmanuel', 'Mudiay', '1996-03-05'::DATE, 'Democratic Republic of the Congo', 'Point Guard', '6-3');
INSERT INTO player_contract (id_contract, money, length) VALUES (490, NULL, NULL);
INSERT INTO player (id_player, id_team, id_contract, id_player_stats, name, surname, date_of_birth, nationality, position, height) VALUES (490, NULL, 490, 490, 'Mychal', 'Mulder', '1994-06-12'::DATE, 'Canada', 'Point Guard and Small Forward', '6-3');
INSERT INTO player_contract (id_contract, money, length) VALUES (491, NULL, NULL);
INSERT INTO player (id_player, id_team, id_contract, id_player_stats, name, surname, date_of_birth, nationality, position, height) VALUES (491, 19, 491, 491, 'Trey', 'Murphy III', '2000-06-18'::DATE, 'North Carolina USA', 'Small Forward', '6-8');
INSERT INTO contract_year (id_contract_year, id_contract, year, money, option) VALUES (719, 491, '2023-24', 3359280, 'Team Option');
INSERT INTO contract_year (id_contract_year, id_contract, year, money, option) VALUES (720, 491, '2024-25', 5159854, 'Team Option');
INSERT INTO player_contract (id_contract, money, length) VALUES (492, NULL, NULL);
INSERT INTO player (id_player, id_team, id_contract, id_player_stats, name, surname, date_of_birth, nationality, position, height) VALUES (492, 1, 492, 492, 'Dejounte', 'Murray', '1996-09-19'::DATE, 'Washington USA', 'Point Guard and Shooting Guard', '6-5');
INSERT INTO contract_year (id_contract_year, id_contract, year, money, option) VALUES (721, 492, '2023-24', 18214000, 'No Option');
INSERT INTO contract_year (id_contract_year, id_contract, year, money, option) VALUES (722, 492, '2024-25', 25499599, 'No Option');
INSERT INTO contract_year (id_contract_year, id_contract, year, money, option) VALUES (723, 492, '2025-26', 27539568, 'No Option');
INSERT INTO contract_year (id_contract_year, id_contract, year, money, option) VALUES (724, 492, '2026-27', 29579537, 'No Option');
INSERT INTO contract_year (id_contract_year, id_contract, year, money, option) VALUES (725, 492, '2027-28', 31619506, 'Player Option');
INSERT INTO player_contract (id_contract, money, length) VALUES (493, NULL, NULL);
INSERT INTO player (id_player, id_team, id_contract, id_player_stats, name, surname, date_of_birth, nationality, position, height) VALUES (493, NULL, 493, 493, 'Jamal', 'Murray', '1997-02-23'::DATE, 'Canada', 'Point Guard and Shooting Guard', '6-4');
INSERT INTO contract_year (id_contract_year, id_contract, year, money, option) VALUES (726, 493, '2023-24', 33833400, 'No Option');
INSERT INTO contract_year (id_contract_year, id_contract, year, money, option) VALUES (727, 493, '2024-25', 36016200, 'No Option');
INSERT INTO player_contract (id_contract, money, length) VALUES (494, NULL, NULL);
INSERT INTO player (id_player, id_team, id_contract, id_player_stats, name, surname, date_of_birth, nationality, position, height) VALUES (494, 26, 494, 494, 'Keegan', 'Murray', '2000-08-19'::DATE, 'Iowa USA', 'Small Forward', '6-8');
INSERT INTO contract_year (id_contract_year, id_contract, year, money, option) VALUES (728, 494, '2023-24', 8409000, 'No Option');
INSERT INTO contract_year (id_contract_year, id_contract, year, money, option) VALUES (729, 494, '2024-25', 8809560, 'Team Option');
INSERT INTO contract_year (id_contract_year, id_contract, year, money, option) VALUES (730, 494, '2025-26', 11144093, 'Team Option');
INSERT INTO player_contract (id_contract, money, length) VALUES (495, NULL, NULL);
INSERT INTO player (id_player, id_team, id_contract, id_player_stats, name, surname, date_of_birth, nationality, position, height) VALUES (495, 25, 495, 495, 'Kris', 'Murray', '2000-08-19'::DATE, 'Iowa USA', 'Small Forward', '6-8');
INSERT INTO contract_year (id_contract_year, id_contract, year, money, option) VALUES (731, 495, '2023-24', 2847480, 'No Option');
INSERT INTO contract_year (id_contract_year, id_contract, year, money, option) VALUES (732, 495, '2024-25', 2990040, 'No Option');
INSERT INTO contract_year (id_contract_year, id_contract, year, money, option) VALUES (733, 495, '2025-26', 3132000, 'Team Option');
INSERT INTO contract_year (id_contract_year, id_contract, year, money, option) VALUES (734, 495, '2026-27', 5315004, 'Team Option');
INSERT INTO player_contract (id_contract, money, length) VALUES (496, NULL, NULL);
INSERT INTO player (id_player, id_team, id_contract, id_player_stats, name, surname, date_of_birth, nationality, position, height) VALUES (496, 30, 496, 496, 'Mike', 'Muscala', '1991-07-01'::DATE, 'Minnesota USA', 'Center and Power Forward', '6-10');
INSERT INTO contract_year (id_contract_year, id_contract, year, money, option) VALUES (735, 496, '2023-24', 3500000, 'Team Option');
INSERT INTO player_contract (id_contract, money, length) VALUES (497, NULL, NULL);
INSERT INTO player (id_player, id_team, id_contract, id_player_stats, name, surname, date_of_birth, nationality, position, height) VALUES (497, 2, 497, 497, 'Svi', 'Mykhailiuk', '1997-06-10'::DATE, 'Ukraine', 'Small Forward', '6-7');
INSERT INTO contract_year (id_contract_year, id_contract, year, money, option) VALUES (736, 497, '2023-24', 2019706, 'No Option');
INSERT INTO player_contract (id_contract, money, length) VALUES (498, NULL, NULL);
INSERT INTO player (id_player, id_team, id_contract, id_player_stats, name, surname, date_of_birth, nationality, position, height) VALUES (498, 19, 498, 498, 'Larry', 'Nance Jr.', '1993-01-01'::DATE, 'Ohio USA', 'Center and Power Forward', '6-8');
INSERT INTO contract_year (id_contract_year, id_contract, year, money, option) VALUES (737, 498, '2023-24', 10375000, 'No Option');
INSERT INTO contract_year (id_contract_year, id_contract, year, money, option) VALUES (738, 498, '2024-25', 11205000, 'No Option');
INSERT INTO player_contract (id_contract, money, length) VALUES (499, NULL, NULL);
INSERT INTO player (id_player, id_team, id_contract, id_player_stats, name, surname, date_of_birth, nationality, position, height) VALUES (499, NULL, 499, 499, 'Shabazz', 'Napier', '1991-07-14'::DATE, 'Massachusetts USA', 'Point Guard', '6-0');
INSERT INTO player_contract (id_contract, money, length) VALUES (500, NULL, NULL);
INSERT INTO player (id_player, id_team, id_contract, id_player_stats, name, surname, date_of_birth, nationality, position, height) VALUES (500, 12, 500, 500, 'Andrew', 'Nembhard', '2000-01-16'::DATE, 'Canada', 'Point Guard and Shooting Guard', '6-5');
INSERT INTO contract_year (id_contract_year, id_contract, year, money, option) VALUES (739, 500, '2023-24', 2131905, 'No Option');
INSERT INTO contract_year (id_contract_year, id_contract, year, money, option) VALUES (740, 500, '2024-25', 2019699, 'No Option');
INSERT INTO contract_year (id_contract_year, id_contract, year, money, option) VALUES (741, 500, '2025-26', 2187451, 'Team Option');
INSERT INTO player_contract (id_contract, money, length) VALUES (501, NULL, NULL);
INSERT INTO player (id_player, id_team, id_contract, id_player_stats, name, surname, date_of_birth, nationality, position, height) VALUES (501, NULL, 501, 501, 'RJ', 'Nembhard Jr.', '1999-03-22'::DATE, 'Texas USA', 'Shooting Guard', '6-5');
INSERT INTO player_contract (id_contract, money, length) VALUES (502, NULL, NULL);
INSERT INTO player (id_player, id_team, id_contract, id_player_stats, name, surname, date_of_birth, nationality, position, height) VALUES (502, 12, 502, 502, 'Aaron', 'Nesmith', '1999-10-16'::DATE, 'South Carolina USA', 'Small Forward', '6-5');
INSERT INTO contract_year (id_contract_year, id_contract, year, money, option) VALUES (742, 502, '2023-24', 5634257, 'Team Option');
INSERT INTO contract_year (id_contract_year, id_contract, year, money, option) VALUES (743, 502, '2024-25', 11000000, 'No Option');
INSERT INTO contract_year (id_contract_year, id_contract, year, money, option) VALUES (744, 502, '2025-26', 11000000, 'No Option');
INSERT INTO contract_year (id_contract_year, id_contract, year, money, option) VALUES (745, 502, '2026-27', 11000000, 'No Option');
INSERT INTO player_contract (id_contract, money, length) VALUES (503, NULL, NULL);
INSERT INTO player (id_player, id_team, id_contract, id_player_stats, name, surname, date_of_birth, nationality, position, height) VALUES (503, NULL, 503, 503, 'Raul', 'Neto', '1992-05-19'::DATE, 'Brazil', 'Point Guard', '6-1');
INSERT INTO player_contract (id_contract, money, length) VALUES (504, NULL, NULL);
INSERT INTO player (id_player, id_team, id_contract, id_player_stats, name, surname, date_of_birth, nationality, position, height) VALUES (504, 6, 504, 504, 'Georges', 'Niang', '1993-06-17'::DATE, 'Massachusetts USA', 'Power Forward', '6-7');
INSERT INTO contract_year (id_contract_year, id_contract, year, money, option) VALUES (746, 504, '2023-24', 8800000, 'No Option');
INSERT INTO contract_year (id_contract_year, id_contract, year, money, option) VALUES (747, 504, '2024-25', 8500000, 'No Option');
INSERT INTO contract_year (id_contract_year, id_contract, year, money, option) VALUES (748, 504, '2025-26', 8200000, 'No Option');
INSERT INTO player_contract (id_contract, money, length) VALUES (505, NULL, NULL);
INSERT INTO player (id_player, id_team, id_contract, id_player_stats, name, surname, date_of_birth, nationality, position, height) VALUES (505, 18, 505, 505, 'Daishen', 'Nix', '2002-02-13'::DATE, 'Alaska USA', 'Point Guard and Shooting Guard', '6-5');
INSERT INTO player_contract (id_contract, money, length) VALUES (506, NULL, NULL);
INSERT INTO player (id_player, id_team, id_contract, id_player_stats, name, surname, date_of_birth, nationality, position, height) VALUES (506, 8, 506, 506, 'Zeke', 'Nnaji', '2001-01-09'::DATE, 'Minnesota USA', 'Power Forward', '6-9');
INSERT INTO contract_year (id_contract_year, id_contract, year, money, option) VALUES (749, 506, '2023-24', 4306281, 'Team Option');
INSERT INTO contract_year (id_contract_year, id_contract, year, money, option) VALUES (750, 506, '2024-25', 8888889, 'No Option');
INSERT INTO contract_year (id_contract_year, id_contract, year, money, option) VALUES (751, 506, '2025-26', 8177778, 'No Option');
INSERT INTO contract_year (id_contract_year, id_contract, year, money, option) VALUES (752, 506, '2026-27', 7466667, 'No Option');
INSERT INTO contract_year (id_contract_year, id_contract, year, money, option) VALUES (753, 506, '2027-28', 7466667, 'Player Option');
INSERT INTO player_contract (id_contract, money, length) VALUES (507, NULL, NULL);
INSERT INTO player (id_player, id_team, id_contract, id_player_stats, name, surname, date_of_birth, nationality, position, height) VALUES (507, NULL, 507, 507, 'Nerlens', 'Noel', '1994-04-10'::DATE, 'Massachusetts USA', 'Center and Power Forward', '6-10');
INSERT INTO contract_year (id_contract_year, id_contract, year, money, option) VALUES (754, 507, '2023-24', 300000, 'No Option');
INSERT INTO player_contract (id_contract, money, length) VALUES (508, NULL, NULL);
INSERT INTO player (id_player, id_team, id_contract, id_player_stats, name, surname, date_of_birth, nationality, position, height) VALUES (508, NULL, 508, 508, 'Jaylen', 'Nowell', '1999-07-09'::DATE, 'Washington USA', 'Shooting Guard', '6-4');
INSERT INTO contract_year (id_contract_year, id_contract, year, money, option) VALUES (755, 508, '2023-24', 116075, 'No Option');
INSERT INTO player_contract (id_contract, money, length) VALUES (509, NULL, NULL);
INSERT INTO player (id_player, id_team, id_contract, id_player_stats, name, surname, date_of_birth, nationality, position, height) VALUES (509, 28, 509, 509, 'Markquis', 'Nowell', '1999-12-25'::DATE, 'New York USA', 'Shooting Guard', '5-8');
INSERT INTO player_contract (id_contract, money, length) VALUES (510, NULL, NULL);
INSERT INTO player (id_player, id_team, id_contract, id_player_stats, name, surname, date_of_birth, nationality, position, height) VALUES (510, NULL, 510, 510, 'Frank', 'Ntilikina', '1998-07-28'::DATE, 'Belgium', 'Point Guard and Shooting Guard', '6-4');
INSERT INTO contract_year (id_contract_year, id_contract, year, money, option) VALUES (756, 510, '2023-24', 2019706, 'No Option');
INSERT INTO player_contract (id_contract, money, length) VALUES (511, NULL, NULL);
INSERT INTO player (id_player, id_team, id_contract, id_player_stats, name, surname, date_of_birth, nationality, position, height) VALUES (511, NULL, 511, 511, 'Kendrick', 'Nunn', '1995-08-03'::DATE, 'Illinois USA', 'Shooting Guard and Point Guard', '6-2');
INSERT INTO player_contract (id_contract, money, length) VALUES (512, NULL, NULL);
INSERT INTO player (id_player, id_team, id_contract, id_player_stats, name, surname, date_of_birth, nationality, position, height) VALUES (512, 24, 512, 512, 'Jusuf', 'Nurkić', '1994-08-23'::DATE, 'Bosnia and Herzegovina', 'Center', '7-0');
INSERT INTO contract_year (id_contract_year, id_contract, year, money, option) VALUES (757, 512, '2023-24', 16875000, 'No Option');
INSERT INTO contract_year (id_contract_year, id_contract, year, money, option) VALUES (758, 512, '2024-25', 18125000, 'No Option');
INSERT INTO contract_year (id_contract_year, id_contract, year, money, option) VALUES (759, 512, '2025-26', 19375000, 'No Option');
INSERT INTO player_contract (id_contract, money, length) VALUES (513, NULL, NULL);
INSERT INTO player (id_player, id_team, id_contract, id_player_stats, name, surname, date_of_birth, nationality, position, height) VALUES (513, NULL, 513, 513, 'David', 'Nwaba', '1993-01-14'::DATE, 'California USA', 'Small Forward and Shooting Guard', '6-5');
INSERT INTO player_contract (id_contract, money, length) VALUES (514, NULL, NULL);
INSERT INTO player (id_player, id_team, id_contract, id_player_stats, name, surname, date_of_birth, nationality, position, height) VALUES (514, 12, 514, 514, 'Jordan', 'Nwora', '1998-09-09'::DATE, 'New York USA', 'Small Forward', '6-8');
INSERT INTO contract_year (id_contract_year, id_contract, year, money, option) VALUES (760, 514, '2023-24', 3000000, 'No Option');
INSERT INTO player_contract (id_contract, money, length) VALUES (515, NULL, NULL);
INSERT INTO player (id_player, id_team, id_contract, id_player_stats, name, surname, date_of_birth, nationality, position, height) VALUES (515, 3, 515, 515, 'Royce', 'ONeale', '1993-06-05'::DATE, 'Texas USA', 'Small Forward', '6-4');
INSERT INTO contract_year (id_contract_year, id_contract, year, money, option) VALUES (761, 515, '2023-24', 9500000, 'No Option');
INSERT INTO player_contract (id_contract, money, length) VALUES (516, NULL, NULL);
INSERT INTO player (id_player, id_team, id_contract, id_player_stats, name, surname, date_of_birth, nationality, position, height) VALUES (516, NULL, 516, 516, 'Jahlil', 'Okafor', '1995-12-15'::DATE, 'Illinois USA', 'Center', '6-10');
INSERT INTO player_contract (id_contract, money, length) VALUES (517, NULL, NULL);
INSERT INTO player (id_player, id_team, id_contract, id_player_stats, name, surname, date_of_birth, nationality, position, height) VALUES (517, 22, 517, 517, 'Chuma', 'Okeke', '1998-08-18'::DATE, 'Georgia USA', 'Small Forward and Power Forward', '6-6');
INSERT INTO contract_year (id_contract_year, id_contract, year, money, option) VALUES (762, 517, '2023-24', 5266713, 'Team Option');
INSERT INTO player_contract (id_contract, money, length) VALUES (518, NULL, NULL);
INSERT INTO player (id_player, id_team, id_contract, id_player_stats, name, surname, date_of_birth, nationality, position, height) VALUES (518, 24, 518, 518, 'Josh', 'Okogie', '1998-09-01'::DATE, 'Nigeria', 'Shooting Guard', '6-4');
INSERT INTO contract_year (id_contract_year, id_contract, year, money, option) VALUES (763, 518, '2023-24', 2815937, 'No Option');
INSERT INTO contract_year (id_contract_year, id_contract, year, money, option) VALUES (764, 518, '2024-25', 2956734, 'Player Option');
INSERT INTO player_contract (id_contract, money, length) VALUES (519, NULL, NULL);
INSERT INTO player (id_player, id_team, id_contract, id_player_stats, name, surname, date_of_birth, nationality, position, height) VALUES (519, 1, 519, 519, 'Onyeka', 'Okongwu', '2000-12-11'::DATE, 'California USA', 'Center', '6-8');
INSERT INTO contract_year (id_contract_year, id_contract, year, money, option) VALUES (765, 519, '2023-24', 8109063, 'Team Option');
INSERT INTO contract_year (id_contract_year, id_contract, year, money, option) VALUES (766, 519, '2024-25', 14000000, 'No Option');
INSERT INTO contract_year (id_contract_year, id_contract, year, money, option) VALUES (767, 519, '2025-26', 15000000, 'No Option');
INSERT INTO contract_year (id_contract_year, id_contract, year, money, option) VALUES (768, 519, '2026-27', 16120000, 'No Option');
INSERT INTO contract_year (id_contract_year, id_contract, year, money, option) VALUES (769, 519, '2027-28', 16880000, 'No Option');
INSERT INTO player_contract (id_contract, money, length) VALUES (520, NULL, NULL);
INSERT INTO player (id_player, id_team, id_contract, id_player_stats, name, surname, date_of_birth, nationality, position, height) VALUES (520, 6, 520, 520, 'Isaac', 'Okoro', '2001-01-26'::DATE, 'Georgia USA', 'Small Forward and Shooting Guard', '6-5');
INSERT INTO contract_year (id_contract_year, id_contract, year, money, option) VALUES (770, 520, '2023-24', 8920795, 'Team Option');
INSERT INTO player_contract (id_contract, money, length) VALUES (521, NULL, NULL);
INSERT INTO player (id_player, id_team, id_contract, id_player_stats, name, surname, date_of_birth, nationality, position, height) VALUES (521, NULL, 521, 521, 'KZ', 'Okpala', '1999-04-28'::DATE, 'California USA', 'Power Forward', '6-8');
INSERT INTO player_contract (id_contract, money, length) VALUES (522, NULL, NULL);
INSERT INTO player (id_player, id_team, id_contract, id_player_stats, name, surname, date_of_birth, nationality, position, height) VALUES (522, NULL, 522, 522, 'Victor', 'Oladipo', '1992-05-04'::DATE, 'Maryland USA', 'Shooting Guard and Point Guard', '6-3');
INSERT INTO contract_year (id_contract_year, id_contract, year, money, option) VALUES (771, 522, '2023-24', 9450000, 'Player Option');
INSERT INTO player_contract (id_contract, money, length) VALUES (523, NULL, NULL);
INSERT INTO player (id_player, id_team, id_contract, id_player_stats, name, surname, date_of_birth, nationality, position, height) VALUES (523, NULL, 523, 523, 'Cameron', 'Oliver', '1996-07-11'::DATE, 'California USA', 'Small Forward', '6-8');
INSERT INTO player_contract (id_contract, money, length) VALUES (524, NULL, NULL);
INSERT INTO player (id_player, id_team, id_contract, id_player_stats, name, surname, date_of_birth, nationality, position, height) VALUES (524, 29, 524, 524, 'Kelly', 'Olynyk', '1991-04-19'::DATE, 'Canada', 'Center and Power Forward', '6-11');
INSERT INTO contract_year (id_contract_year, id_contract, year, money, option) VALUES (772, 524, '2023-24', 12195122, 'No Option');
INSERT INTO player_contract (id_contract, money, length) VALUES (525, NULL, NULL);
INSERT INTO player (id_player, id_team, id_contract, id_player_stats, name, surname, date_of_birth, nationality, position, height) VALUES (525, 30, 525, 525, 'Eugene', 'Omoruyi', '1997-02-14'::DATE, 'Nigeria', 'Small Forward', '6-7');
INSERT INTO player_contract (id_contract, money, length) VALUES (526, NULL, NULL);
INSERT INTO player (id_player, id_team, id_contract, id_player_stats, name, surname, date_of_birth, nationality, position, height) VALUES (526, NULL, 526, 526, 'Miye', 'Oni', '1997-08-04'::DATE, 'California USA', 'Shooting Guard and Small Forward', '6-5');
INSERT INTO player_contract (id_contract, money, length) VALUES (527, NULL, NULL);
INSERT INTO player (id_player, id_team, id_contract, id_player_stats, name, surname, date_of_birth, nationality, position, height) VALUES (527, 27, 527, 527, 'Cedi', 'Osman', '1995-04-08'::DATE, 'North Macedonia', 'Small Forward', '6-7');
INSERT INTO contract_year (id_contract_year, id_contract, year, money, option) VALUES (773, 527, '2023-24', 6718842, 'No Option');
INSERT INTO player_contract (id_contract, money, length) VALUES (528, NULL, NULL);
INSERT INTO player (id_player, id_team, id_contract, id_player_stats, name, surname, date_of_birth, nationality, position, height) VALUES (528, NULL, 528, 528, 'Daniel', 'Oturu', '1999-09-20'::DATE, 'New York USA', 'Center', '6-8');
INSERT INTO player_contract (id_contract, money, length) VALUES (529, NULL, NULL);
INSERT INTO player (id_player, id_team, id_contract, id_player_stats, name, surname, date_of_birth, nationality, position, height) VALUES (529, 23, 529, 529, 'Kelly', 'Oubre Jr.', '1995-12-09'::DATE, 'Louisiana USA', 'Small Forward', '6-7');
INSERT INTO contract_year (id_contract_year, id_contract, year, money, option) VALUES (774, 529, '2023-24', 2019706, 'No Option');
INSERT INTO player_contract (id_contract, money, length) VALUES (530, NULL, NULL);
INSERT INTO player (id_player, id_team, id_contract, id_player_stats, name, surname, date_of_birth, nationality, position, height) VALUES (530, NULL, 530, 530, 'Trayvon', 'Palmer', '1994-11-13'::DATE, 'Wisconsin USA', 'Shooting Guard', '6-6');
INSERT INTO player_contract (id_contract, money, length) VALUES (531, NULL, NULL);
INSERT INTO player (id_player, id_team, id_contract, id_player_stats, name, surname, date_of_birth, nationality, position, height) VALUES (531, NULL, 531, 531, 'Jeremy', 'Pargo', '1986-03-17'::DATE, 'Illinois USA', 'Point Guard and Shooting Guard', '6-2');
INSERT INTO player_contract (id_contract, money, length) VALUES (532, NULL, NULL);
INSERT INTO player (id_player, id_team, id_contract, id_player_stats, name, surname, date_of_birth, nationality, position, height) VALUES (532, NULL, 532, 532, 'Eric', 'Paschall', '1996-11-04'::DATE, 'New York USA', 'Power Forward', '6-6');
INSERT INTO player_contract (id_contract, money, length) VALUES (533, NULL, NULL);
INSERT INTO player (id_player, id_team, id_contract, id_player_stats, name, surname, date_of_birth, nationality, position, height) VALUES (533, 10, 533, 533, 'Chris', 'Paul', '1985-05-06'::DATE, 'North Carolina USA', 'Point Guard', '6-0');
INSERT INTO contract_year (id_contract_year, id_contract, year, money, option) VALUES (775, 533, '2023-24', 30800000, 'No Option');
INSERT INTO contract_year (id_contract_year, id_contract, year, money, option) VALUES (776, 533, '2024-25', 30000000, 'No Option');
INSERT INTO player_contract (id_contract, money, length) VALUES (534, NULL, NULL);
INSERT INTO player (id_player, id_team, id_contract, id_player_stats, name, surname, date_of_birth, nationality, position, height) VALUES (534, 17, 534, 534, 'Cameron', 'Payne', '1994-08-08'::DATE, 'Tennessee USA', 'Point Guard and Shooting Guard', '6-3');
INSERT INTO contract_year (id_contract_year, id_contract, year, money, option) VALUES (777, 534, '2023-24', 2019706, 'No Option');
INSERT INTO contract_year (id_contract_year, id_contract, year, money, option) VALUES (778, 534, '2024-25', 6500000, 'No Option');
INSERT INTO player_contract (id_contract, money, length) VALUES (535, NULL, NULL);
INSERT INTO player (id_player, id_team, id_contract, id_player_stats, name, surname, date_of_birth, nationality, position, height) VALUES (535, NULL, 535, 535, 'Elfrid', 'Payton', '1994-02-22'::DATE, 'Louisiana USA', 'Point Guard', '6-3');
INSERT INTO player_contract (id_contract, money, length) VALUES (536, NULL, NULL);
INSERT INTO player (id_player, id_team, id_contract, id_player_stats, name, surname, date_of_birth, nationality, position, height) VALUES (536, 10, 536, 536, 'Gary', 'Payton II', '1992-12-01'::DATE, 'Washington USA', 'Point Guard, Shooting Guard, and Small Forward', '6-2');
INSERT INTO contract_year (id_contract_year, id_contract, year, money, option) VALUES (779, 536, '2023-24', 8715000, 'No Option');
INSERT INTO contract_year (id_contract_year, id_contract, year, money, option) VALUES (780, 536, '2024-25', 9130000, 'Player Option');
INSERT INTO player_contract (id_contract, money, length) VALUES (537, NULL, NULL);
INSERT INTO player (id_player, id_team, id_contract, id_player_stats, name, surname, date_of_birth, nationality, position, height) VALUES (537, NULL, 537, 537, 'Norvel', 'Pelle', '1993-02-03'::DATE, 'Antigua and Barbuda', 'Center', '6-10');
INSERT INTO player_contract (id_contract, money, length) VALUES (538, NULL, NULL);
INSERT INTO player (id_player, id_team, id_contract, id_player_stats, name, surname, date_of_birth, nationality, position, height) VALUES (538, NULL, 538, 538, 'Reggie', 'Perry', '2000-03-21'::DATE, 'Mississippi USA', 'Power Forward', '6-8');
INSERT INTO player_contract (id_contract, money, length) VALUES (539, NULL, NULL);
INSERT INTO player (id_player, id_team, id_contract, id_player_stats, name, surname, date_of_birth, nationality, position, height) VALUES (539, 26, 539, 539, 'Filip', 'Petrušev', '2000-04-15'::DATE, 'Serbia', 'Center', '6-11');
INSERT INTO contract_year (id_contract_year, id_contract, year, money, option) VALUES (781, 539, '2023-24', 559782, 'No Option');
INSERT INTO player_contract (id_contract, money, length) VALUES (540, NULL, NULL);
INSERT INTO player (id_player, id_team, id_contract, id_player_stats, name, surname, date_of_birth, nationality, position, height) VALUES (540, 5, 540, 540, 'Julian', 'Phillips', '2003-11-05'::DATE, 'Texas USA', 'Small Forward', '6-8');
INSERT INTO contract_year (id_contract_year, id_contract, year, money, option) VALUES (782, 540, '2023-24', 1600000, 'No Option');
INSERT INTO contract_year (id_contract_year, id_contract, year, money, option) VALUES (783, 540, '2024-25', 1891857, 'No Option');
INSERT INTO contract_year (id_contract_year, id_contract, year, money, option) VALUES (784, 540, '2025-26', 2221677, 'No Option');
INSERT INTO contract_year (id_contract_year, id_contract, year, money, option) VALUES (785, 540, '2026-27', 2406205, 'Team Option');
INSERT INTO player_contract (id_contract, money, length) VALUES (541, NULL, NULL);
INSERT INTO player (id_player, id_team, id_contract, id_player_stats, name, surname, date_of_birth, nationality, position, height) VALUES (541, 8, 541, 541, 'Jalen', 'Pickett', '1999-10-22'::DATE, 'New York USA', 'Shooting Guard', '6-4');
INSERT INTO contract_year (id_contract_year, id_contract, year, money, option) VALUES (786, 541, '2023-24', 1708143, 'No Option');
INSERT INTO contract_year (id_contract_year, id_contract, year, money, option) VALUES (787, 541, '2024-25', 1891857, 'No Option');
INSERT INTO contract_year (id_contract_year, id_contract, year, money, option) VALUES (788, 541, '2025-26', 2221677, 'No Option');
INSERT INTO contract_year (id_contract_year, id_contract, year, money, option) VALUES (789, 541, '2026-27', 2406205, 'Team Option');
INSERT INTO player_contract (id_contract, money, length) VALUES (542, NULL, NULL);
INSERT INTO player (id_player, id_team, id_contract, id_player_stats, name, surname, date_of_birth, nationality, position, height) VALUES (542, NULL, 542, 542, 'Jamorko', 'Pickett', '1997-12-24'::DATE, 'District of Columbia', 'Small Forward and Power Forward', '6-9');
INSERT INTO player_contract (id_contract, money, length) VALUES (543, NULL, NULL);
INSERT INTO player (id_player, id_team, id_contract, id_player_stats, name, surname, date_of_birth, nationality, position, height) VALUES (543, NULL, 543, 543, 'Theo', 'Pinson', '1995-11-05'::DATE, 'North Carolina USA', 'Shooting Guard and Small Forward', '6-5');
INSERT INTO player_contract (id_contract, money, length) VALUES (544, NULL, NULL);
INSERT INTO player (id_player, id_team, id_contract, id_player_stats, name, surname, date_of_birth, nationality, position, height) VALUES (544, NULL, 544, 544, 'Scotty', 'Pippen Jr.', '2000-11-10'::DATE, 'Oregon USA', 'Point Guard', '6-1');
INSERT INTO player_contract (id_contract, money, length) VALUES (545, NULL, NULL);
INSERT INTO player (id_player, id_team, id_contract, id_player_stats, name, surname, date_of_birth, nationality, position, height) VALUES (545, 13, 545, 545, 'Mason', 'Plumlee', '1990-03-05'::DATE, 'Indiana USA', 'Center', '6-10');
INSERT INTO contract_year (id_contract_year, id_contract, year, money, option) VALUES (790, 545, '2023-24', 5000000, 'No Option');
INSERT INTO player_contract (id_contract, money, length) VALUES (546, NULL, NULL);
INSERT INTO player (id_player, id_team, id_contract, id_player_stats, name, surname, date_of_birth, nationality, position, height) VALUES (546, 10, 546, 546, 'Brandin', 'Podziemski', '2003-02-25'::DATE, 'Wisconsin USA', 'Shooting Guard', '6-5');
INSERT INTO contract_year (id_contract_year, id_contract, year, money, option) VALUES (791, 546, '2023-24', 3352440, 'No Option');
INSERT INTO contract_year (id_contract_year, id_contract, year, money, option) VALUES (792, 546, '2024-25', 3519960, 'No Option');
INSERT INTO contract_year (id_contract_year, id_contract, year, money, option) VALUES (793, 546, '2025-26', 3687960, 'Team Option');
INSERT INTO contract_year (id_contract_year, id_contract, year, money, option) VALUES (794, 546, '2026-27', 5679459, 'Team Option');
INSERT INTO player_contract (id_contract, money, length) VALUES (547, NULL, NULL);
INSERT INTO player (id_player, id_team, id_contract, id_player_stats, name, surname, date_of_birth, nationality, position, height) VALUES (547, NULL, 547, 547, 'Jakob', 'Poeltl', '1995-10-15'::DATE, 'Austria', 'Center', '7-0');
INSERT INTO contract_year (id_contract_year, id_contract, year, money, option) VALUES (795, 547, '2023-24', 19500000, 'No Option');
INSERT INTO contract_year (id_contract_year, id_contract, year, money, option) VALUES (796, 547, '2024-25', 19500000, 'No Option');
INSERT INTO contract_year (id_contract_year, id_contract, year, money, option) VALUES (797, 547, '2025-26', 19500000, 'No Option');
INSERT INTO contract_year (id_contract_year, id_contract, year, money, option) VALUES (798, 547, '2026-27', 19500000, 'Player Option');
INSERT INTO player_contract (id_contract, money, length) VALUES (548, NULL, NULL);
INSERT INTO player (id_player, id_team, id_contract, id_player_stats, name, surname, date_of_birth, nationality, position, height) VALUES (548, 21, 548, 548, 'Aleksej', 'Pokusevski', '2001-12-26'::DATE, 'Serbia', 'Power Forward', '7-0');
INSERT INTO contract_year (id_contract_year, id_contract, year, money, option) VALUES (799, 548, '2023-24', 5009633, 'Team Option');
INSERT INTO player_contract (id_contract, money, length) VALUES (549, NULL, NULL);
INSERT INTO player (id_player, id_team, id_contract, id_player_stats, name, surname, date_of_birth, nationality, position, height) VALUES (549, NULL, 549, 549, 'Shamorie', 'Ponds', '1998-06-29'::DATE, 'New York USA', 'Point Guard', '6-0');
INSERT INTO player_contract (id_contract, money, length) VALUES (550, NULL, NULL);
INSERT INTO player (id_player, id_team, id_contract, id_player_stats, name, surname, date_of_birth, nationality, position, height) VALUES (550, NULL, 550, 550, 'Yves', 'Pons', '1999-05-07'::DATE, 'Haiti', 'Small Forward', '6-6');
INSERT INTO player_contract (id_contract, money, length) VALUES (551, NULL, NULL);
INSERT INTO player (id_player, id_team, id_contract, id_player_stats, name, surname, date_of_birth, nationality, position, height) VALUES (551, 30, 551, 551, 'Jordan', 'Poole', '1999-06-19'::DATE, 'Wisconsin USA', 'Shooting Guard and Point Guard', '6-4');
INSERT INTO contract_year (id_contract_year, id_contract, year, money, option) VALUES (800, 551, '2023-24', 27455357, 'No Option');
INSERT INTO contract_year (id_contract_year, id_contract, year, money, option) VALUES (801, 551, '2024-25', 29651786, 'No Option');
INSERT INTO contract_year (id_contract_year, id_contract, year, money, option) VALUES (802, 551, '2025-26', 31848215, 'No Option');
INSERT INTO contract_year (id_contract_year, id_contract, year, money, option) VALUES (803, 551, '2026-27', 34044642, 'No Option');
INSERT INTO player_contract (id_contract, money, length) VALUES (552, NULL, NULL);
INSERT INTO player (id_player, id_team, id_contract, id_player_stats, name, surname, date_of_birth, nationality, position, height) VALUES (552, 6, 552, 552, 'Craig', 'Porter Jr.', '2000-02-26'::DATE, 'Indiana USA', 'Point Guard', '6-2');
INSERT INTO player_contract (id_contract, money, length) VALUES (553, NULL, NULL);
INSERT INTO player (id_player, id_team, id_contract, id_player_stats, name, surname, date_of_birth, nationality, position, height) VALUES (553, NULL, 553, 553, 'Jontay', 'Porter', '1999-11-15'::DATE, 'Missouri USA', 'Power Forward', '6-11');
INSERT INTO player_contract (id_contract, money, length) VALUES (554, NULL, NULL);
INSERT INTO player (id_player, id_team, id_contract, id_player_stats, name, surname, date_of_birth, nationality, position, height) VALUES (554, NULL, 554, 554, 'Kevin', 'Porter Jr.', '2000-05-04'::DATE, 'Washington USA', 'Point Guard, Shooting Guard, and Small Forward', '6-4');
INSERT INTO contract_year (id_contract_year, id_contract, year, money, option) VALUES (804, 554, '2023-24', 15860000, 'No Option');
INSERT INTO contract_year (id_contract_year, id_contract, year, money, option) VALUES (805, 554, '2024-25', 1000000, 'No Option');
INSERT INTO player_contract (id_contract, money, length) VALUES (555, NULL, NULL);
INSERT INTO player (id_player, id_team, id_contract, id_player_stats, name, surname, date_of_birth, nationality, position, height) VALUES (555, 8, 555, 555, 'Michael', 'Porter Jr.', '1998-06-29'::DATE, 'Indiana USA', 'Small Forward', '6-10');
INSERT INTO contract_year (id_contract_year, id_contract, year, money, option) VALUES (806, 555, '2023-24', 33386850, 'No Option');
INSERT INTO contract_year (id_contract_year, id_contract, year, money, option) VALUES (807, 555, '2024-25', 35859950, 'No Option');
INSERT INTO contract_year (id_contract_year, id_contract, year, money, option) VALUES (808, 555, '2025-26', 38333050, 'No Option');
INSERT INTO contract_year (id_contract_year, id_contract, year, money, option) VALUES (809, 555, '2026-27', 40806150, 'No Option');
INSERT INTO player_contract (id_contract, money, length) VALUES (556, NULL, NULL);
INSERT INTO player (id_player, id_team, id_contract, id_player_stats, name, surname, date_of_birth, nationality, position, height) VALUES (556, 28, 556, 556, 'Otto', 'Porter Jr.', '1993-06-03'::DATE, 'Missouri USA', 'Small Forward and Power Forward', '6-8');
INSERT INTO contract_year (id_contract_year, id_contract, year, money, option) VALUES (810, 556, '2023-24', 6300000, 'Player Option');
INSERT INTO player_contract (id_contract, money, length) VALUES (557, NULL, NULL);
INSERT INTO player (id_player, id_team, id_contract, id_player_stats, name, surname, date_of_birth, nationality, position, height) VALUES (557, 17, 557, 557, 'Bobby', 'Portis', '1995-02-10'::DATE, 'Arkansas USA', 'Power Forward and Center', '6-10');
INSERT INTO contract_year (id_contract_year, id_contract, year, money, option) VALUES (811, 557, '2023-24', 11710818, 'No Option');
INSERT INTO contract_year (id_contract_year, id_contract, year, money, option) VALUES (812, 557, '2024-25', 12578286, 'No Option');
INSERT INTO contract_year (id_contract_year, id_contract, year, money, option) VALUES (813, 557, '2025-26', 13445754, 'Player Option');
INSERT INTO player_contract (id_contract, money, length) VALUES (558, NULL, NULL);
INSERT INTO player (id_player, id_team, id_contract, id_player_stats, name, surname, date_of_birth, nationality, position, height) VALUES (558, 2, 558, 558, 'Kristaps', 'Porziņģis', '1995-08-02'::DATE, 'Latvia', 'Power Forward and Center', '7-2');
INSERT INTO contract_year (id_contract_year, id_contract, year, money, option) VALUES (814, 558, '2023-24', 36016200, 'Player Option');
INSERT INTO contract_year (id_contract_year, id_contract, year, money, option) VALUES (815, 558, '2024-25', 29268293, 'No Option');
INSERT INTO contract_year (id_contract_year, id_contract, year, money, option) VALUES (816, 558, '2025-26', 30731707, 'No Option');
INSERT INTO player_contract (id_contract, money, length) VALUES (559, NULL, NULL);
INSERT INTO player (id_player, id_team, id_contract, id_player_stats, name, surname, date_of_birth, nationality, position, height) VALUES (559, NULL, 559, 559, 'Micah', 'Potter', '1998-04-06'::DATE, 'Ohio USA', 'Power Forward and Center', '6-10');
INSERT INTO player_contract (id_contract, money, length) VALUES (560, NULL, NULL);
INSERT INTO player (id_player, id_team, id_contract, id_player_stats, name, surname, date_of_birth, nationality, position, height) VALUES (560, NULL, 560, 560, 'Dwight', 'Powell', '1991-07-20'::DATE, 'Canada', 'Center and Power Forward', '6-10');
INSERT INTO contract_year (id_contract_year, id_contract, year, money, option) VALUES (817, 560, '2023-24', 4000000, 'No Option');
INSERT INTO contract_year (id_contract_year, id_contract, year, money, option) VALUES (818, 560, '2024-25', 4000000, 'No Option');
INSERT INTO contract_year (id_contract_year, id_contract, year, money, option) VALUES (819, 560, '2025-26', 4000000, 'Player Option');
INSERT INTO player_contract (id_contract, money, length) VALUES (561, NULL, NULL);
INSERT INTO player (id_player, id_team, id_contract, id_player_stats, name, surname, date_of_birth, nationality, position, height) VALUES (561, 13, 561, 561, 'Norman', 'Powell', '1993-05-25'::DATE, 'California USA', 'Shooting Guard and Small Forward', '6-3');
INSERT INTO contract_year (id_contract_year, id_contract, year, money, option) VALUES (820, 561, '2023-24', 18000000, 'No Option');
INSERT INTO contract_year (id_contract_year, id_contract, year, money, option) VALUES (821, 561, '2024-25', 19241379, 'No Option');
INSERT INTO contract_year (id_contract_year, id_contract, year, money, option) VALUES (822, 561, '2025-26', 20482758, 'No Option');
INSERT INTO player_contract (id_contract, money, length) VALUES (562, NULL, NULL);
INSERT INTO player (id_player, id_team, id_contract, id_player_stats, name, surname, date_of_birth, nationality, position, height) VALUES (562, NULL, 562, 562, 'Jason', 'Preston', '1999-08-10'::DATE, 'Florida USA', 'Point Guard', '6-4');
INSERT INTO player_contract (id_contract, money, length) VALUES (563, NULL, NULL);
INSERT INTO player (id_player, id_team, id_contract, id_player_stats, name, surname, date_of_birth, nationality, position, height) VALUES (563, NULL, 563, 563, 'Joshua', 'Primo', '2002-12-24'::DATE, 'Canada', 'Shooting Guard and Small Forward', '6-6');
INSERT INTO contract_year (id_contract_year, id_contract, year, money, option) VALUES (823, 563, '2023-24', 1764341, 'No Option');
INSERT INTO contract_year (id_contract_year, id_contract, year, money, option) VALUES (824, 563, '2024-25', 2196970, 'No Option');
INSERT INTO contract_year (id_contract_year, id_contract, year, money, option) VALUES (825, 563, '2025-26', 4341600, 'Team Option');
INSERT INTO player_contract (id_contract, money, length) VALUES (564, NULL, NULL);
INSERT INTO player (id_player, id_team, id_contract, id_player_stats, name, surname, date_of_birth, nationality, position, height) VALUES (564, 14, 564, 564, 'Taurean', 'Prince', '1994-03-22'::DATE, 'Texas USA', 'Power Forward and Small Forward', '6-6');
INSERT INTO contract_year (id_contract_year, id_contract, year, money, option) VALUES (826, 564, '2023-24', 4516000, 'No Option');
INSERT INTO player_contract (id_contract, money, length) VALUES (565, NULL, NULL);
INSERT INTO player (id_player, id_team, id_contract, id_player_stats, name, surname, date_of_birth, nationality, position, height) VALUES (565, 2, 565, 565, 'Payton', 'Pritchard', '1998-01-28'::DATE, 'Oregon USA', 'Point Guard and Shooting Guard', '6-1');
INSERT INTO contract_year (id_contract_year, id_contract, year, money, option) VALUES (827, 565, '2023-24', 4037277, 'Team Option');
INSERT INTO contract_year (id_contract_year, id_contract, year, money, option) VALUES (828, 565, '2024-25', 6696429, 'No Option');
INSERT INTO contract_year (id_contract_year, id_contract, year, money, option) VALUES (829, 565, '2025-26', 7232143, 'No Option');
INSERT INTO contract_year (id_contract_year, id_contract, year, money, option) VALUES (830, 565, '2026-27', 7767857, 'No Option');
INSERT INTO contract_year (id_contract_year, id_contract, year, money, option) VALUES (831, 565, '2027-28', 8303571, 'No Option');
INSERT INTO player_contract (id_contract, money, length) VALUES (566, NULL, NULL);
INSERT INTO player (id_player, id_team, id_contract, id_player_stats, name, surname, date_of_birth, nationality, position, height) VALUES (566, 7, 566, 566, 'Olivier-Maxence', 'Prosper', '2002-07-03'::DATE, 'Canada', 'Power Forward', '6-8');
INSERT INTO contract_year (id_contract_year, id_contract, year, money, option) VALUES (832, 566, '2023-24', 2733720, 'No Option');
INSERT INTO contract_year (id_contract_year, id_contract, year, money, option) VALUES (833, 566, '2024-25', 2870400, 'No Option');
INSERT INTO contract_year (id_contract_year, id_contract, year, money, option) VALUES (834, 566, '2025-26', 3007080, 'Team Option');
INSERT INTO contract_year (id_contract_year, id_contract, year, money, option) VALUES (835, 566, '2026-27', 5259383, 'Team Option');
INSERT INTO player_contract (id_contract, money, length) VALUES (567, NULL, NULL);
INSERT INTO player (id_player, id_team, id_contract, id_player_stats, name, surname, date_of_birth, nationality, position, height) VALUES (567, NULL, 567, 567, 'Trevelin', 'Queen', '1997-02-25'::DATE, 'Maryland USA', 'Shooting Guard', '6-6');
INSERT INTO player_contract (id_contract, money, length) VALUES (568, NULL, NULL);
INSERT INTO player (id_player, id_team, id_contract, id_player_stats, name, surname, date_of_birth, nationality, position, height) VALUES (568, 2, 568, 568, 'Neemias', 'Queta', '1999-07-13'::DATE, 'Portugal', 'Center', '7-0');
INSERT INTO contract_year (id_contract_year, id_contract, year, money, option) VALUES (836, 568, '2023-24', 250000, 'No Option');
INSERT INTO player_contract (id_contract, money, length) VALUES (569, NULL, NULL);
INSERT INTO player (id_player, id_team, id_contract, id_player_stats, name, surname, date_of_birth, nationality, position, height) VALUES (569, 20, 569, 569, 'Immanuel', 'Quickley', '1999-06-17'::DATE, 'Maryland USA', 'Shooting Guard and Point Guard', '6-3');
INSERT INTO contract_year (id_contract_year, id_contract, year, money, option) VALUES (837, 569, '2023-24', 4171548, 'Team Option');
INSERT INTO player_contract (id_contract, money, length) VALUES (570, NULL, NULL);
INSERT INTO player (id_player, id_team, id_contract, id_player_stats, name, surname, date_of_birth, nationality, position, height) VALUES (570, 10, 570, 570, 'Lester', 'Quinones', '2000-11-16'::DATE, 'New York USA', 'Shooting Guard', '6-5');
INSERT INTO player_contract (id_contract, money, length) VALUES (571, NULL, NULL);
INSERT INTO player (id_player, id_team, id_contract, id_player_stats, name, surname, date_of_birth, nationality, position, height) VALUES (571, NULL, 571, 571, 'Jahmius', 'Ramsey', '2001-06-09'::DATE, 'Texas USA', 'Shooting Guard', '6-3');
INSERT INTO player_contract (id_contract, money, length) VALUES (572, NULL, NULL);
INSERT INTO player (id_player, id_team, id_contract, id_player_stats, name, surname, date_of_birth, nationality, position, height) VALUES (572, NULL, 572, 572, 'Chasson', 'Randle', '1993-02-05'::DATE, 'Illinois USA', 'Point Guard', '6-2');
INSERT INTO player_contract (id_contract, money, length) VALUES (573, NULL, NULL);
INSERT INTO player (id_player, id_team, id_contract, id_player_stats, name, surname, date_of_birth, nationality, position, height) VALUES (573, 20, 573, 573, 'Julius', 'Randle', '1994-11-29'::DATE, 'Texas USA', 'Power Forward and Center', '6-8');
INSERT INTO contract_year (id_contract_year, id_contract, year, money, option) VALUES (838, 573, '2023-24', 28226880, 'No Option');
INSERT INTO contract_year (id_contract_year, id_contract, year, money, option) VALUES (839, 573, '2024-25', 30317760, 'No Option');
INSERT INTO contract_year (id_contract_year, id_contract, year, money, option) VALUES (840, 573, '2025-26', 32408640, 'Player Option');
INSERT INTO player_contract (id_contract, money, length) VALUES (574, NULL, NULL);
INSERT INTO player (id_player, id_team, id_contract, id_player_stats, name, surname, date_of_birth, nationality, position, height) VALUES (574, 25, 574, 574, 'Duop', 'Reath', '1996-06-26'::DATE, 'South Sudan', 'Center', '6-11');
INSERT INTO player_contract (id_contract, money, length) VALUES (575, NULL, NULL);
INSERT INTO player (id_player, id_team, id_contract, id_player_stats, name, surname, date_of_birth, nationality, position, height) VALUES (575, 14, 575, 575, 'Austin', 'Reaves', '1998-05-29'::DATE, 'Arkansas USA', 'Shooting Guard', '6-5');
INSERT INTO contract_year (id_contract_year, id_contract, year, money, option) VALUES (841, 575, '2023-24', 12015150, 'No Option');
INSERT INTO contract_year (id_contract_year, id_contract, year, money, option) VALUES (842, 575, '2024-25', 12976362, 'No Option');
INSERT INTO contract_year (id_contract_year, id_contract, year, money, option) VALUES (843, 575, '2025-26', 13937574, 'No Option');
INSERT INTO contract_year (id_contract_year, id_contract, year, money, option) VALUES (844, 575, '2026-27', 14898786, 'Player Option');
INSERT INTO player_contract (id_contract, money, length) VALUES (576, NULL, NULL);
INSERT INTO player (id_player, id_team, id_contract, id_player_stats, name, surname, date_of_birth, nationality, position, height) VALUES (576, NULL, 576, 576, 'Josh', 'Reaves', '1997-06-04'::DATE, 'Virginia USA', 'Small Forward', '6-4');
INSERT INTO player_contract (id_contract, money, length) VALUES (577, NULL, NULL);
INSERT INTO player (id_player, id_team, id_contract, id_player_stats, name, surname, date_of_birth, nationality, position, height) VALUES (577, 14, 577, 577, 'Cam', 'Reddish', '1999-09-01'::DATE, 'Pennsylvania USA', 'Small Forward', '6-8');
INSERT INTO contract_year (id_contract_year, id_contract, year, money, option) VALUES (845, 577, '2023-24', 2165000, 'No Option');
INSERT INTO contract_year (id_contract_year, id_contract, year, money, option) VALUES (846, 577, '2024-25', 2463946, 'Player Option');
INSERT INTO player_contract (id_contract, money, length) VALUES (578, NULL, NULL);
INSERT INTO player (id_player, id_team, id_contract, id_player_stats, name, surname, date_of_birth, nationality, position, height) VALUES (578, NULL, 578, 578, 'Davon', 'Reed', '1995-06-11'::DATE, 'New Jersey USA', 'Shooting Guard', '6-5');
INSERT INTO player_contract (id_contract, money, length) VALUES (579, NULL, NULL);
INSERT INTO player (id_player, id_team, id_contract, id_player_stats, name, surname, date_of_birth, nationality, position, height) VALUES (579, 23, 579, 579, 'Paul', 'Reed', '1999-06-14'::DATE, 'Florida USA', 'Center and Power Forward', '6-9');
INSERT INTO contract_year (id_contract_year, id_contract, year, money, option) VALUES (847, 579, '2023-24', 7723000, 'No Option');
INSERT INTO contract_year (id_contract_year, id_contract, year, money, option) VALUES (848, 579, '2024-25', 7723000, 'No Option');
INSERT INTO contract_year (id_contract_year, id_contract, year, money, option) VALUES (849, 579, '2025-26', 8109150, 'No Option');
INSERT INTO player_contract (id_contract, money, length) VALUES (580, NULL, NULL);
INSERT INTO player (id_player, id_team, id_contract, id_player_stats, name, surname, date_of_birth, nationality, position, height) VALUES (580, 18, 580, 580, 'Naz', 'Reid', '1999-08-26'::DATE, 'New Jersey USA', 'Center', '6-9');
INSERT INTO contract_year (id_contract_year, id_contract, year, money, option) VALUES (850, 580, '2023-24', 12950400, 'No Option');
INSERT INTO contract_year (id_contract_year, id_contract, year, money, option) VALUES (851, 580, '2024-25', 13986432, 'No Option');
INSERT INTO contract_year (id_contract_year, id_contract, year, money, option) VALUES (852, 580, '2025-26', 15022464, 'Player Option');
INSERT INTO player_contract (id_contract, money, length) VALUES (581, NULL, NULL);
INSERT INTO player (id_player, id_team, id_contract, id_player_stats, name, surname, date_of_birth, nationality, position, height) VALUES (581, 9, 581, 581, 'Jared', 'Rhoden', '1999-08-27'::DATE, 'New York USA', 'Shooting Guard', '6-6');
INSERT INTO player_contract (id_contract, money, length) VALUES (582, NULL, NULL);
INSERT INTO player (id_player, id_team, id_contract, id_player_stats, name, surname, date_of_birth, nationality, position, height) VALUES (582, NULL, 582, 582, 'Nick', 'Richards', '1997-11-29'::DATE, 'Jamaica', 'Center and Power Forward', '7-0');
INSERT INTO contract_year (id_contract_year, id_contract, year, money, option) VALUES (853, 582, '2023-24', 5000000, 'No Option');
INSERT INTO contract_year (id_contract_year, id_contract, year, money, option) VALUES (854, 582, '2024-25', 5000000, 'No Option');
INSERT INTO contract_year (id_contract_year, id_contract, year, money, option) VALUES (855, 582, '2025-26', 5000000, 'No Option');
INSERT INTO player_contract (id_contract, money, length) VALUES (583, NULL, NULL);
INSERT INTO player (id_player, id_team, id_contract, id_player_stats, name, surname, date_of_birth, nationality, position, height) VALUES (583, 16, 583, 583, 'Josh', 'Richardson', '1993-09-15'::DATE, 'Oklahoma USA', 'Shooting Guard and Small Forward', '6-5');
INSERT INTO contract_year (id_contract_year, id_contract, year, money, option) VALUES (856, 583, '2023-24', 2891467, 'No Option');
INSERT INTO contract_year (id_contract_year, id_contract, year, money, option) VALUES (857, 583, '2024-25', 3051153, 'Player Option');
INSERT INTO player_contract (id_contract, money, length) VALUES (584, NULL, NULL);
INSERT INTO player (id_player, id_team, id_contract, id_player_stats, name, surname, date_of_birth, nationality, position, height) VALUES (584, NULL, 584, 584, 'Grant', 'Riller', '1997-02-08'::DATE, 'Florida USA', 'Point Guard', '6-2');
INSERT INTO player_contract (id_contract, money, length) VALUES (585, NULL, NULL);
INSERT INTO player (id_player, id_team, id_contract, id_player_stats, name, surname, date_of_birth, nationality, position, height) VALUES (585, NULL, 585, 585, 'Austin', 'Rivers', '1992-08-01'::DATE, 'California USA', 'Shooting Guard and Point Guard', '6-4');
INSERT INTO player_contract (id_contract, money, length) VALUES (586, NULL, NULL);
INSERT INTO player (id_player, id_team, id_contract, id_player_stats, name, surname, date_of_birth, nationality, position, height) VALUES (586, 16, 586, 586, 'Duncan', 'Robinson', '1994-04-22'::DATE, 'Maine USA', 'Small Forward and Shooting Guard', '6-7');
INSERT INTO contract_year (id_contract_year, id_contract, year, money, option) VALUES (858, 586, '2023-24', 18154000, 'No Option');
INSERT INTO contract_year (id_contract_year, id_contract, year, money, option) VALUES (859, 586, '2024-25', 19406000, 'No Option');
INSERT INTO contract_year (id_contract_year, id_contract, year, money, option) VALUES (860, 586, '2025-26', 19888000, 'No Option');
INSERT INTO player_contract (id_contract, money, length) VALUES (587, NULL, NULL);
INSERT INTO player (id_player, id_team, id_contract, id_player_stats, name, surname, date_of_birth, nationality, position, height) VALUES (587, 10, 587, 587, 'Jerome', 'Robinson', '1997-02-22'::DATE, 'North Carolina USA', 'Shooting Guard', '6-4');
INSERT INTO player_contract (id_contract, money, length) VALUES (588, NULL, NULL);
INSERT INTO player (id_player, id_team, id_contract, id_player_stats, name, surname, date_of_birth, nationality, position, height) VALUES (588, NULL, 588, 588, 'Justin', 'Robinson', '1997-10-12'::DATE, 'Virginia USA', 'Point Guard', '6-1');
INSERT INTO player_contract (id_contract, money, length) VALUES (589, NULL, NULL);
INSERT INTO player (id_player, id_team, id_contract, id_player_stats, name, surname, date_of_birth, nationality, position, height) VALUES (589, NULL, 589, 589, 'Mitchell', 'Robinson', '1998-04-01'::DATE, 'Florida USA', 'Center', '7-0');
INSERT INTO contract_year (id_contract_year, id_contract, year, money, option) VALUES (861, 589, '2023-24', 15681818, 'No Option');
INSERT INTO contract_year (id_contract_year, id_contract, year, money, option) VALUES (862, 589, '2024-25', 14318182, 'No Option');
INSERT INTO contract_year (id_contract_year, id_contract, year, money, option) VALUES (863, 589, '2025-26', 12954546, 'No Option');
INSERT INTO player_contract (id_contract, money, length) VALUES (590, NULL, NULL);
INSERT INTO player (id_player, id_team, id_contract, id_player_stats, name, surname, date_of_birth, nationality, position, height) VALUES (590, 16, 590, 590, 'Orlando', 'Robinson', '2000-07-10'::DATE, 'Nevada USA', 'Center', '7-0');
INSERT INTO contract_year (id_contract_year, id_contract, year, money, option) VALUES (864, 590, '2023-24', 1801769, 'No Option');
INSERT INTO contract_year (id_contract_year, id_contract, year, money, option) VALUES (865, 590, '2024-25', 2120693, 'No Option');
INSERT INTO player_contract (id_contract, money, length) VALUES (591, NULL, NULL);
INSERT INTO player (id_player, id_team, id_contract, id_player_stats, name, surname, date_of_birth, nationality, position, height) VALUES (591, 19, 591, 591, 'Jeremiah', 'Robinson-Earl', '2000-11-03'::DATE, 'Missouri USA', 'Power Forward and Center', '6-9');
INSERT INTO contract_year (id_contract_year, id_contract, year, money, option) VALUES (866, 591, '2023-24', 1900000, 'No Option');
INSERT INTO player_contract (id_contract, money, length) VALUES (592, NULL, NULL);
INSERT INTO player (id_player, id_team, id_contract, id_player_stats, name, surname, date_of_birth, nationality, position, height) VALUES (592, NULL, 592, 592, 'Isaiah', 'Roby', '1998-02-03'::DATE, 'Illinois USA', 'Power Forward', '6-8');
INSERT INTO player_contract (id_contract, money, length) VALUES (593, NULL, NULL);
INSERT INTO player (id_player, id_team, id_contract, id_player_stats, name, surname, date_of_birth, nationality, position, height) VALUES (593, NULL, 593, 593, 'David', 'Roddy', '2001-03-27'::DATE, 'Minnesota USA', 'Power Forward', '6-4');
INSERT INTO contract_year (id_contract_year, id_contract, year, money, option) VALUES (867, 593, '2023-24', 2718240, 'No Option');
INSERT INTO contract_year (id_contract_year, id_contract, year, money, option) VALUES (868, 593, '2024-25', 2847240, 'Team Option');
INSERT INTO contract_year (id_contract_year, id_contract, year, money, option) VALUES (869, 593, '2025-26', 4831766, 'Team Option');
INSERT INTO player_contract (id_contract, money, length) VALUES (594, NULL, NULL);
INSERT INTO player (id_player, id_team, id_contract, id_player_stats, name, surname, date_of_birth, nationality, position, height) VALUES (594, 30, 594, 594, 'Ryan', 'Rollins', '2002-07-03'::DATE, 'Michigan USA', 'Point Guard', '6-4');
INSERT INTO contract_year (id_contract_year, id_contract, year, money, option) VALUES (870, 594, '2023-24', 1719864, 'No Option');
INSERT INTO contract_year (id_contract_year, id_contract, year, money, option) VALUES (871, 594, '2024-25', 2019699, 'No Option');
INSERT INTO player_contract (id_contract, money, length) VALUES (595, NULL, NULL);
INSERT INTO player (id_player, id_team, id_contract, id_player_stats, name, surname, date_of_birth, nationality, position, height) VALUES (595, 15, 595, 595, 'Derrick', 'Rose', '1988-10-04'::DATE, 'Illinois USA', 'Point Guard', '6-3');
INSERT INTO contract_year (id_contract_year, id_contract, year, money, option) VALUES (872, 595, '2023-24', 3196448, 'No Option');
INSERT INTO contract_year (id_contract_year, id_contract, year, money, option) VALUES (873, 595, '2024-25', 3356271, 'No Option');
INSERT INTO player_contract (id_contract, money, length) VALUES (596, NULL, NULL);
INSERT INTO player (id_player, id_team, id_contract, id_player_stats, name, surname, date_of_birth, nationality, position, height) VALUES (596, NULL, 596, 596, 'Terrence', 'Ross', '1991-02-05'::DATE, 'Oregon USA', 'Shooting Guard and Small Forward', '6-6');
INSERT INTO player_contract (id_contract, money, length) VALUES (597, NULL, NULL);
INSERT INTO player (id_player, id_team, id_contract, id_player_stats, name, surname, date_of_birth, nationality, position, height) VALUES (597, 4, 597, 597, 'Terry', 'Rozier', '1994-03-17'::DATE, 'Ohio USA', 'Point Guard and Shooting Guard', '6-1');
INSERT INTO contract_year (id_contract_year, id_contract, year, money, option) VALUES (874, 597, '2023-24', 23205221, 'No Option');
INSERT INTO contract_year (id_contract_year, id_contract, year, money, option) VALUES (875, 597, '2024-25', 24924126, 'No Option');
INSERT INTO contract_year (id_contract_year, id_contract, year, money, option) VALUES (876, 597, '2025-26', 26643031, 'No Option');
INSERT INTO player_contract (id_contract, money, length) VALUES (598, NULL, NULL);
INSERT INTO player (id_player, id_team, id_contract, id_player_stats, name, surname, date_of_birth, nationality, position, height) VALUES (598, NULL, 598, 598, 'Ricky', 'Rubio', '1990-10-21'::DATE, 'Spain', 'Point Guard', '6-2');
INSERT INTO contract_year (id_contract_year, id_contract, year, money, option) VALUES (877, 598, '2023-24', 6146342, 'No Option');
INSERT INTO contract_year (id_contract_year, id_contract, year, money, option) VALUES (878, 598, '2024-25', 6439025, 'No Option');
INSERT INTO player_contract (id_contract, money, length) VALUES (599, NULL, NULL);
INSERT INTO player (id_player, id_team, id_contract, id_player_stats, name, surname, date_of_birth, nationality, position, height) VALUES (599, 25, 599, 599, 'Rayan', 'Rupert', '2004-05-31'::DATE, 'France', 'Shooting Guard', '6-6');
INSERT INTO contract_year (id_contract_year, id_contract, year, money, option) VALUES (879, 599, '2023-24', 1119563, 'No Option');
INSERT INTO contract_year (id_contract_year, id_contract, year, money, option) VALUES (880, 599, '2024-25', 1891857, 'No Option');
INSERT INTO contract_year (id_contract_year, id_contract, year, money, option) VALUES (881, 599, '2025-26', 2221677, 'Team Option');
INSERT INTO player_contract (id_contract, money, length) VALUES (600, NULL, NULL);
INSERT INTO player (id_player, id_team, id_contract, id_player_stats, name, surname, date_of_birth, nationality, position, height) VALUES (600, 14, 600, 600, 'DAngelo', 'Russell', '1996-02-23'::DATE, 'Kentucky USA', 'Point Guard', '6-3');
INSERT INTO contract_year (id_contract_year, id_contract, year, money, option) VALUES (882, 600, '2023-24', 17307693, 'No Option');
INSERT INTO contract_year (id_contract_year, id_contract, year, money, option) VALUES (883, 600, '2024-25', 18692307, 'No Option');
INSERT INTO player_contract (id_contract, money, length) VALUES (601, NULL, NULL);
INSERT INTO player (id_player, id_team, id_contract, id_player_stats, name, surname, date_of_birth, nationality, position, height) VALUES (601, 19, 601, 601, 'Matt', 'Ryan', '1997-04-17'::DATE, 'New York USA', 'Small Forward', '6-6');
INSERT INTO player_contract (id_contract, money, length) VALUES (602, NULL, NULL);
INSERT INTO player (id_player, id_team, id_contract, id_player_stats, name, surname, date_of_birth, nationality, position, height) VALUES (602, 26, 602, 602, 'Domantas', 'Sabonis', '1996-05-03'::DATE, 'Oregon USA', 'Power Forward and Center', '6-10');
INSERT INTO contract_year (id_contract_year, id_contract, year, money, option) VALUES (884, 602, '2023-24', 30600000, 'No Option');
INSERT INTO contract_year (id_contract_year, id_contract, year, money, option) VALUES (885, 602, '2024-25', 41800000, 'No Option');
INSERT INTO contract_year (id_contract_year, id_contract, year, money, option) VALUES (886, 602, '2025-26', 44936000, 'No Option');
INSERT INTO contract_year (id_contract_year, id_contract, year, money, option) VALUES (887, 602, '2026-27', 48072000, 'No Option');
INSERT INTO contract_year (id_contract_year, id_contract, year, money, option) VALUES (888, 602, '2027-28', 51208000, 'No Option');
INSERT INTO player_contract (id_contract, money, length) VALUES (603, NULL, NULL);
INSERT INTO player (id_player, id_team, id_contract, id_player_stats, name, surname, date_of_birth, nationality, position, height) VALUES (603, 29, 603, 603, 'Luka', 'Šamanić', '2000-01-09'::DATE, 'Croatia', 'Power Forward', '6-10');
INSERT INTO contract_year (id_contract_year, id_contract, year, money, option) VALUES (889, 603, '2023-24', 2066585, 'No Option');
INSERT INTO player_contract (id_contract, money, length) VALUES (604, NULL, NULL);
INSERT INTO player (id_player, id_team, id_contract, id_player_stats, name, surname, date_of_birth, nationality, position, height) VALUES (604, NULL, 604, 604, 'Brandon', 'Sampson', '1997-05-01'::DATE, 'Louisiana USA', 'Shooting Guard', '6-5');
INSERT INTO player_contract (id_contract, money, length) VALUES (605, NULL, NULL);
INSERT INTO player (id_player, id_team, id_contract, id_player_stats, name, surname, date_of_birth, nationality, position, height) VALUES (605, 11, 605, 605, 'Jermaine', 'Samuels', '1998-11-13'::DATE, 'Massachusetts USA', 'Small Forward', '6-7');
INSERT INTO player_contract (id_contract, money, length) VALUES (606, NULL, NULL);
INSERT INTO player (id_player, id_team, id_contract, id_player_stats, name, surname, date_of_birth, nationality, position, height) VALUES (606, 10, 606, 606, 'Gui', 'Santos', '2002-06-22'::DATE, 'Brazil', 'Power Forward', '6-8');
INSERT INTO contract_year (id_contract_year, id_contract, year, money, option) VALUES (890, 606, '2023-24', 1029483, 'No Option');
INSERT INTO contract_year (id_contract_year, id_contract, year, money, option) VALUES (891, 606, '2024-25', 1891857, 'No Option');
INSERT INTO contract_year (id_contract_year, id_contract, year, money, option) VALUES (892, 606, '2025-26', 2221677, 'Team Option');
INSERT INTO player_contract (id_contract, money, length) VALUES (607, NULL, NULL);
INSERT INTO player (id_player, id_team, id_contract, id_player_stats, name, surname, date_of_birth, nationality, position, height) VALUES (607, 10, 607, 607, 'Dario', 'Šarić', '1994-04-08'::DATE, 'Croatia', 'Power Forward and Center', '6-10');
INSERT INTO contract_year (id_contract_year, id_contract, year, money, option) VALUES (893, 607, '2023-24', 2019706, 'No Option');
INSERT INTO player_contract (id_contract, money, length) VALUES (608, NULL, NULL);
INSERT INTO player (id_player, id_team, id_contract, id_player_stats, name, surname, date_of_birth, nationality, position, height) VALUES (608, 21, 608, 608, 'Olivier', 'Sarr', '1999-02-20'::DATE, 'France', 'Center', '7-0');
INSERT INTO player_contract (id_contract, money, length) VALUES (609, NULL, NULL);
INSERT INTO player (id_player, id_team, id_contract, id_player_stats, name, surname, date_of_birth, nationality, position, height) VALUES (609, 9, 609, 609, 'Marcus', 'Sasser', '2000-09-21'::DATE, 'Texas USA', 'Point Guard', '6-2');
INSERT INTO contract_year (id_contract_year, id_contract, year, money, option) VALUES (894, 609, '2023-24', 2624040, 'No Option');
INSERT INTO contract_year (id_contract_year, id_contract, year, money, option) VALUES (895, 609, '2024-25', 2755080, 'No Option');
INSERT INTO contract_year (id_contract_year, id_contract, year, money, option) VALUES (896, 609, '2025-26', 2886720, 'Team Option');
INSERT INTO contract_year (id_contract_year, id_contract, year, money, option) VALUES (897, 609, '2026-27', 5198983, 'Team Option');
INSERT INTO player_contract (id_contract, money, length) VALUES (610, NULL, NULL);
INSERT INTO player (id_player, id_team, id_contract, id_player_stats, name, surname, date_of_birth, nationality, position, height) VALUES (610, NULL, 610, 610, 'Jordan', 'Schakel', '1998-06-13'::DATE, 'California USA', 'Small Forward and Shooting Guard', '6-6');
INSERT INTO player_contract (id_contract, money, length) VALUES (611, NULL, NULL);
INSERT INTO player (id_player, id_team, id_contract, id_player_stats, name, surname, date_of_birth, nationality, position, height) VALUES (611, 22, 611, 611, 'Admiral', 'Schofield', '1997-03-30'::DATE, 'United Kingdom', 'Power Forward and Small Forward', '6-5');
INSERT INTO player_contract (id_contract, money, length) VALUES (612, NULL, NULL);
INSERT INTO player (id_player, id_team, id_contract, id_player_stats, name, surname, date_of_birth, nationality, position, height) VALUES (612, 28, 612, 612, 'Dennis', 'Schröder', '1993-09-15'::DATE, 'Germany', 'Point Guard and Shooting Guard', '6-1');
INSERT INTO contract_year (id_contract_year, id_contract, year, money, option) VALUES (898, 612, '2023-24', 12405000, 'No Option');
INSERT INTO contract_year (id_contract_year, id_contract, year, money, option) VALUES (899, 612, '2024-25', 13025250, 'No Option');
INSERT INTO player_contract (id_contract, money, length) VALUES (613, NULL, NULL);
INSERT INTO player (id_player, id_team, id_contract, id_player_stats, name, surname, date_of_birth, nationality, position, height) VALUES (613, NULL, 613, 613, 'Jay', 'Scrubb', '2000-09-01'::DATE, 'Kentucky USA', 'Shooting Guard', '6-5');
INSERT INTO player_contract (id_contract, money, length) VALUES (614, NULL, NULL);
INSERT INTO player (id_player, id_team, id_contract, id_player_stats, name, surname, date_of_birth, nationality, position, height) VALUES (614, 19, 614, 614, 'Dereon', 'Seabron', '2000-05-26'::DATE, 'Virginia USA', 'Shooting Guard', '6-7');
INSERT INTO player_contract (id_contract, money, length) VALUES (615, NULL, NULL);
INSERT INTO player (id_player, id_team, id_contract, id_player_stats, name, surname, date_of_birth, nationality, position, height) VALUES (615, 11, 615, 615, 'Alperen', 'Şengün', '2002-07-25'::DATE, 'Turkey', 'Center', '6-11');
INSERT INTO contract_year (id_contract_year, id_contract, year, money, option) VALUES (900, 615, '2023-24', 3536280, 'Team Option');
INSERT INTO contract_year (id_contract_year, id_contract, year, money, option) VALUES (901, 615, '2024-25', 5424654, 'Team Option');
INSERT INTO player_contract (id_contract, money, length) VALUES (616, NULL, NULL);
INSERT INTO player (id_player, id_team, id_contract, id_player_stats, name, surname, date_of_birth, nationality, position, height) VALUES (616, 29, 616, 616, 'Brice', 'Sensabaugh', '2003-10-30'::DATE, 'Florida USA', 'Small Forward', '6-6');
INSERT INTO contract_year (id_contract_year, id_contract, year, money, option) VALUES (902, 616, '2023-24', 2448600, 'No Option');
INSERT INTO contract_year (id_contract_year, id_contract, year, money, option) VALUES (903, 616, '2024-25', 2571480, 'No Option');
INSERT INTO contract_year (id_contract_year, id_contract, year, money, option) VALUES (904, 616, '2025-26', 2693760, 'Team Option');
INSERT INTO contract_year (id_contract_year, id_contract, year, money, option) VALUES (905, 616, '2026-27', 4862237, 'Team Option');
INSERT INTO player_contract (id_contract, money, length) VALUES (617, NULL, NULL);
INSERT INTO player (id_player, id_team, id_contract, id_player_stats, name, surname, date_of_birth, nationality, position, height) VALUES (617, 29, 617, 617, 'Collin', 'Sexton', '1999-01-04'::DATE, 'Georgia USA', 'Shooting Guard and Point Guard', '6-3');
INSERT INTO contract_year (id_contract_year, id_contract, year, money, option) VALUES (906, 617, '2023-24', 17325000, 'No Option');
INSERT INTO contract_year (id_contract_year, id_contract, year, money, option) VALUES (907, 617, '2024-25', 18150000, 'No Option');
INSERT INTO contract_year (id_contract_year, id_contract, year, money, option) VALUES (908, 617, '2025-26', 18975000, 'No Option');
INSERT INTO player_contract (id_contract, money, length) VALUES (618, NULL, NULL);
INSERT INTO player (id_player, id_team, id_contract, id_player_stats, name, surname, date_of_birth, nationality, position, height) VALUES (618, 30, 618, 618, 'Landry', 'Shamet', '1997-03-13'::DATE, 'Missouri USA', 'Shooting Guard', '6-4');
INSERT INTO contract_year (id_contract_year, id_contract, year, money, option) VALUES (909, 618, '2023-24', 10250000, 'No Option');
INSERT INTO contract_year (id_contract_year, id_contract, year, money, option) VALUES (910, 618, '2024-25', 11000000, 'No Option');
INSERT INTO contract_year (id_contract_year, id_contract, year, money, option) VALUES (911, 618, '2025-26', 11750000, 'No Option');
INSERT INTO player_contract (id_contract, money, length) VALUES (619, NULL, NULL);
INSERT INTO player (id_player, id_team, id_contract, id_player_stats, name, surname, date_of_birth, nationality, position, height) VALUES (619, 3, 619, 619, 'DayRon', 'Sharpe', '2001-11-06'::DATE, 'North Carolina USA', 'Center and Power Forward', '6-11');
INSERT INTO contract_year (id_contract_year, id_contract, year, money, option) VALUES (912, 619, '2023-24', 2210040, 'Team Option');
INSERT INTO contract_year (id_contract_year, id_contract, year, money, option) VALUES (913, 619, '2024-25', 3989122, 'Team Option');
INSERT INTO player_contract (id_contract, money, length) VALUES (620, NULL, NULL);
INSERT INTO player (id_player, id_team, id_contract, id_player_stats, name, surname, date_of_birth, nationality, position, height) VALUES (620, 25, 620, 620, 'Shaedon', 'Sharpe', '2003-05-30'::DATE, 'Canada', 'Shooting Guard', '6-6');
INSERT INTO contract_year (id_contract_year, id_contract, year, money, option) VALUES (914, 620, '2023-24', 6313800, 'No Option');
INSERT INTO contract_year (id_contract_year, id_contract, year, money, option) VALUES (915, 620, '2024-25', 6614160, 'Team Option');
INSERT INTO contract_year (id_contract_year, id_contract, year, money, option) VALUES (916, 620, '2025-26', 8399983, 'Team Option');
INSERT INTO player_contract (id_contract, money, length) VALUES (621, NULL, NULL);
INSERT INTO player (id_player, id_team, id_contract, id_player_stats, name, surname, date_of_birth, nationality, position, height) VALUES (621, NULL, 621, 621, 'Marial', 'Shayok', '1995-07-26'::DATE, 'Canada', 'Shooting Guard', '6-5');
INSERT INTO player_contract (id_contract, money, length) VALUES (622, NULL, NULL);
INSERT INTO player (id_player, id_team, id_contract, id_player_stats, name, surname, date_of_birth, nationality, position, height) VALUES (622, 12, 622, 622, 'Ben', 'Sheppard', '2001-07-16'::DATE, 'Georgia USA', 'Shooting Guard', '6-6');
INSERT INTO contract_year (id_contract_year, id_contract, year, money, option) VALUES (917, 622, '2023-24', 2537160, 'No Option');
INSERT INTO contract_year (id_contract_year, id_contract, year, money, option) VALUES (918, 622, '2024-25', 2663880, 'No Option');
INSERT INTO contract_year (id_contract_year, id_contract, year, money, option) VALUES (919, 622, '2025-26', 2790720, 'Team Option');
INSERT INTO contract_year (id_contract_year, id_contract, year, money, option) VALUES (920, 622, '2026-27', 5031669, 'Team Option');
INSERT INTO player_contract (id_contract, money, length) VALUES (623, NULL, NULL);
INSERT INTO player (id_player, id_team, id_contract, id_player_stats, name, surname, date_of_birth, nationality, position, height) VALUES (623, NULL, 623, 623, 'Pascal', 'Siakam', '1994-04-02'::DATE, 'Cameroon', 'Power Forward', '6-8');
INSERT INTO contract_year (id_contract_year, id_contract, year, money, option) VALUES (921, 623, '2023-24', 37893408, 'No Option');
INSERT INTO player_contract (id_contract, money, length) VALUES (624, NULL, NULL);
INSERT INTO player (id_player, id_team, id_contract, id_player_stats, name, surname, date_of_birth, nationality, position, height) VALUES (624, NULL, 624, 624, 'Chris', 'Silva', '1996-09-19'::DATE, 'Gabon', 'Power Forward', '6-8');
INSERT INTO player_contract (id_contract, money, length) VALUES (625, NULL, NULL);
INSERT INTO player (id_player, id_team, id_contract, id_player_stats, name, surname, date_of_birth, nationality, position, height) VALUES (625, 3, 625, 625, 'Ben', 'Simmons', '1996-07-20'::DATE, 'Australia', 'Point Guard', '6-10');
INSERT INTO contract_year (id_contract_year, id_contract, year, money, option) VALUES (922, 625, '2023-24', 37893408, 'No Option');
INSERT INTO contract_year (id_contract_year, id_contract, year, money, option) VALUES (923, 625, '2024-25', 40338144, 'No Option');
INSERT INTO player_contract (id_contract, money, length) VALUES (626, NULL, NULL);
INSERT INTO player (id_player, id_team, id_contract, id_player_stats, name, surname, date_of_birth, nationality, position, height) VALUES (626, NULL, 626, 626, 'Kobi', 'Simmons', '1997-07-04'::DATE, 'Georgia USA', 'Shooting Guard and Point Guard', '6-5');
INSERT INTO player_contract (id_contract, money, length) VALUES (627, NULL, NULL);
INSERT INTO player (id_player, id_team, id_contract, id_player_stats, name, surname, date_of_birth, nationality, position, height) VALUES (627, NULL, 627, 627, 'Marko', 'Simonovic', '1999-10-15'::DATE, 'Montenegro', 'Center', '6-11');
INSERT INTO player_contract (id_contract, money, length) VALUES (628, NULL, NULL);
INSERT INTO player (id_player, id_team, id_contract, id_player_stats, name, surname, date_of_birth, nationality, position, height) VALUES (628, NULL, 628, 628, 'Anfernee', 'Simons', '1999-06-08'::DATE, 'Florida USA', 'Shooting Guard', '6-3');
INSERT INTO contract_year (id_contract_year, id_contract, year, money, option) VALUES (924, 628, '2023-24', 24107143, 'No Option');
INSERT INTO contract_year (id_contract_year, id_contract, year, money, option) VALUES (925, 628, '2024-25', 25892857, 'No Option');
INSERT INTO contract_year (id_contract_year, id_contract, year, money, option) VALUES (926, 628, '2025-26', 27678571, 'No Option');
INSERT INTO player_contract (id_contract, money, length) VALUES (629, NULL, NULL);
INSERT INTO player (id_player, id_team, id_contract, id_player_stats, name, surname, date_of_birth, nationality, position, height) VALUES (629, NULL, 629, 629, 'Zavier', 'Simpson', '1997-02-11'::DATE, 'Ohio USA', 'Point Guard', '6-0');
INSERT INTO player_contract (id_contract, money, length) VALUES (630, NULL, NULL);
INSERT INTO player (id_player, id_team, id_contract, id_player_stats, name, surname, date_of_birth, nationality, position, height) VALUES (630, 20, 630, 630, 'Jericho', 'Sims', '1998-10-20'::DATE, 'Minnesota USA', 'Center and Power Forward', '6-10');
INSERT INTO contract_year (id_contract_year, id_contract, year, money, option) VALUES (927, 630, '2023-24', 1927896, 'No Option');
INSERT INTO contract_year (id_contract_year, id_contract, year, money, option) VALUES (928, 630, '2024-25', 2092344, 'Team Option');
INSERT INTO player_contract (id_contract, money, length) VALUES (631, NULL, NULL);
INSERT INTO player (id_player, id_team, id_contract, id_player_stats, name, surname, date_of_birth, nationality, position, height) VALUES (631, NULL, 631, 631, 'Deividas', 'Sirvydis', '2000-06-10'::DATE, 'Lithuania', 'Shooting Guard', '6-8');
INSERT INTO player_contract (id_contract, money, length) VALUES (632, NULL, NULL);
INSERT INTO player (id_player, id_team, id_contract, id_player_stats, name, surname, date_of_birth, nationality, position, height) VALUES (632, 26, 632, 632, 'Jalen', 'Slawson', '1999-10-22'::DATE, 'South Carolina USA', 'Small Forward', '6-7');
INSERT INTO player_contract (id_contract, money, length) VALUES (633, NULL, NULL);
INSERT INTO player (id_player, id_team, id_contract, id_player_stats, name, surname, date_of_birth, nationality, position, height) VALUES (633, NULL, 633, 633, 'Alen', 'Smailagić', '2000-08-18'::DATE, 'Serbia', 'Power Forward and Center', '6-10');
INSERT INTO player_contract (id_contract, money, length) VALUES (634, NULL, NULL);
INSERT INTO player (id_player, id_team, id_contract, id_player_stats, name, surname, date_of_birth, nationality, position, height) VALUES (634, NULL, 634, 634, 'Javonte', 'Smart', '1999-06-03'::DATE, 'Louisiana USA', 'Point Guard', '6-4');
INSERT INTO player_contract (id_contract, money, length) VALUES (635, NULL, NULL);
INSERT INTO player (id_player, id_team, id_contract, id_player_stats, name, surname, date_of_birth, nationality, position, height) VALUES (635, 15, 635, 635, 'Marcus', 'Smart', '1994-03-06'::DATE, 'Texas USA', 'Point Guard and Shooting Guard', '6-3');
INSERT INTO contract_year (id_contract_year, id_contract, year, money, option) VALUES (929, 635, '2023-24', 18833713, 'No Option');
INSERT INTO contract_year (id_contract_year, id_contract, year, money, option) VALUES (930, 635, '2024-25', 20210284, 'No Option');
INSERT INTO contract_year (id_contract_year, id_contract, year, money, option) VALUES (931, 635, '2025-26', 21586855, 'No Option');
INSERT INTO player_contract (id_contract, money, length) VALUES (636, NULL, NULL);
INSERT INTO player (id_player, id_team, id_contract, id_player_stats, name, surname, date_of_birth, nationality, position, height) VALUES (636, 3, 636, 636, 'Dennis', 'Smith Jr.', '1997-11-25'::DATE, 'North Carolina USA', 'Point Guard', '6-2');
INSERT INTO contract_year (id_contract_year, id_contract, year, money, option) VALUES (932, 636, '2023-24', 2019706, 'No Option');
INSERT INTO player_contract (id_contract, money, length) VALUES (637, NULL, NULL);
INSERT INTO player (id_player, id_team, id_contract, id_player_stats, name, surname, date_of_birth, nationality, position, height) VALUES (637, 16, 637, 637, 'Dru', 'Smith', '1997-12-30'::DATE, 'Indiana USA', 'Shooting Guard', '6-3');
INSERT INTO contract_year (id_contract_year, id_contract, year, money, option) VALUES (933, 637, '2023-24', 1801769, 'No Option');
INSERT INTO contract_year (id_contract_year, id_contract, year, money, option) VALUES (934, 637, '2024-25', 2120693, 'No Option');
INSERT INTO player_contract (id_contract, money, length) VALUES (638, NULL, NULL);
INSERT INTO player (id_player, id_team, id_contract, id_player_stats, name, surname, date_of_birth, nationality, position, height) VALUES (638, NULL, 638, 638, 'Ish', 'Smith', '1988-07-05'::DATE, 'North Carolina USA', 'Point Guard', '6-0');
INSERT INTO contract_year (id_contract_year, id_contract, year, money, option) VALUES (935, 638, '2023-24', 2019706, 'No Option');
INSERT INTO player_contract (id_contract, money, length) VALUES (639, NULL, NULL);
INSERT INTO player (id_player, id_team, id_contract, id_player_stats, name, surname, date_of_birth, nationality, position, height) VALUES (639, NULL, 639, 639, 'Jabari', 'Smith Jr.', '2003-05-13'::DATE, 'Georgia USA', 'Power Forward', '6-11');
INSERT INTO contract_year (id_contract_year, id_contract, year, money, option) VALUES (936, 639, '2023-24', 9326520, 'No Option');
INSERT INTO contract_year (id_contract_year, id_contract, year, money, option) VALUES (937, 639, '2024-25', 9770880, 'Team Option');
INSERT INTO contract_year (id_contract_year, id_contract, year, money, option) VALUES (938, 639, '2025-26', 12350392, 'Team Option');
INSERT INTO player_contract (id_contract, money, length) VALUES (640, NULL, NULL);
INSERT INTO player (id_player, id_team, id_contract, id_player_stats, name, surname, date_of_birth, nationality, position, height) VALUES (640, 12, 640, 640, 'Jalen', 'Smith', '2000-03-16'::DATE, 'Virginia USA', 'Power Forward and Center', '6-10');
INSERT INTO contract_year (id_contract_year, id_contract, year, money, option) VALUES (939, 640, '2023-24', 5043773, 'No Option');
INSERT INTO contract_year (id_contract_year, id_contract, year, money, option) VALUES (940, 640, '2024-25', 5417386, 'Player Option');
INSERT INTO player_contract (id_contract, money, length) VALUES (641, NULL, NULL);
INSERT INTO player (id_player, id_team, id_contract, id_player_stats, name, surname, date_of_birth, nationality, position, height) VALUES (641, 4, 641, 641, 'Nick', 'Smith Jr.', '2004-04-18'::DATE, 'Arkansas USA', 'Shooting Guard', '6-5');
INSERT INTO contract_year (id_contract_year, id_contract, year, money, option) VALUES (941, 641, '2023-24', 2463960, 'No Option');
INSERT INTO contract_year (id_contract_year, id_contract, year, money, option) VALUES (942, 641, '2024-25', 2587200, 'No Option');
INSERT INTO contract_year (id_contract_year, id_contract, year, money, option) VALUES (943, 641, '2025-26', 2710680, 'Team Option');
INSERT INTO contract_year (id_contract_year, id_contract, year, money, option) VALUES (944, 641, '2026-27', 4890067, 'Team Option');
INSERT INTO player_contract (id_contract, money, length) VALUES (642, NULL, NULL);
INSERT INTO player (id_player, id_team, id_contract, id_player_stats, name, surname, date_of_birth, nationality, position, height) VALUES (642, NULL, 642, 642, 'Zhaire', 'Smith', '1999-06-04'::DATE, 'Texas USA', 'Small Forward and Shooting Guard', '6-3');
INSERT INTO player_contract (id_contract, money, length) VALUES (643, NULL, NULL);
INSERT INTO player (id_player, id_team, id_contract, id_player_stats, name, surname, date_of_birth, nationality, position, height) VALUES (643, NULL, 643, 643, 'Xavier', 'Sneed', '1997-12-21'::DATE, 'Missouri USA', 'Small Forward', '6-5');
INSERT INTO player_contract (id_contract, money, length) VALUES (644, NULL, NULL);
INSERT INTO player (id_player, id_team, id_contract, id_player_stats, name, surname, date_of_birth, nationality, position, height) VALUES (644, 27, 644, 644, 'Jeremy', 'Sochan', '2003-05-20'::DATE, 'Oklahoma USA', 'Point Guard and Power Forward', '6-8');
INSERT INTO contract_year (id_contract_year, id_contract, year, money, option) VALUES (945, 644, '2023-24', 5316960, 'No Option');
INSERT INTO contract_year (id_contract_year, id_contract, year, money, option) VALUES (946, 644, '2024-25', 5570040, 'Team Option');
INSERT INTO contract_year (id_contract_year, id_contract, year, money, option) VALUES (947, 644, '2025-26', 7096231, 'Team Option');
INSERT INTO player_contract (id_contract, money, length) VALUES (645, NULL, NULL);
INSERT INTO player (id_player, id_team, id_contract, id_player_stats, name, surname, date_of_birth, nationality, position, height) VALUES (645, NULL, 645, 645, 'Ray', 'Spalding', '1997-03-11'::DATE, 'Kentucky USA', 'Power Forward and Center', '6-10');
INSERT INTO player_contract (id_contract, money, length) VALUES (646, NULL, NULL);
INSERT INTO player (id_player, id_team, id_contract, id_player_stats, name, surname, date_of_birth, nationality, position, height) VALUES (646, NULL, 646, 646, 'Omari', 'Spellman', '1997-07-21'::DATE, 'Ohio USA', 'Center and Power Forward', '6-8');
INSERT INTO player_contract (id_contract, money, length) VALUES (647, NULL, NULL);
INSERT INTO player (id_player, id_team, id_contract, id_player_stats, name, surname, date_of_birth, nationality, position, height) VALUES (647, 23, 647, 647, 'Jaden', 'Springer', '2002-09-25'::DATE, 'North Carolina USA', 'Shooting Guard', '6-4');
INSERT INTO contract_year (id_contract_year, id_contract, year, money, option) VALUES (948, 647, '2023-24', 2226240, 'Team Option');
INSERT INTO contract_year (id_contract_year, id_contract, year, money, option) VALUES (949, 647, '2024-25', 4018363, 'Team Option');
INSERT INTO player_contract (id_contract, money, length) VALUES (648, NULL, NULL);
INSERT INTO player (id_player, id_team, id_contract, id_player_stats, name, surname, date_of_birth, nationality, position, height) VALUES (648, NULL, 648, 648, 'Cassius', 'Stanley', '1999-08-18'::DATE, 'California USA', 'Shooting Guard', '6-5');
INSERT INTO player_contract (id_contract, money, length) VALUES (649, NULL, NULL);
INSERT INTO player (id_player, id_team, id_contract, id_player_stats, name, surname, date_of_birth, nationality, position, height) VALUES (649, NULL, 649, 649, 'Nik', 'Stauskas', '1993-10-07'::DATE, 'Canada', 'Shooting Guard', '6-6');
INSERT INTO contract_year (id_contract_year, id_contract, year, money, option) VALUES (950, 649, '2023-24', 702311, 'No Option');
INSERT INTO contract_year (id_contract_year, id_contract, year, money, option) VALUES (951, 649, '2024-25', 702310, 'No Option');
INSERT INTO player_contract (id_contract, money, length) VALUES (650, NULL, NULL);
INSERT INTO player (id_player, id_team, id_contract, id_player_stats, name, surname, date_of_birth, nationality, position, height) VALUES (650, 2, 650, 650, 'Lamar', 'Stevens', '1997-07-09'::DATE, 'Pennsylvania USA', 'Power Forward and Small Forward', '6-6');
INSERT INTO contract_year (id_contract_year, id_contract, year, money, option) VALUES (952, 650, '2023-24', 2019706, 'No Option');
INSERT INTO contract_year (id_contract_year, id_contract, year, money, option) VALUES (953, 650, '2024-25', 400000, 'Team Option');
INSERT INTO player_contract (id_contract, money, length) VALUES (651, NULL, NULL);
INSERT INTO player (id_player, id_team, id_contract, id_player_stats, name, surname, date_of_birth, nationality, position, height) VALUES (651, 9, 651, 651, 'Isaiah', 'Stewart', '2001-05-22'::DATE, 'New York USA', 'Center and Power Forward', '6-8');
INSERT INTO contract_year (id_contract_year, id_contract, year, money, option) VALUES (954, 651, '2023-24', 5266713, 'Team Option');
INSERT INTO contract_year (id_contract_year, id_contract, year, money, option) VALUES (955, 651, '2024-25', 15000000, 'No Option');
INSERT INTO contract_year (id_contract_year, id_contract, year, money, option) VALUES (956, 651, '2025-26', 15000000, 'No Option');
INSERT INTO contract_year (id_contract_year, id_contract, year, money, option) VALUES (957, 651, '2026-27', 15000000, 'No Option');
INSERT INTO contract_year (id_contract_year, id_contract, year, money, option) VALUES (958, 651, '2027-28', 15000000, 'Team Option');
INSERT INTO player_contract (id_contract, money, length) VALUES (652, NULL, NULL);
INSERT INTO player (id_player, id_team, id_contract, id_player_stats, name, surname, date_of_birth, nationality, position, height) VALUES (652, 8, 652, 652, 'Julian', 'Strawther', '2002-04-18'::DATE, 'Nevada USA', 'Small Forward', '6-7');
INSERT INTO contract_year (id_contract_year, id_contract, year, money, option) VALUES (959, 652, '2023-24', 2431080, 'No Option');
INSERT INTO contract_year (id_contract_year, id_contract, year, money, option) VALUES (960, 652, '2024-25', 2552520, 'No Option');
INSERT INTO contract_year (id_contract_year, id_contract, year, money, option) VALUES (961, 652, '2025-26', 2674200, 'Team Option');
INSERT INTO contract_year (id_contract_year, id_contract, year, money, option) VALUES (962, 652, '2026-27', 4826931, 'Team Option');
INSERT INTO player_contract (id_contract, money, length) VALUES (653, NULL, NULL);
INSERT INTO player (id_player, id_team, id_contract, id_player_stats, name, surname, date_of_birth, nationality, position, height) VALUES (653, 6, 653, 653, 'Max', 'Strus', '1996-03-28'::DATE, 'Illinois USA', 'Small Forward', '6-5');
INSERT INTO contract_year (id_contract_year, id_contract, year, money, option) VALUES (963, 653, '2023-24', 14487684, 'No Option');
INSERT INTO contract_year (id_contract_year, id_contract, year, money, option) VALUES (964, 653, '2024-25', 15212068, 'No Option');
INSERT INTO contract_year (id_contract_year, id_contract, year, money, option) VALUES (965, 653, '2025-26', 15936452, 'No Option');
INSERT INTO contract_year (id_contract_year, id_contract, year, money, option) VALUES (966, 653, '2026-27', 16660836, 'No Option');
INSERT INTO player_contract (id_contract, money, length) VALUES (654, NULL, NULL);
INSERT INTO player (id_player, id_team, id_contract, id_player_stats, name, surname, date_of_birth, nationality, position, height) VALUES (654, 22, 654, 654, 'Jalen', 'Suggs', '2001-06-03'::DATE, 'Minnesota USA', 'Shooting Guard and Point Guard', '6-5');
INSERT INTO contract_year (id_contract_year, id_contract, year, money, option) VALUES (967, 654, '2023-24', 7252080, 'Team Option');
INSERT INTO contract_year (id_contract_year, id_contract, year, money, option) VALUES (968, 654, '2024-25', 9188385, 'Team Option');
INSERT INTO player_contract (id_contract, money, length) VALUES (655, NULL, NULL);
INSERT INTO player (id_player, id_team, id_contract, id_player_stats, name, surname, date_of_birth, nationality, position, height) VALUES (655, NULL, 655, 655, 'Edmond', 'Sumner', '1995-12-31'::DATE, 'Michigan USA', 'Shooting Guard and Point Guard', '6-4');
INSERT INTO player_contract (id_contract, money, length) VALUES (656, NULL, NULL);
INSERT INTO player (id_player, id_team, id_contract, id_player_stats, name, surname, date_of_birth, nationality, position, height) VALUES (656, 16, 656, 656, 'Cole', 'Swider', '1999-05-08'::DATE, 'Rhode Island USA', 'Small Forward', '6-9');
INSERT INTO player_contract (id_contract, money, length) VALUES (657, NULL, NULL);
INSERT INTO player (id_player, id_team, id_contract, id_player_stats, name, surname, date_of_birth, nationality, position, height) VALUES (657, NULL, 657, 657, 'Craig', 'Sword', '1994-01-16'::DATE, 'Alabama USA', 'Shooting Guard', '6-3');
INSERT INTO player_contract (id_contract, money, length) VALUES (658, NULL, NULL);
INSERT INTO player (id_player, id_team, id_contract, id_player_stats, name, surname, date_of_birth, nationality, position, height) VALUES (658, NULL, 658, 658, 'Keifer', 'Sykes', '1993-12-30'::DATE, 'Illinois USA', 'Point Guard', '6-0');
INSERT INTO player_contract (id_contract, money, length) VALUES (659, NULL, NULL);
INSERT INTO player (id_player, id_team, id_contract, id_player_stats, name, surname, date_of_birth, nationality, position, height) VALUES (659, 11, 659, 659, 'JaeSean', 'Tate', '1995-10-28'::DATE, 'Ohio USA', 'Small Forward and Power Forward', '6-4');
INSERT INTO contract_year (id_contract_year, id_contract, year, money, option) VALUES (969, 659, '2023-24', 6500000, 'No Option');
INSERT INTO contract_year (id_contract_year, id_contract, year, money, option) VALUES (970, 659, '2024-25', 7065217, 'Team Option');
INSERT INTO player_contract (id_contract, money, length) VALUES (660, NULL, NULL);
INSERT INTO player (id_player, id_team, id_contract, id_player_stats, name, surname, date_of_birth, nationality, position, height) VALUES (660, 2, 660, 660, 'Jayson', 'Tatum', '1998-03-03'::DATE, 'Missouri USA', 'Small Forward and Power Forward', '6-8');
INSERT INTO contract_year (id_contract_year, id_contract, year, money, option) VALUES (971, 660, '2023-24', 32600060, 'No Option');
INSERT INTO contract_year (id_contract_year, id_contract, year, money, option) VALUES (972, 660, '2024-25', 34848340, 'No Option');
INSERT INTO contract_year (id_contract_year, id_contract, year, money, option) VALUES (973, 660, '2025-26', 37096620, 'Player Option');
INSERT INTO player_contract (id_contract, money, length) VALUES (661, NULL, NULL);
INSERT INTO player (id_player, id_team, id_contract, id_player_stats, name, surname, date_of_birth, nationality, position, height) VALUES (661, 5, 661, 661, 'Terry', 'Taylor', '1999-09-23'::DATE, 'Kentucky USA', 'Power Forward', '6-5');
INSERT INTO contract_year (id_contract_year, id_contract, year, money, option) VALUES (974, 661, '2023-24', 2019706, 'No Option');
INSERT INTO contract_year (id_contract_year, id_contract, year, money, option) VALUES (975, 661, '2024-25', 2196970, 'No Option');
INSERT INTO player_contract (id_contract, money, length) VALUES (662, NULL, NULL);
INSERT INTO player (id_player, id_team, id_contract, id_player_stats, name, surname, date_of_birth, nationality, position, height) VALUES (662, 28, 662, 662, 'Garrett', 'Temple', '1986-05-08'::DATE, 'Louisiana USA', 'Shooting Guard, Small Forward, and Point Guard', '6-5');
INSERT INTO contract_year (id_contract_year, id_contract, year, money, option) VALUES (976, 662, '2023-24', 2019706, 'No Option');
INSERT INTO player_contract (id_contract, money, length) VALUES (663, NULL, NULL);
INSERT INTO player (id_player, id_team, id_contract, id_player_stats, name, surname, date_of_birth, nationality, position, height) VALUES (663, 5, 663, 663, 'Dalen', 'Terry', '2002-07-12'::DATE, 'Arizona USA', 'Shooting Guard', '6-7');
INSERT INTO contract_year (id_contract_year, id_contract, year, money, option) VALUES (977, 663, '2023-24', 3350760, 'No Option');
INSERT INTO contract_year (id_contract_year, id_contract, year, money, option) VALUES (978, 663, '2024-25', 3510480, 'Team Option');
INSERT INTO contract_year (id_contract_year, id_contract, year, money, option) VALUES (979, 663, '2025-26', 5399118, 'Team Option');
INSERT INTO player_contract (id_contract, money, length) VALUES (664, NULL, NULL);
INSERT INTO player (id_player, id_team, id_contract, id_player_stats, name, surname, date_of_birth, nationality, position, height) VALUES (664, NULL, 664, 664, 'Tyrell', 'Terry', '2000-09-28'::DATE, 'Minnesota USA', 'Point Guard', '6-2');
INSERT INTO player_contract (id_contract, money, length) VALUES (665, NULL, NULL);
INSERT INTO player (id_player, id_team, id_contract, id_player_stats, name, surname, date_of_birth, nationality, position, height) VALUES (665, 13, 665, 665, 'Daniel', 'Theis', '1992-04-04'::DATE, 'Germany', 'Center', '6-8');
INSERT INTO contract_year (id_contract_year, id_contract, year, money, option) VALUES (980, 665, '2023-24', 6928876, 'No Option');
INSERT INTO contract_year (id_contract_year, id_contract, year, money, option) VALUES (981, 665, '2024-25', 1741126, 'No Option');
INSERT INTO player_contract (id_contract, money, length) VALUES (666, NULL, NULL);
INSERT INTO player (id_player, id_team, id_contract, id_player_stats, name, surname, date_of_birth, nationality, position, height) VALUES (666, NULL, 666, 666, 'Brodric', 'Thomas', '1997-01-28'::DATE, 'Illinois USA', 'Shooting Guard', '6-5');
INSERT INTO player_contract (id_contract, money, length) VALUES (667, NULL, NULL);
INSERT INTO player (id_player, id_team, id_contract, id_player_stats, name, surname, date_of_birth, nationality, position, height) VALUES (667, 3, 667, 667, 'Cam', 'Thomas', '2001-10-13'::DATE, 'Japan', 'Shooting Guard', '6-4');
INSERT INTO contract_year (id_contract_year, id_contract, year, money, option) VALUES (982, 667, '2023-24', 2240160, 'Team Option');
INSERT INTO contract_year (id_contract_year, id_contract, year, money, option) VALUES (983, 667, '2024-25', 4041249, 'Team Option');
INSERT INTO player_contract (id_contract, money, length) VALUES (668, NULL, NULL);
INSERT INTO player (id_player, id_team, id_contract, id_player_stats, name, surname, date_of_birth, nationality, position, height) VALUES (668, NULL, 668, 668, 'Khyri', 'Thomas', '1996-05-08'::DATE, 'Nebraska USA', 'Shooting Guard', '6-3');
INSERT INTO player_contract (id_contract, money, length) VALUES (669, NULL, NULL);
INSERT INTO player (id_player, id_team, id_contract, id_player_stats, name, surname, date_of_birth, nationality, position, height) VALUES (669, 11, 669, 669, 'Amen', 'Thompson', '2003-01-30'::DATE, 'California USA', 'Small Forward', '6-7');
INSERT INTO contract_year (id_contract_year, id_contract, year, money, option) VALUES (984, 669, '2023-24', 8809320, 'No Option');
INSERT INTO contract_year (id_contract_year, id_contract, year, money, option) VALUES (985, 669, '2024-25', 9249960, 'No Option');
INSERT INTO contract_year (id_contract_year, id_contract, year, money, option) VALUES (986, 669, '2025-26', 9690600, 'Team Option');
INSERT INTO contract_year (id_contract_year, id_contract, year, money, option) VALUES (987, 669, '2026-27', 12258609, 'Team Option');
INSERT INTO player_contract (id_contract, money, length) VALUES (670, NULL, NULL);
INSERT INTO player (id_player, id_team, id_contract, id_player_stats, name, surname, date_of_birth, nationality, position, height) VALUES (670, 9, 670, 670, 'Ausar', 'Thompson', '2003-01-30'::DATE, 'California USA', 'Small Forward', '6-7');
INSERT INTO contract_year (id_contract_year, id_contract, year, money, option) VALUES (988, 670, '2023-24', 7977480, 'No Option');
INSERT INTO contract_year (id_contract_year, id_contract, year, money, option) VALUES (989, 670, '2024-25', 8376000, 'No Option');
INSERT INTO contract_year (id_contract_year, id_contract, year, money, option) VALUES (990, 670, '2025-26', 8775000, 'Team Option');
INSERT INTO contract_year (id_contract_year, id_contract, year, money, option) VALUES (991, 670, '2026-27', 11117925, 'Team Option');
INSERT INTO player_contract (id_contract, money, length) VALUES (671, NULL, NULL);
INSERT INTO player (id_player, id_team, id_contract, id_player_stats, name, surname, date_of_birth, nationality, position, height) VALUES (671, 10, 671, 671, 'Klay', 'Thompson', '1990-02-08'::DATE, 'California USA', 'Shooting Guard and Small Forward', '6-6');
INSERT INTO contract_year (id_contract_year, id_contract, year, money, option) VALUES (992, 671, '2023-24', 43219440, 'No Option');
INSERT INTO player_contract (id_contract, money, length) VALUES (672, NULL, NULL);
INSERT INTO player (id_player, id_team, id_contract, id_player_stats, name, surname, date_of_birth, nationality, position, height) VALUES (672, NULL, 672, 672, 'Tristan', 'Thompson', '1991-03-13'::DATE, 'Canada', 'Power Forward and Center', '6-9');
INSERT INTO contract_year (id_contract_year, id_contract, year, money, option) VALUES (993, 672, '2023-24', 2019706, 'No Option');
INSERT INTO player_contract (id_contract, money, length) VALUES (673, NULL, NULL);
INSERT INTO player (id_player, id_team, id_contract, id_player_stats, name, surname, date_of_birth, nationality, position, height) VALUES (673, 4, 673, 673, 'JT', 'Thor', '2002-08-26'::DATE, 'Nebraska USA', 'Power Forward', '6-10');
INSERT INTO contract_year (id_contract_year, id_contract, year, money, option) VALUES (994, 673, '2023-24', 1836096, 'No Option');
INSERT INTO contract_year (id_contract_year, id_contract, year, money, option) VALUES (995, 673, '2024-25', 1988598, 'Team Option');
INSERT INTO player_contract (id_contract, money, length) VALUES (674, NULL, NULL);
INSERT INTO player (id_player, id_team, id_contract, id_player_stats, name, surname, date_of_birth, nationality, position, height) VALUES (674, 25, 674, 674, 'Matisse', 'Thybulle', '1997-03-04'::DATE, 'Arizona USA', 'Shooting Guard and Small Forward', '6-5');
INSERT INTO contract_year (id_contract_year, id_contract, year, money, option) VALUES (996, 674, '2023-24', 10500000, 'No Option');
INSERT INTO contract_year (id_contract_year, id_contract, year, money, option) VALUES (997, 674, '2024-25', 11025000, 'No Option');
INSERT INTO contract_year (id_contract_year, id_contract, year, money, option) VALUES (998, 674, '2025-26', 11550000, 'Player Option');
INSERT INTO player_contract (id_contract, money, length) VALUES (675, NULL, NULL);
INSERT INTO player (id_player, id_team, id_contract, id_player_stats, name, surname, date_of_birth, nationality, position, height) VALUES (675, NULL, 675, 675, 'Killian', 'Tillie', '1998-03-05'::DATE, 'France', 'Center', '6-9');
INSERT INTO player_contract (id_contract, money, length) VALUES (676, NULL, NULL);
INSERT INTO player (id_player, id_team, id_contract, id_player_stats, name, surname, date_of_birth, nationality, position, height) VALUES (676, 15, 676, 676, 'Xavier', 'Sr.', '1999-01-12'::DATE, 'Michigan USA', 'Center and Power Forward', '6-8');
INSERT INTO contract_year (id_contract_year, id_contract, year, money, option) VALUES (999, 676, '2023-24', 1930681, 'Team Option');
INSERT INTO player_contract (id_contract, money, length) VALUES (677, NULL, NULL);
INSERT INTO player (id_player, id_team, id_contract, id_player_stats, name, surname, date_of_birth, nationality, position, height) VALUES (677, NULL, 677, 677, 'Isaiah', 'Todd', '2001-10-17'::DATE, 'Maryland USA', 'Power Forward', '6-10');
INSERT INTO contract_year (id_contract_year, id_contract, year, money, option) VALUES (1000, 677, '2023-24', 1836096, 'No Option');
INSERT INTO player_contract (id_contract, money, length) VALUES (678, NULL, NULL);
INSERT INTO player (id_player, id_team, id_contract, id_player_stats, name, surname, date_of_birth, nationality, position, height) VALUES (678, 12, 678, 678, 'Obi', 'Toppin', '1998-03-04'::DATE, 'New York USA', 'Power Forward', '6-9');
INSERT INTO contract_year (id_contract_year, id_contract, year, money, option) VALUES (1001, 678, '2023-24', 6803012, 'Team Option');
INSERT INTO player_contract (id_contract, money, length) VALUES (679, NULL, NULL);
INSERT INTO player (id_player, id_team, id_contract, id_player_stats, name, surname, date_of_birth, nationality, position, height) VALUES (679, NULL, 679, 679, 'Juan', 'Toscano-Anderson', '1993-04-10'::DATE, 'California USA', 'Small Forward and Shooting Guard', '6-6');
INSERT INTO player_contract (id_contract, money, length) VALUES (680, NULL, NULL);
INSERT INTO player (id_player, id_team, id_contract, id_player_stats, name, surname, date_of_birth, nationality, position, height) VALUES (680, 18, 680, 680, 'Karl-Anthony', 'Towns', '1995-11-15'::DATE, 'New Jersey USA', 'Center and Power Forward', '7-0');
INSERT INTO contract_year (id_contract_year, id_contract, year, money, option) VALUES (1002, 680, '2023-24', 36016200, 'No Option');
INSERT INTO contract_year (id_contract_year, id_contract, year, money, option) VALUES (1003, 680, '2024-25', 49245000, 'No Option');
INSERT INTO contract_year (id_contract_year, id_contract, year, money, option) VALUES (1004, 680, '2025-26', 53184600, 'No Option');
INSERT INTO contract_year (id_contract_year, id_contract, year, money, option) VALUES (1005, 680, '2026-27', 57124200, 'No Option');
INSERT INTO contract_year (id_contract_year, id_contract, year, money, option) VALUES (1006, 680, '2027-28', 61063800, 'Player Option');
INSERT INTO player_contract (id_contract, money, length) VALUES (681, NULL, NULL);
INSERT INTO player (id_player, id_team, id_contract, id_player_stats, name, surname, date_of_birth, nationality, position, height) VALUES (681, 28, 681, 681, 'Gary', 'Trent Jr.', '1999-01-18'::DATE, 'Ohio USA', 'Shooting Guard and Small Forward', '6-5');
INSERT INTO contract_year (id_contract_year, id_contract, year, money, option) VALUES (1007, 681, '2023-24', 18560000, 'Player Option');
INSERT INTO player_contract (id_contract, money, length) VALUES (682, NULL, NULL);
INSERT INTO player (id_player, id_team, id_contract, id_player_stats, name, surname, date_of_birth, nationality, position, height) VALUES (682, 13, 682, 682, 'P.J.', 'Tucker', '1985-05-05'::DATE, 'North Carolina USA', 'Power Forward, Small Forward, and Shooting Guard', '6-5');
INSERT INTO contract_year (id_contract_year, id_contract, year, money, option) VALUES (1008, 682, '2023-24', 11014500, 'No Option');
INSERT INTO contract_year (id_contract_year, id_contract, year, money, option) VALUES (1009, 682, '2024-25', 11539000, 'Player Option');
INSERT INTO player_contract (id_contract, money, length) VALUES (683, NULL, NULL);
INSERT INTO player (id_player, id_team, id_contract, id_player_stats, name, surname, date_of_birth, nationality, position, height) VALUES (683, NULL, 683, 683, 'Rayjon', 'Tucker', '1997-09-24'::DATE, 'North Carolina USA', 'Shooting Guard and Point Guard', '6-3');
INSERT INTO player_contract (id_contract, money, length) VALUES (684, NULL, NULL);
INSERT INTO player (id_player, id_team, id_contract, id_player_stats, name, surname, date_of_birth, nationality, position, height) VALUES (684, 12, 684, 684, 'Myles', 'Turner', '1996-03-24'::DATE, 'Texas USA', 'Center', '6-11');
INSERT INTO contract_year (id_contract_year, id_contract, year, money, option) VALUES (1010, 684, '2023-24', 20975000, 'No Option');
INSERT INTO contract_year (id_contract_year, id_contract, year, money, option) VALUES (1011, 684, '2024-25', 19928500, 'No Option');
INSERT INTO player_contract (id_contract, money, length) VALUES (685, NULL, NULL);
INSERT INTO player (id_player, id_team, id_contract, id_player_stats, name, surname, date_of_birth, nationality, position, height) VALUES (685, 8, 685, 685, 'Hunter', 'Tyson', '2000-06-13'::DATE, 'North Carolina USA', 'Power Forward', '6-8');
INSERT INTO contract_year (id_contract_year, id_contract, year, money, option) VALUES (1012, 685, '2023-24', 1119563, 'No Option');
INSERT INTO contract_year (id_contract_year, id_contract, year, money, option) VALUES (1013, 685, '2024-25', 1891857, 'No Option');
INSERT INTO contract_year (id_contract_year, id_contract, year, money, option) VALUES (1014, 685, '2025-26', 2221677, 'No Option');
INSERT INTO contract_year (id_contract_year, id_contract, year, money, option) VALUES (1015, 685, '2026-27', 2406205, 'Team Option');
INSERT INTO player_contract (id_contract, money, length) VALUES (686, NULL, NULL);
INSERT INTO player (id_player, id_team, id_contract, id_player_stats, name, surname, date_of_birth, nationality, position, height) VALUES (686, NULL, 686, 686, 'Stanley', 'Umude', '1999-04-12'::DATE, 'Oregon USA', 'Shooting Guard', '6-6');
INSERT INTO player_contract (id_contract, money, length) VALUES (687, NULL, NULL);
INSERT INTO player (id_player, id_team, id_contract, id_player_stats, name, surname, date_of_birth, nationality, position, height) VALUES (687, 19, 687, 687, 'Jonas', 'Valančiūnas', '1992-05-06'::DATE, 'Lithuania', 'Center', '6-11');
INSERT INTO contract_year (id_contract_year, id_contract, year, money, option) VALUES (1016, 687, '2023-24', 15435000, 'No Option');
INSERT INTO player_contract (id_contract, money, length) VALUES (688, NULL, NULL);
INSERT INTO player (id_player, id_team, id_contract, id_player_stats, name, surname, date_of_birth, nationality, position, height) VALUES (688, NULL, 688, 688, 'Denzel', 'Valentine', '1993-11-16'::DATE, 'Michigan USA', 'Shooting Guard and Small Forward', '6-4');
INSERT INTO player_contract (id_contract, money, length) VALUES (689, NULL, NULL);
INSERT INTO player (id_player, id_team, id_contract, id_player_stats, name, surname, date_of_birth, nationality, position, height) VALUES (689, 11, 689, 689, 'Fred', 'VanVleet', '1994-02-25'::DATE, 'Illinois USA', 'Point Guard and Shooting Guard', '6-0');
INSERT INTO contract_year (id_contract_year, id_contract, year, money, option) VALUES (1017, 689, '2023-24', 40806300, 'No Option');
INSERT INTO contract_year (id_contract_year, id_contract, year, money, option) VALUES (1018, 689, '2024-25', 42846615, 'No Option');
INSERT INTO contract_year (id_contract_year, id_contract, year, money, option) VALUES (1019, 689, '2025-26', 44886930, 'No Option');
INSERT INTO player_contract (id_contract, money, length) VALUES (690, NULL, NULL);
INSERT INTO player (id_player, id_team, id_contract, id_player_stats, name, surname, date_of_birth, nationality, position, height) VALUES (690, 14, 690, 690, 'Jarred', 'Vanderbilt', '1999-04-03'::DATE, 'Texas USA', 'Power Forward', '6-8');
INSERT INTO contract_year (id_contract_year, id_contract, year, money, option) VALUES (1020, 690, '2023-24', 4698000, 'No Option');
INSERT INTO contract_year (id_contract_year, id_contract, year, money, option) VALUES (1021, 690, '2024-25', 10714286, 'No Option');
INSERT INTO contract_year (id_contract_year, id_contract, year, money, option) VALUES (1022, 690, '2025-26', 11571429, 'No Option');
INSERT INTO contract_year (id_contract_year, id_contract, year, money, option) VALUES (1023, 690, '2026-27', 12428571, 'No Option');
INSERT INTO contract_year (id_contract_year, id_contract, year, money, option) VALUES (1024, 690, '2027-28', 13285714, 'Player Option');
INSERT INTO player_contract (id_contract, money, length) VALUES (691, NULL, NULL);
INSERT INTO player (id_player, id_team, id_contract, id_player_stats, name, surname, date_of_birth, nationality, position, height) VALUES (691, 27, 691, 691, 'Devin', 'Vassell', '2000-08-23'::DATE, 'Georgia USA', 'Shooting Guard and Small Forward', '6-5');
INSERT INTO contract_year (id_contract_year, id_contract, year, money, option) VALUES (1025, 691, '2023-24', 5887899, 'Team Option');
INSERT INTO contract_year (id_contract_year, id_contract, year, money, option) VALUES (1026, 691, '2024-25', 29347826, 'No Option');
INSERT INTO contract_year (id_contract_year, id_contract, year, money, option) VALUES (1027, 691, '2025-26', 27000000, 'No Option');
INSERT INTO contract_year (id_contract_year, id_contract, year, money, option) VALUES (1028, 691, '2026-27', 27000000, 'No Option');
INSERT INTO contract_year (id_contract_year, id_contract, year, money, option) VALUES (1029, 691, '2027-28', 24652174, 'No Option');
INSERT INTO contract_year (id_contract_year, id_contract, year, money, option) VALUES (1030, 691, '2028-29', 27000000, 'No Option');
INSERT INTO player_contract (id_contract, money, length) VALUES (692, NULL, NULL);
INSERT INTO player (id_player, id_team, id_contract, id_player_stats, name, surname, date_of_birth, nationality, position, height) VALUES (692, 26, 692, 692, 'Sasha', 'Vezenkov', '1995-08-06'::DATE, 'Cyprus', 'Power Forward', '6-9');
INSERT INTO contract_year (id_contract_year, id_contract, year, money, option) VALUES (1031, 692, '2023-24', 6341464, 'No Option');
INSERT INTO contract_year (id_contract_year, id_contract, year, money, option) VALUES (1032, 692, '2024-25', 6658536, 'No Option');
INSERT INTO contract_year (id_contract_year, id_contract, year, money, option) VALUES (1033, 692, '2025-26', 6975609, 'Team Option');
INSERT INTO player_contract (id_contract, money, length) VALUES (693, NULL, NULL);
INSERT INTO player (id_player, id_team, id_contract, id_player_stats, name, surname, date_of_birth, nationality, position, height) VALUES (693, 14, 693, 693, 'Gabe', 'Vincent', '1996-06-14'::DATE, 'California USA', 'Point Guard', '6-3');
INSERT INTO contract_year (id_contract_year, id_contract, year, money, option) VALUES (1034, 693, '2023-24', 10500000, 'No Option');
INSERT INTO contract_year (id_contract_year, id_contract, year, money, option) VALUES (1035, 693, '2024-25', 11000000, 'No Option');
INSERT INTO contract_year (id_contract_year, id_contract, year, money, option) VALUES (1036, 693, '2025-26', 11500000, 'No Option');
INSERT INTO player_contract (id_contract, money, length) VALUES (694, NULL, NULL);
INSERT INTO player (id_player, id_team, id_contract, id_player_stats, name, surname, date_of_birth, nationality, position, height) VALUES (694, NULL, 694, 694, 'Noah', 'Vonleh', '1995-08-24'::DATE, 'Massachusetts USA', 'Power Forward and Center', '6-10');
INSERT INTO player_contract (id_contract, money, length) VALUES (695, NULL, NULL);
INSERT INTO player (id_player, id_team, id_contract, id_player_stats, name, surname, date_of_birth, nationality, position, height) VALUES (695, 5, 695, 695, 'Nikola', 'Vučević', '1990-10-24'::DATE, 'Switzerland', 'Center', '6-10');
INSERT INTO contract_year (id_contract_year, id_contract, year, money, option) VALUES (1037, 695, '2023-24', 18518519, 'No Option');
INSERT INTO contract_year (id_contract_year, id_contract, year, money, option) VALUES (1038, 695, '2024-25', 20000000, 'No Option');
INSERT INTO contract_year (id_contract_year, id_contract, year, money, option) VALUES (1039, 695, '2025-26', 21481481, 'No Option');
INSERT INTO player_contract (id_contract, money, length) VALUES (696, NULL, NULL);
INSERT INTO player (id_player, id_team, id_contract, id_player_stats, name, surname, date_of_birth, nationality, position, height) VALUES (696, 6, 696, 696, 'Dean', 'Wade', '1996-11-20'::DATE, 'Kansas USA', 'Power Forward', '6-9');
INSERT INTO contract_year (id_contract_year, id_contract, year, money, option) VALUES (1040, 696, '2023-24', 5709877, 'No Option');
INSERT INTO contract_year (id_contract_year, id_contract, year, money, option) VALUES (1041, 696, '2024-25', 6166667, 'No Option');
INSERT INTO contract_year (id_contract_year, id_contract, year, money, option) VALUES (1042, 696, '2025-26', 6623456, 'No Option');
INSERT INTO player_contract (id_contract, money, length) VALUES (697, NULL, NULL);
INSERT INTO player (id_player, id_team, id_contract, id_player_stats, name, surname, date_of_birth, nationality, position, height) VALUES (697, 22, 697, 697, 'Franz', 'Wagner', '2001-08-27'::DATE, 'Germany', 'Small Forward', '6-10');
INSERT INTO contract_year (id_contract_year, id_contract, year, money, option) VALUES (1043, 697, '2023-24', 5508720, 'Team Option');
INSERT INTO contract_year (id_contract_year, id_contract, year, money, option) VALUES (1044, 697, '2024-25', 7007092, 'Team Option');
INSERT INTO player_contract (id_contract, money, length) VALUES (698, NULL, NULL);
INSERT INTO player (id_player, id_team, id_contract, id_player_stats, name, surname, date_of_birth, nationality, position, height) VALUES (698, 22, 698, 698, 'Moritz', 'Wagner', '1997-04-26'::DATE, 'Germany', 'Center', '6-11');
INSERT INTO contract_year (id_contract_year, id_contract, year, money, option) VALUES (1045, 698, '2023-24', 8000000, 'No Option');
INSERT INTO contract_year (id_contract_year, id_contract, year, money, option) VALUES (1046, 698, '2024-25', 8000000, 'Team Option');
INSERT INTO player_contract (id_contract, money, length) VALUES (699, NULL, NULL);
INSERT INTO player (id_player, id_team, id_contract, id_player_stats, name, surname, date_of_birth, nationality, position, height) VALUES (699, 25, 699, 699, 'Ish', 'Wainright', '1994-09-12'::DATE, 'Missouri USA', 'Small Forward and Power Forward', '6-6');
INSERT INTO contract_year (id_contract_year, id_contract, year, money, option) VALUES (1047, 699, '2023-24', 1927896, 'Team Option');
INSERT INTO player_contract (id_contract, money, length) VALUES (700, NULL, NULL);
INSERT INTO player (id_player, id_team, id_contract, id_player_stats, name, surname, date_of_birth, nationality, position, height) VALUES (700, 25, 700, 700, 'Jabari', 'Walker', '2002-07-30'::DATE, 'Kansas USA', 'Small Forward', '6-9');
INSERT INTO contract_year (id_contract_year, id_contract, year, money, option) VALUES (1048, 700, '2023-24', 1719864, 'No Option');
INSERT INTO contract_year (id_contract_year, id_contract, year, money, option) VALUES (1049, 700, '2024-25', 2019699, 'No Option');
INSERT INTO player_contract (id_contract, money, length) VALUES (701, NULL, NULL);
INSERT INTO player (id_player, id_team, id_contract, id_player_stats, name, surname, date_of_birth, nationality, position, height) VALUES (701, 12, 701, 701, 'Jarace', 'Walker', '2003-09-04'::DATE, 'Pennsylvania USA', 'Power Forward', '6-8');
INSERT INTO contract_year (id_contract_year, id_contract, year, money, option) VALUES (1050, 701, '2023-24', 6059520, 'No Option');
INSERT INTO contract_year (id_contract_year, id_contract, year, money, option) VALUES (1051, 701, '2024-25', 6362520, 'No Option');
INSERT INTO contract_year (id_contract_year, id_contract, year, money, option) VALUES (1052, 701, '2025-26', 6665520, 'Team Option');
INSERT INTO contract_year (id_contract_year, id_contract, year, money, option) VALUES (1053, 701, '2026-27', 8478542, 'Team Option');
INSERT INTO player_contract (id_contract, money, length) VALUES (702, NULL, NULL);
INSERT INTO player (id_player, id_team, id_contract, id_player_stats, name, surname, date_of_birth, nationality, position, height) VALUES (702, NULL, 702, 702, 'Kemba', 'Walker', '1990-05-08'::DATE, 'New York USA', 'Point Guard', '6-0');
INSERT INTO player_contract (id_contract, money, length) VALUES (703, NULL, NULL);
INSERT INTO player (id_player, id_team, id_contract, id_player_stats, name, surname, date_of_birth, nationality, position, height) VALUES (703, 3, 703, 703, 'Lonnie', 'Walker IV', '1998-12-14'::DATE, 'Pennsylvania USA', 'Shooting Guard', '6-4');
INSERT INTO contract_year (id_contract_year, id_contract, year, money, option) VALUES (1054, 703, '2023-24', 2019706, 'No Option');
INSERT INTO player_contract (id_contract, money, length) VALUES (704, NULL, NULL);
INSERT INTO player (id_player, id_team, id_contract, id_player_stats, name, surname, date_of_birth, nationality, position, height) VALUES (704, NULL, 704, 704, 'M.J.', 'Walker', '1998-03-28'::DATE, 'Georgia USA', 'Shooting Guard', '6-5');
INSERT INTO player_contract (id_contract, money, length) VALUES (705, NULL, NULL);
INSERT INTO player (id_player, id_team, id_contract, id_player_stats, name, surname, date_of_birth, nationality, position, height) VALUES (705, NULL, 705, 705, 'John', 'Wall', '1990-09-06'::DATE, 'North Carolina USA', 'Point Guard', '6-3');
INSERT INTO contract_year (id_contract_year, id_contract, year, money, option) VALUES (1055, 705, '2023-24', 6802950, 'No Option');
INSERT INTO player_contract (id_contract, money, length) VALUES (706, NULL, NULL);
INSERT INTO player (id_player, id_team, id_contract, id_player_stats, name, surname, date_of_birth, nationality, position, height) VALUES (706, 21, 706, 706, 'Cason', 'Wallace', '2003-11-07'::DATE, 'Texas USA', 'Shooting Guard', '6-4');
INSERT INTO contract_year (id_contract_year, id_contract, year, money, option) VALUES (1056, 706, '2023-24', 5291400, 'No Option');
INSERT INTO contract_year (id_contract_year, id_contract, year, money, option) VALUES (1057, 706, '2024-25', 5555880, 'No Option');
INSERT INTO contract_year (id_contract_year, id_contract, year, money, option) VALUES (1058, 706, '2025-26', 5820240, 'Team Option');
INSERT INTO contract_year (id_contract_year, id_contract, year, money, option) VALUES (1059, 706, '2026-27', 7420806, 'Team Option');
INSERT INTO player_contract (id_contract, money, length) VALUES (707, NULL, NULL);
INSERT INTO player (id_player, id_team, id_contract, id_player_stats, name, surname, date_of_birth, nationality, position, height) VALUES (707, NULL, 707, 707, 'T.J.', 'Warren', '1993-09-05'::DATE, 'North Carolina USA', 'Small Forward and Power Forward', '6-8');
INSERT INTO player_contract (id_contract, money, length) VALUES (708, NULL, NULL);
INSERT INTO player (id_player, id_team, id_contract, id_player_stats, name, surname, date_of_birth, nationality, position, height) VALUES (708, NULL, 708, 708, 'Duane', 'Washington Jr.', '2000-03-24'::DATE, 'Germany', 'Shooting Guard and Point Guard', '6-3');
INSERT INTO player_contract (id_contract, money, length) VALUES (709, NULL, NULL);
INSERT INTO player (id_player, id_team, id_contract, id_player_stats, name, surname, date_of_birth, nationality, position, height) VALUES (709, 4, 709, 709, 'P.J.', 'Washington', '1998-08-23'::DATE, 'Kentucky USA', 'Power Forward and Center', '6-7');
INSERT INTO contract_year (id_contract_year, id_contract, year, money, option) VALUES (1060, 709, '2023-24', 16847826, 'No Option');
INSERT INTO contract_year (id_contract_year, id_contract, year, money, option) VALUES (1061, 709, '2024-25', 15500000, 'No Option');
INSERT INTO contract_year (id_contract_year, id_contract, year, money, option) VALUES (1062, 709, '2025-26', 14152174, 'No Option');
INSERT INTO player_contract (id_contract, money, length) VALUES (710, NULL, NULL);
INSERT INTO player (id_player, id_team, id_contract, id_player_stats, name, surname, date_of_birth, nationality, position, height) VALUES (710, 17, 710, 710, 'TyTy', 'Washington Jr.', '2001-11-15'::DATE, 'Arizona USA', 'Point Guard', '6-3');
INSERT INTO contract_year (id_contract_year, id_contract, year, money, option) VALUES (1063, 710, '2023-24', 2320440, 'No Option');
INSERT INTO player_contract (id_contract, money, length) VALUES (711, NULL, NULL);
INSERT INTO player (id_player, id_team, id_contract, id_player_stats, name, surname, date_of_birth, nationality, position, height) VALUES (711, 24, 711, 711, 'Yuta', 'Watanabe', '1994-10-13'::DATE, 'Japan', 'Small Forward', '6-9');
INSERT INTO contract_year (id_contract_year, id_contract, year, money, option) VALUES (1064, 711, '2023-24', 2346614, 'No Option');
INSERT INTO contract_year (id_contract_year, id_contract, year, money, option) VALUES (1065, 711, '2024-25', 2654644, 'Player Option');
INSERT INTO player_contract (id_contract, money, length) VALUES (712, NULL, NULL);
INSERT INTO player (id_player, id_team, id_contract, id_player_stats, name, surname, date_of_birth, nationality, position, height) VALUES (712, 21, 712, 712, 'Lindy', 'Waters III', '1997-07-28'::DATE, 'Oklahoma USA', 'Shooting Guard', '6-6');
INSERT INTO player_contract (id_contract, money, length) VALUES (713, NULL, NULL);
INSERT INTO player (id_player, id_team, id_contract, id_player_stats, name, surname, date_of_birth, nationality, position, height) VALUES (713, NULL, 713, 713, 'Tremont', 'Waters', '1998-01-10'::DATE, 'Connecticut USA', 'Point Guard', '5-10');
INSERT INTO player_contract (id_contract, money, length) VALUES (714, NULL, NULL);
INSERT INTO player (id_player, id_team, id_contract, id_player_stats, name, surname, date_of_birth, nationality, position, height) VALUES (714, 3, 714, 714, 'Trendon', 'Watford', '2000-11-09'::DATE, 'Alabama USA', 'Power Forward and Small Forward', '6-9');
INSERT INTO contract_year (id_contract_year, id_contract, year, money, option) VALUES (1066, 714, '2023-24', 2019706, 'No Option');
INSERT INTO player_contract (id_contract, money, length) VALUES (715, NULL, NULL);
INSERT INTO player (id_player, id_team, id_contract, id_player_stats, name, surname, date_of_birth, nationality, position, height) VALUES (715, 8, 715, 715, 'Peyton', 'Watson', '2002-09-11'::DATE, 'California USA', 'Small Forward and Shooting Guard', '6-8');
INSERT INTO contract_year (id_contract_year, id_contract, year, money, option) VALUES (1067, 715, '2023-24', 2303520, 'No Option');
INSERT INTO contract_year (id_contract_year, id_contract, year, money, option) VALUES (1068, 715, '2024-25', 2413560, 'Team Option');
INSERT INTO contract_year (id_contract_year, id_contract, year, money, option) VALUES (1069, 715, '2025-26', 4356476, 'Team Option');
INSERT INTO player_contract (id_contract, money, length) VALUES (716, NULL, NULL);
INSERT INTO player (id_player, id_team, id_contract, id_player_stats, name, surname, date_of_birth, nationality, position, height) VALUES (716, NULL, 716, 716, 'Quinndary', 'Weatherspoon', '1996-09-10'::DATE, 'Mississippi USA', 'Shooting Guard', '6-3');
INSERT INTO player_contract (id_contract, money, length) VALUES (717, NULL, NULL);
INSERT INTO player (id_player, id_team, id_contract, id_player_stats, name, surname, date_of_birth, nationality, position, height) VALUES (717, NULL, 717, 717, 'Thomas', 'Welsh', '1996-02-03'::DATE, 'California USA', 'Center', '7-0');
INSERT INTO player_contract (id_contract, money, length) VALUES (718, NULL, NULL);
INSERT INTO player (id_player, id_team, id_contract, id_player_stats, name, surname, date_of_birth, nationality, position, height) VALUES (718, 27, 718, 718, 'Victor', 'Wembanyama', '2004-01-04'::DATE, 'France', 'Power Forward', '7-4');
INSERT INTO contract_year (id_contract_year, id_contract, year, money, option) VALUES (1070, 718, '2023-24', 12160680, 'No Option');
INSERT INTO contract_year (id_contract_year, id_contract, year, money, option) VALUES (1071, 718, '2024-25', 12768960, 'No Option');
INSERT INTO contract_year (id_contract_year, id_contract, year, money, option) VALUES (1072, 718, '2025-26', 13376880, 'Team Option');
INSERT INTO contract_year (id_contract_year, id_contract, year, money, option) VALUES (1073, 718, '2026-27', 16868246, 'Team Option');
INSERT INTO player_contract (id_contract, money, length) VALUES (719, NULL, NULL);
INSERT INTO player (id_player, id_team, id_contract, id_player_stats, name, surname, date_of_birth, nationality, position, height) VALUES (719, 27, 719, 719, 'Blake', 'Wesley', '2003-03-16'::DATE, 'Indiana USA', 'Shooting Guard', '6-5');
INSERT INTO contract_year (id_contract_year, id_contract, year, money, option) VALUES (1074, 719, '2023-24', 2504640, 'No Option');
INSERT INTO contract_year (id_contract_year, id_contract, year, money, option) VALUES (1075, 719, '2024-25', 2624280, 'Team Option');
INSERT INTO contract_year (id_contract_year, id_contract, year, money, option) VALUES (1076, 719, '2025-26', 4726328, 'Team Option');
INSERT INTO player_contract (id_contract, money, length) VALUES (720, NULL, NULL);
INSERT INTO player (id_player, id_team, id_contract, id_player_stats, name, surname, date_of_birth, nationality, position, height) VALUES (720, 13, 720, 720, 'Russell', 'Westbrook', '1988-11-12'::DATE, 'California USA', 'Point Guard', '6-4');
INSERT INTO contract_year (id_contract_year, id_contract, year, money, option) VALUES (1077, 720, '2023-24', 3835738, 'No Option');
INSERT INTO contract_year (id_contract_year, id_contract, year, money, option) VALUES (1078, 720, '2024-25', 4027525, 'No Option');
INSERT INTO player_contract (id_contract, money, length) VALUES (721, NULL, NULL);
INSERT INTO player (id_player, id_team, id_contract, id_player_stats, name, surname, date_of_birth, nationality, position, height) VALUES (721, 5, 721, 721, 'Coby', 'White', '2000-02-16'::DATE, 'North Carolina USA', 'Point Guard and Shooting Guard', '6-5');
INSERT INTO contract_year (id_contract_year, id_contract, year, money, option) VALUES (1079, 721, '2023-24', 11111111, 'No Option');
INSERT INTO contract_year (id_contract_year, id_contract, year, money, option) VALUES (1080, 721, '2024-25', 12000000, 'No Option');
INSERT INTO contract_year (id_contract_year, id_contract, year, money, option) VALUES (1081, 721, '2025-26', 12888889, 'No Option');
INSERT INTO player_contract (id_contract, money, length) VALUES (722, NULL, NULL);
INSERT INTO player (id_player, id_team, id_contract, id_player_stats, name, surname, date_of_birth, nationality, position, height) VALUES (722, 2, 722, 722, 'Derrick', 'White', '1994-07-02'::DATE, 'Colorado USA', 'Shooting Guard and Point Guard', '6-4');
INSERT INTO contract_year (id_contract_year, id_contract, year, money, option) VALUES (1082, 722, '2023-24', 18357143, 'No Option');
INSERT INTO contract_year (id_contract_year, id_contract, year, money, option) VALUES (1083, 722, '2024-25', 19571429, 'No Option');
INSERT INTO player_contract (id_contract, money, length) VALUES (723, NULL, NULL);
INSERT INTO player (id_player, id_team, id_contract, id_player_stats, name, surname, date_of_birth, nationality, position, height) VALUES (723, NULL, 723, 723, 'Jack', 'White', '1997-08-05'::DATE, 'Australia', 'Small Forward', '6-7');
INSERT INTO contract_year (id_contract_year, id_contract, year, money, option) VALUES (1084, 723, '2023-24', 600000, 'No Option');
INSERT INTO player_contract (id_contract, money, length) VALUES (724, NULL, NULL);
INSERT INTO player (id_player, id_team, id_contract, id_player_stats, name, surname, date_of_birth, nationality, position, height) VALUES (724, NULL, 724, 724, 'Okaro', 'White', '1992-08-13'::DATE, 'Florida USA', 'Power Forward and Small Forward', '6-8');
INSERT INTO player_contract (id_contract, money, length) VALUES (725, NULL, NULL);
INSERT INTO player (id_player, id_team, id_contract, id_player_stats, name, surname, date_of_birth, nationality, position, height) VALUES (725, 11, 725, 725, 'Cam', 'Whitmore', '2004-07-08'::DATE, 'Maryland USA', 'Small Forward', '6-7');
INSERT INTO contract_year (id_contract_year, id_contract, year, money, option) VALUES (1085, 725, '2023-24', 3218160, 'No Option');
INSERT INTO contract_year (id_contract_year, id_contract, year, money, option) VALUES (1086, 725, '2024-25', 3379080, 'No Option');
INSERT INTO contract_year (id_contract_year, id_contract, year, money, option) VALUES (1087, 725, '2025-26', 3539760, 'Team Option');
INSERT INTO contract_year (id_contract_year, id_contract, year, money, option) VALUES (1088, 725, '2026-27', 5458310, 'Team Option');
INSERT INTO player_contract (id_contract, money, length) VALUES (726, NULL, NULL);
INSERT INTO player (id_player, id_team, id_contract, id_player_stats, name, surname, date_of_birth, nationality, position, height) VALUES (726, NULL, 726, 726, 'Joe', 'Wieskamp', '1999-08-23'::DATE, 'Iowa USA', 'Small Forward and Shooting Guard', '6-6');
INSERT INTO player_contract (id_contract, money, length) VALUES (727, NULL, NULL);
INSERT INTO player (id_player, id_team, id_contract, id_player_stats, name, surname, date_of_birth, nationality, position, height) VALUES (727, 21, 727, 727, 'Aaron', 'Wiggins', '1999-01-02'::DATE, 'North Carolina USA', 'Shooting Guard', '6-6');
INSERT INTO contract_year (id_contract_year, id_contract, year, money, option) VALUES (1089, 727, '2023-24', 1836096, 'No Option');
INSERT INTO contract_year (id_contract_year, id_contract, year, money, option) VALUES (1090, 727, '2024-25', 1988598, 'Team Option');
INSERT INTO player_contract (id_contract, money, length) VALUES (728, NULL, NULL);
INSERT INTO player (id_player, id_team, id_contract, id_player_stats, name, surname, date_of_birth, nationality, position, height) VALUES (728, 10, 728, 728, 'Andrew', 'Wiggins', '1995-02-23'::DATE, 'Canada', 'Small Forward and Power Forward', '6-7');
INSERT INTO contract_year (id_contract_year, id_contract, year, money, option) VALUES (1091, 728, '2023-24', 24330357, 'No Option');
INSERT INTO contract_year (id_contract_year, id_contract, year, money, option) VALUES (1092, 728, '2024-25', 26276786, 'No Option');
INSERT INTO contract_year (id_contract_year, id_contract, year, money, option) VALUES (1093, 728, '2025-26', 28223215, 'No Option');
INSERT INTO contract_year (id_contract_year, id_contract, year, money, option) VALUES (1094, 728, '2026-27', 30169644, 'Player Option');
INSERT INTO player_contract (id_contract, money, length) VALUES (729, NULL, NULL);
INSERT INTO player (id_player, id_team, id_contract, id_player_stats, name, surname, date_of_birth, nationality, position, height) VALUES (729, 17, 729, 729, 'Lindell', 'Wigginton', '1998-03-28'::DATE, 'Canada', 'Point Guard', '6-2');
INSERT INTO player_contract (id_contract, money, length) VALUES (730, NULL, NULL);
INSERT INTO player (id_player, id_team, id_contract, id_player_stats, name, surname, date_of_birth, nationality, position, height) VALUES (730, NULL, 730, 730, 'Alondes', 'Williams', '1999-06-19'::DATE, 'Wisconsin USA', 'Shooting Guard', '6-4');
INSERT INTO player_contract (id_contract, money, length) VALUES (731, NULL, NULL);
INSERT INTO player (id_player, id_team, id_contract, id_player_stats, name, surname, date_of_birth, nationality, position, height) VALUES (731, NULL, 731, 731, 'Brandon', 'Williams', '1999-11-22'::DATE, 'California USA', 'Point Guard', '6-2');
INSERT INTO player_contract (id_contract, money, length) VALUES (732, NULL, NULL);
INSERT INTO player (id_player, id_team, id_contract, id_player_stats, name, surname, date_of_birth, nationality, position, height) VALUES (732, NULL, 732, 732, 'Donovan', 'Williams', '2001-09-06'::DATE, 'Texas USA', 'Shooting Guard', '6-6');
INSERT INTO player_contract (id_contract, money, length) VALUES (733, NULL, NULL);
INSERT INTO player (id_player, id_team, id_contract, id_player_stats, name, surname, date_of_birth, nationality, position, height) VALUES (733, 7, 733, 733, 'Grant', 'Williams', '1998-11-30'::DATE, 'Texas USA', 'Power Forward', '6-6');
INSERT INTO contract_year (id_contract_year, id_contract, year, money, option) VALUES (1095, 733, '2023-24', 12405000, 'No Option');
INSERT INTO contract_year (id_contract_year, id_contract, year, money, option) VALUES (1096, 733, '2024-25', 13025250, 'No Option');
INSERT INTO contract_year (id_contract_year, id_contract, year, money, option) VALUES (1097, 733, '2025-26', 13645500, 'No Option');
INSERT INTO contract_year (id_contract_year, id_contract, year, money, option) VALUES (1098, 733, '2026-27', 14265750, 'No Option');
INSERT INTO player_contract (id_contract, money, length) VALUES (734, NULL, NULL);
INSERT INTO player (id_player, id_team, id_contract, id_player_stats, name, surname, date_of_birth, nationality, position, height) VALUES (734, 21, 734, 734, 'Jalen', 'Williams', '2001-04-14'::DATE, 'Colorado USA', 'Power Forward and Shooting Guard', '6-5');
INSERT INTO contract_year (id_contract_year, id_contract, year, money, option) VALUES (1099, 734, '2023-24', 4558680, 'No Option');
INSERT INTO contract_year (id_contract_year, id_contract, year, money, option) VALUES (1100, 734, '2024-25', 4775760, 'Team Option');
INSERT INTO contract_year (id_contract_year, id_contract, year, money, option) VALUES (1101, 734, '2025-26', 6580997, 'Team Option');
INSERT INTO player_contract (id_contract, money, length) VALUES (735, NULL, NULL);
INSERT INTO player (id_player, id_team, id_contract, id_player_stats, name, surname, date_of_birth, nationality, position, height) VALUES (735, 21, 735, 735, 'Jaylin', 'Williams', '2002-06-29'::DATE, 'Arkansas USA', 'Center', '6-9');
INSERT INTO contract_year (id_contract_year, id_contract, year, money, option) VALUES (1102, 735, '2023-24', 2000000, 'No Option');
INSERT INTO contract_year (id_contract_year, id_contract, year, money, option) VALUES (1103, 735, '2024-25', 2019699, 'No Option');
INSERT INTO contract_year (id_contract_year, id_contract, year, money, option) VALUES (1104, 735, '2025-26', 2187451, 'No Option');
INSERT INTO player_contract (id_contract, money, length) VALUES (736, NULL, NULL);
INSERT INTO player (id_player, id_team, id_contract, id_player_stats, name, surname, date_of_birth, nationality, position, height) VALUES (736, 11, 736, 736, 'Jeenathan', 'Williams', '1999-02-12'::DATE, 'New York USA', 'Shooting Guard', '6-5');
INSERT INTO player_contract (id_contract, money, length) VALUES (737, NULL, NULL);
INSERT INTO player (id_player, id_team, id_contract, id_player_stats, name, surname, date_of_birth, nationality, position, height) VALUES (737, 21, 737, 737, 'Kenrich', 'Williams', '1994-12-02'::DATE, 'Texas USA', 'Power Forward and Small Forward', '6-6');
INSERT INTO contract_year (id_contract_year, id_contract, year, money, option) VALUES (1105, 737, '2023-24', 6175000, 'No Option');
INSERT INTO contract_year (id_contract_year, id_contract, year, money, option) VALUES (1106, 737, '2024-25', 6669000, 'No Option');
INSERT INTO contract_year (id_contract_year, id_contract, year, money, option) VALUES (1107, 737, '2025-26', 7163000, 'No Option');
INSERT INTO contract_year (id_contract_year, id_contract, year, money, option) VALUES (1108, 737, '2026-27', 7163000, 'Team Option');
INSERT INTO player_contract (id_contract, money, length) VALUES (738, NULL, NULL);
INSERT INTO player (id_player, id_team, id_contract, id_player_stats, name, surname, date_of_birth, nationality, position, height) VALUES (738, 4, 738, 738, 'Mark', 'Williams', '2001-12-16'::DATE, 'Virginia USA', 'Center', '7-0');
INSERT INTO contract_year (id_contract_year, id_contract, year, money, option) VALUES (1109, 738, '2023-24', 3908160, 'No Option');
INSERT INTO contract_year (id_contract_year, id_contract, year, money, option) VALUES (1110, 738, '2024-25', 4094280, 'Team Option');
INSERT INTO contract_year (id_contract_year, id_contract, year, money, option) VALUES (1111, 738, '2025-26', 6276531, 'Team Option');
INSERT INTO player_contract (id_contract, money, length) VALUES (739, NULL, NULL);
INSERT INTO player (id_player, id_team, id_contract, id_player_stats, name, surname, date_of_birth, nationality, position, height) VALUES (739, NULL, 739, 739, 'Patrick', 'Williams', '2001-08-26'::DATE, 'North Carolina USA', 'Power Forward', '6-7');
INSERT INTO contract_year (id_contract_year, id_contract, year, money, option) VALUES (1112, 739, '2023-24', 9835881, 'Team Option');
INSERT INTO player_contract (id_contract, money, length) VALUES (740, NULL, NULL);
INSERT INTO player (id_player, id_team, id_contract, id_player_stats, name, surname, date_of_birth, nationality, position, height) VALUES (740, 25, 740, 740, 'Robert', 'Williams', '1997-10-17'::DATE, 'Louisiana USA', 'Center', '6-9');
INSERT INTO contract_year (id_contract_year, id_contract, year, money, option) VALUES (1113, 740, '2023-24', 11571429, 'No Option');
INSERT INTO contract_year (id_contract_year, id_contract, year, money, option) VALUES (1114, 740, '2024-25', 12428571, 'No Option');
INSERT INTO contract_year (id_contract_year, id_contract, year, money, option) VALUES (1115, 740, '2025-26', 13285713, 'No Option');
INSERT INTO player_contract (id_contract, money, length) VALUES (741, NULL, NULL);
INSERT INTO player (id_player, id_team, id_contract, id_player_stats, name, surname, date_of_birth, nationality, position, height) VALUES (741, 15, 741, 741, 'Vince', 'Williams Jr.', '2000-08-30'::DATE, 'Ohio USA', 'Shooting Guard', '6-4');
INSERT INTO player_contract (id_contract, money, length) VALUES (742, NULL, NULL);
INSERT INTO player (id_player, id_team, id_contract, id_player_stats, name, surname, date_of_birth, nationality, position, height) VALUES (742, 15, 742, 742, 'Ziaire', 'Williams', '2001-09-12'::DATE, 'California USA', 'Small Forward', '6-9');
INSERT INTO contract_year (id_contract_year, id_contract, year, money, option) VALUES (1116, 742, '2023-24', 4810200, 'Team Option');
INSERT INTO contract_year (id_contract_year, id_contract, year, money, option) VALUES (1117, 742, '2024-25', 6133005, 'Team Option');
INSERT INTO player_contract (id_contract, money, length) VALUES (743, NULL, NULL);
INSERT INTO player (id_player, id_team, id_contract, id_player_stats, name, surname, date_of_birth, nationality, position, height) VALUES (743, 19, 743, 743, 'Zion', 'Williamson', '2000-07-06'::DATE, 'North Carolina USA', 'Power Forward', '6-6');
INSERT INTO contract_year (id_contract_year, id_contract, year, money, option) VALUES (1118, 743, '2023-24', 34005250, 'No Option');
INSERT INTO contract_year (id_contract_year, id_contract, year, money, option) VALUES (1119, 743, '2024-25', 36725670, 'No Option');
INSERT INTO contract_year (id_contract_year, id_contract, year, money, option) VALUES (1120, 743, '2025-26', 39446090, 'No Option');
INSERT INTO contract_year (id_contract_year, id_contract, year, money, option) VALUES (1121, 743, '2026-27', 42166510, 'No Option');
INSERT INTO contract_year (id_contract_year, id_contract, year, money, option) VALUES (1122, 743, '2027-28', 44886930, 'No Option');
INSERT INTO player_contract (id_contract, money, length) VALUES (744, NULL, NULL);
INSERT INTO player (id_player, id_team, id_contract, id_player_stats, name, surname, date_of_birth, nationality, position, height) VALUES (744, NULL, 744, 744, 'D.J.', 'Wilson', '1996-02-19'::DATE, 'California USA', 'Power Forward', '6-10');
INSERT INTO player_contract (id_contract, money, length) VALUES (745, NULL, NULL);
INSERT INTO player (id_player, id_team, id_contract, id_player_stats, name, surname, date_of_birth, nationality, position, height) VALUES (745, 3, 745, 745, 'Jalen', 'Wilson', '2000-11-04'::DATE, 'Texas USA', 'Power Forward', '6-8');
INSERT INTO player_contract (id_contract, money, length) VALUES (746, NULL, NULL);
INSERT INTO player (id_player, id_team, id_contract, id_player_stats, name, surname, date_of_birth, nationality, position, height) VALUES (746, 20, 746, 746, 'Dylan', 'Windler', '1996-09-22'::DATE, 'Indiana USA', 'Small Forward', '6-6');
INSERT INTO contract_year (id_contract_year, id_contract, year, money, option) VALUES (1123, 746, '2023-24', 2019706, 'No Option');
INSERT INTO player_contract (id_contract, money, length) VALUES (747, NULL, NULL);
INSERT INTO player (id_player, id_team, id_contract, id_player_stats, name, surname, date_of_birth, nationality, position, height) VALUES (747, NULL, 747, 747, 'Justise', 'Winslow', '1996-03-26'::DATE, 'Texas USA', 'Power Forward, Small Forward, and Shooting Guard', '6-6');
INSERT INTO player_contract (id_contract, money, length) VALUES (748, NULL, NULL);
INSERT INTO player (id_player, id_team, id_contract, id_player_stats, name, surname, date_of_birth, nationality, position, height) VALUES (748, NULL, 748, 748, 'Cassius', 'Winston', '1998-02-28'::DATE, 'Michigan USA', 'Point Guard', '6-1');
INSERT INTO player_contract (id_contract, money, length) VALUES (749, NULL, NULL);
INSERT INTO player (id_player, id_team, id_contract, id_player_stats, name, surname, date_of_birth, nationality, position, height) VALUES (749, 9, 749, 749, 'James', 'Wiseman', '2001-03-31'::DATE, 'Tennessee USA', 'Center', '7-0');
INSERT INTO contract_year (id_contract_year, id_contract, year, money, option) VALUES (1124, 749, '2023-24', 12119440, 'Team Option');
INSERT INTO player_contract (id_contract, money, length) VALUES (750, NULL, NULL);
INSERT INTO player (id_player, id_team, id_contract, id_player_stats, name, surname, date_of_birth, nationality, position, height) VALUES (750, 14, 750, 750, 'Christian', 'Wood', '1995-09-27'::DATE, 'California USA', 'Power Forward and Center', '6-8');
INSERT INTO contract_year (id_contract_year, id_contract, year, money, option) VALUES (1125, 750, '2023-24', 2709849, 'No Option');
INSERT INTO contract_year (id_contract_year, id_contract, year, money, option) VALUES (1126, 750, '2024-25', 3036040, 'Player Option');
INSERT INTO player_contract (id_contract, money, length) VALUES (751, NULL, NULL);
INSERT INTO player (id_player, id_team, id_contract, id_player_stats, name, surname, date_of_birth, nationality, position, height) VALUES (751, NULL, 751, 751, 'Robert', 'Woodard II', '1999-09-22'::DATE, 'Mississippi USA', 'Small Forward', '6-6');
INSERT INTO player_contract (id_contract, money, length) VALUES (752, NULL, NULL);
INSERT INTO player (id_player, id_team, id_contract, id_player_stats, name, surname, date_of_birth, nationality, position, height) VALUES (752, 30, 752, 752, 'Delon', 'Wright', '1992-04-26'::DATE, 'California USA', 'Point Guard and Shooting Guard', '6-5');
INSERT INTO contract_year (id_contract_year, id_contract, year, money, option) VALUES (1127, 752, '2023-24', 8195122, 'No Option');
INSERT INTO player_contract (id_contract, money, length) VALUES (753, NULL, NULL);
INSERT INTO player (id_player, id_team, id_contract, id_player_stats, name, surname, date_of_birth, nationality, position, height) VALUES (753, NULL, 753, 753, 'McKinley', 'Wright IV', '1998-10-25'::DATE, 'Minnesota USA', 'Point Guard', '6-0');
INSERT INTO player_contract (id_contract, money, length) VALUES (754, NULL, NULL);
INSERT INTO player (id_player, id_team, id_contract, id_player_stats, name, surname, date_of_birth, nationality, position, height) VALUES (754, NULL, 754, 754, 'Justin', 'Wright-Foreman', '1997-10-27'::DATE, 'New York USA', 'Point Guard', '6-0');
INSERT INTO player_contract (id_contract, money, length) VALUES (755, NULL, NULL);
INSERT INTO player (id_player, id_team, id_contract, id_player_stats, name, surname, date_of_birth, nationality, position, height) VALUES (755, NULL, 755, 755, 'Gabe', 'York', '1993-08-02'::DATE, 'California USA', 'Shooting Guard', '6-3');
INSERT INTO player_contract (id_contract, money, length) VALUES (756, NULL, NULL);
INSERT INTO player (id_player, id_team, id_contract, id_player_stats, name, surname, date_of_birth, nationality, position, height) VALUES (756, 28, 756, 756, 'Thaddeus', 'Young', '1988-06-21'::DATE, 'Louisiana USA', 'Power Forward', '6-8');
INSERT INTO contract_year (id_contract_year, id_contract, year, money, option) VALUES (1128, 756, '2023-24', 8000000, 'No Option');
INSERT INTO player_contract (id_contract, money, length) VALUES (757, NULL, NULL);
INSERT INTO player (id_player, id_team, id_contract, id_player_stats, name, surname, date_of_birth, nationality, position, height) VALUES (757, NULL, 757, 757, 'Trae', 'Young', '1998-09-19'::DATE, 'Texas USA', 'Point Guard', '6-1');
INSERT INTO contract_year (id_contract_year, id_contract, year, money, option) VALUES (1129, 757, '2023-24', 40064220, 'No Option');
INSERT INTO contract_year (id_contract_year, id_contract, year, money, option) VALUES (1130, 757, '2024-25', 43031940, 'No Option');
INSERT INTO contract_year (id_contract_year, id_contract, year, money, option) VALUES (1131, 757, '2025-26', 45999660, 'No Option');
INSERT INTO contract_year (id_contract_year, id_contract, year, money, option) VALUES (1132, 757, '2026-27', 48967380, 'No Option');
INSERT INTO player_contract (id_contract, money, length) VALUES (758, NULL, NULL);
INSERT INTO player (id_player, id_team, id_contract, id_player_stats, name, surname, date_of_birth, nationality, position, height) VALUES (758, 29, 758, 758, 'Omer', 'Yurtseven', '1998-06-19'::DATE, 'Turkey', 'Center', '7-0');
INSERT INTO contract_year (id_contract_year, id_contract, year, money, option) VALUES (1133, 758, '2023-24', 2800000, 'No Option');
INSERT INTO contract_year (id_contract_year, id_contract, year, money, option) VALUES (1134, 758, '2024-25', 2660000, 'No Option');
INSERT INTO player_contract (id_contract, money, length) VALUES (759, NULL, NULL);
INSERT INTO player (id_player, id_team, id_contract, id_player_stats, name, surname, date_of_birth, nationality, position, height) VALUES (759, 19, 759, 759, 'Cody', 'Zeller', '1992-10-05'::DATE, 'Indiana USA', 'Center', '6-11');
INSERT INTO contract_year (id_contract_year, id_contract, year, money, option) VALUES (1135, 759, '2023-24', 2019706, 'No Option');
INSERT INTO player_contract (id_contract, money, length) VALUES (760, NULL, NULL);
INSERT INTO player (id_player, id_team, id_contract, id_player_stats, name, surname, date_of_birth, nationality, position, height) VALUES (760, 13, 760, 760, 'Ivica', 'Zubac', '1997-03-18'::DATE, 'Bosnia and Herzegovina', 'Center', '7-0');
INSERT INTO contract_year (id_contract_year, id_contract, year, money, option) VALUES (0, 760, '2023-24', 10933333, 'No Option');
INSERT INTO contract_year (id_contract_year, id_contract, year, money, option) VALUES (1, 760, '2024-25', 11743210, 'No Option');
INSERT INTO player_contract (id_contract, money, length) VALUES (761, NULL, NULL);
INSERT INTO player (id_player, id_team, id_contract, id_player_stats, name, surname, date_of_birth, nationality, position, height) VALUES (761, 3, 761, 761, 'Harry', 'Giles', '1998-04-22'::DATE, 'North Carolina USA', 'Center and Power Forward', '6-11');
INSERT INTO contract_year (id_contract_year, id_contract, year, money, option) VALUES (2, 761, '2023-24', 2019706, 'No Option');
INSERT INTO player_contract (id_contract, money, length) VALUES (762, NULL, NULL);
INSERT INTO player (id_player, id_team, id_contract, id_player_stats, name, surname, date_of_birth, nationality, position, height) VALUES (762, 7, 762, 762, 'Dante', 'Exum', '1995-07-13'::DATE, 'Australia', 'Point Guard and Shooting Guard', '6-5');
INSERT INTO contract_year (id_contract_year, id_contract, year, money, option) VALUES (3, 762, '2023-24', 3000000, 'No Option');
INSERT INTO contract_year (id_contract_year, id_contract, year, money, option) VALUES (4, 762, '2024-25', 3150000, 'No Option');
INSERT INTO player_contract (id_contract, money, length) VALUES (763, NULL, NULL);
INSERT INTO player (id_player, id_team, id_contract, id_player_stats, name, surname, date_of_birth, nationality, position, height) VALUES (763, 12, 763, 763, 'Oscar', 'Tshiebwe', '1999-11-27'::DATE, 'Democratic Republic of the Congo', 'Power Forward', '6-9');
INSERT INTO player_contract (id_contract, money, length) VALUES (764, NULL, NULL);
INSERT INTO player (id_player, id_team, id_contract, id_player_stats, name, surname, date_of_birth, nationality, position, height) VALUES (764, 20, 764, 764, 'Jacob', 'Toppin', '2000-05-08'::DATE, 'New York USA', 'Small Forward', '6-9');
INSERT INTO player_contract (id_contract, money, length) VALUES (765, NULL, NULL);
INSERT INTO player (id_player, id_team, id_contract, id_player_stats, name, surname, date_of_birth, nationality, position, height) VALUES (765, 21, 765, 765, 'Vasilije', 'Micić', '1994-01-13'::DATE, 'Serbia', 'Point Guard', '6-5');
INSERT INTO contract_year (id_contract_year, id_contract, year, money, option) VALUES (5, 765, '2023-24', 7723000, 'No Option');
INSERT INTO contract_year (id_contract_year, id_contract, year, money, option) VALUES (6, 765, '2024-25', 7723000, 'No Option');
INSERT INTO contract_year (id_contract_year, id_contract, year, money, option) VALUES (7, 765, '2025-26', 8109150, 'No Option');
INSERT INTO player_contract (id_contract, money, length) VALUES (766, NULL, NULL);
INSERT INTO player (id_player, id_team, id_contract, id_player_stats, name, surname, date_of_birth, nationality, position, height) VALUES (766, 30, 766, 766, 'Jules', 'Bernard', '2000-01-21'::DATE, 'California USA', 'Shooting Guard', '6-7');
